iata,latitude,longitude
GKA,-6.081690,145.391998
MAG,-5.207080,145.789001
HGU,-5.826790,144.296005
LAE,-6.569803,146.725977
POM,-9.443380,147.220001
WWK,-3.583830,143.669006
UAK,61.160500,-45.425999
GOH,64.190903,-51.678101
SFJ,67.012222,-50.711603
THU,76.531197,-68.703201
AEY,65.660004,-18.072701
EGS,65.283302,-14.401400
HFN,64.295601,-15.227200
HZK,65.952301,-17.426001
IFJ,66.058098,-23.135300
KEF,63.985001,-22.605600
PFJ,65.555801,-23.965000
RKV,64.129997,-21.940599
SIJ,66.133301,-18.916700
VEY,63.424301,-20.278900
YAM,46.485001,-84.509399
YAY,51.391899,-56.083099
YAZ,49.079833,-125.775583
YBB,68.534401,-89.808098
YBC,49.132500,-68.204399
YBG,48.330601,-70.996399
YBK,64.298897,-96.077797
YBL,49.950802,-125.271004
YBR,49.910000,-99.951897
YCB,69.108101,-105.138000
YCD,49.054970,-123.869863
YCG,49.296398,-117.632004
YCH,47.007801,-65.449203
YCL,47.990799,-66.330299
YCO,67.816704,-115.143997
YCT,52.075001,-111.445000
YCW,49.152802,-121.939003
YCY,70.486099,-68.516701
YZS,64.193298,-83.359398
YDA,64.043098,-139.128006
YDB,61.371101,-139.041000
YDF,49.210800,-57.391399
YDL,58.422199,-130.031998
YDN,51.100800,-100.052002
YDQ,55.742298,-120.182999
YEG,53.309700,-113.580002
YEK,61.094200,-94.070801
YEN,49.210300,-102.966003
YET,53.578899,-116.464996
YEU,79.994698,-85.814201
YEV,68.304199,-133.483002
YFB,63.756402,-68.555801
YFC,45.868900,-66.537201
YFE,48.746101,-69.097198
YFO,54.678101,-101.681999
YFR,61.180801,-113.690002
YFS,61.760201,-121.237000
YGK,44.225300,-76.596901
YGL,53.625301,-77.704201
YGP,48.775299,-64.478600
YGQ,49.778301,-86.939400
YGR,47.424702,-61.778099
YHB,52.816700,-102.310997
YHD,49.831699,-92.744202
YHI,70.762802,-117.806000
YHK,68.635597,-95.849701
YHM,43.173599,-79.934998
YHU,45.517502,-73.416901
YHY,60.839699,-115.782997
YHZ,44.880798,-63.508598
YIB,48.773899,-91.638603
YIO,72.683296,-77.966698
YJN,45.294399,-73.281097
YJT,48.544201,-58.549999
YKA,50.702202,-120.444000
YKF,43.460800,-80.378601
YKL,54.805302,-66.805298
YKY,51.517502,-109.181000
YKZ,43.862202,-79.370003
YLD,47.820000,-83.346703
YLJ,54.125301,-108.523003
YLL,53.309200,-110.072998
YLT,82.517799,-62.280602
YLW,49.956100,-119.377998
YMA,63.616402,-135.867996
YMJ,50.330299,-105.558998
YMM,56.653301,-111.222000
YMO,51.291100,-80.607803
YMW,46.272800,-75.990601
YMX,45.679501,-74.038696
YNA,50.189999,-61.789200
YND,45.521702,-75.563599
YNM,49.761700,-77.802803
YOC,67.570602,-139.839005
YOD,54.404999,-110.278999
YOJ,58.621399,-117.165001
YOW,45.322498,-75.669197
YPA,53.214199,-105.672997
YPE,56.226898,-117.446999
YPG,49.903099,-98.273817
YPL,51.446400,-90.214203
YPN,49.836399,-64.288597
YPQ,44.230000,-78.363297
YPR,54.286098,-130.445007
YPY,58.767200,-111.116997
YQA,44.974701,-79.303299
YQB,46.791100,-71.393303
YQF,52.182201,-113.893997
YQG,42.275600,-82.955597
YQH,60.116402,-128.822006
YQK,49.788300,-94.363098
YQL,49.630299,-112.800003
YQM,46.112202,-64.678596
YQQ,49.710800,-124.887001
YQR,50.431900,-104.666000
YQT,48.371899,-89.323898
YQU,55.179699,-118.885002
YQV,51.264702,-102.461998
YQW,52.769199,-108.244003
YQX,48.936901,-54.568100
YQY,46.161400,-60.047798
YQZ,53.026100,-122.510002
YRB,74.716904,-94.969398
YRI,47.764400,-69.584702
YRJ,48.520000,-72.265602
YRM,52.429699,-114.903999
YRT,62.811401,-92.115799
YSB,46.625000,-80.798897
YSC,45.438599,-71.691399
YSJ,45.316101,-65.890297
YSM,60.020302,-111.961998
YSR,72.982201,-84.613602
YSU,46.440601,-63.833599
YSY,71.993896,-125.242996
YTE,64.230003,-76.526703
YTH,55.801102,-97.864197
YTR,44.118900,-77.528099
YTS,48.569698,-81.376701
YTZ,43.627499,-79.396202
YUB,69.433296,-133.026001
YUL,45.470600,-73.740799
YUT,66.521400,-86.224701
YUX,68.776100,-81.242500
YUY,48.206100,-78.835602
YVC,55.151402,-105.262001
YVG,53.355801,-110.823997
YVM,67.545799,-64.031403
YVO,48.053299,-77.782799
YVP,58.096100,-68.426903
YVQ,65.281601,-126.797997
YVR,49.193901,-123.183998
YVT,55.841900,-108.417999
YVV,44.745800,-81.107201
YWA,45.952202,-77.319199
YWG,49.910000,-97.239899
YWK,52.921902,-66.864403
YWL,52.183102,-122.054001
YWY,63.209400,-123.436996
YXC,49.610802,-115.781998
YXD,53.572498,-113.521004
YXE,52.170799,-106.699997
YXH,50.018902,-110.721001
YXJ,56.238098,-120.739998
YXL,50.113899,-91.905296
YXP,66.144997,-65.713600
YXR,47.697401,-79.847345
YXS,53.889400,-122.679001
YXT,54.468498,-128.576009
YXU,43.035599,-81.153900
YXX,49.025299,-122.361000
YXY,60.709599,-135.067001
YYB,46.363602,-79.422798
YYC,51.113899,-114.019997
YYD,54.824699,-127.182999
YYE,58.836399,-122.597000
YYF,49.463100,-119.601997
YYG,46.290001,-63.121101
YYH,69.546700,-93.576698
YYJ,48.646900,-123.426003
YYL,56.863899,-101.075996
YYN,50.291901,-107.691002
YYQ,58.739201,-94.065002
YYR,53.319199,-60.425800
YYT,47.618599,-52.751900
YYU,49.413898,-82.467499
YYW,50.290298,-88.909698
YYY,48.608601,-68.208099
YYZ,43.677200,-79.630600
YZD,43.742500,-79.465599
YZE,45.885300,-82.567802
YZF,62.462799,-114.440002
YZH,55.293098,-114.777000
YZP,53.254299,-131.813995
YZR,42.999401,-82.308899
YZT,50.680599,-127.366997
YZU,54.143902,-115.787003
YZV,50.223301,-66.265602
YZW,60.172798,-132.742996
YZX,44.984402,-64.916901
ZFA,62.207500,-133.376007
ZFM,67.407501,-134.860992
QLD,36.503601,2.814170
BUJ,35.332500,4.206390
BJA,36.712002,5.069920
ALG,36.691002,3.215410
DJG,24.292801,9.452440
VVZ,26.723499,8.622650
TMR,22.811501,5.451080
GJL,36.795101,5.873610
MZW,33.535900,-0.242353
AAE,36.822201,7.809174
CZL,36.276001,6.620390
TEE,35.431599,8.120720
HRM,32.930401,3.311540
TID,35.341099,1.463150
TIN,27.700399,-8.167100
CFK,36.212700,1.331770
TAF,35.542400,-0.532278
TLM,35.016701,-1.450000
ORN,35.623901,-0.621183
BFW,35.171799,-0.593275
MUW,35.207699,0.147142
AZR,27.837601,-0.186414
BSK,34.793301,5.738230
ELG,30.571301,2.859590
GHA,32.384102,3.794110
HME,31.673000,6.140440
INZ,27.250999,2.512020
TGR,33.067799,6.088670
LOO,33.764400,2.928340
TMX,29.237101,0.276033
OGX,31.917200,5.412780
IAM,28.051500,9.642910
COO,6.357230,2.384350
OUA,12.353200,-1.512420
BOY,11.160100,-4.330970
ACC,5.605190,-0.166786
TML,9.557190,-0.863214
NYI,7.361830,-2.328760
TKD,4.896060,-1.774760
ABJ,5.261390,-3.926290
BYK,7.738800,-5.073670
DJO,6.792810,-6.473190
HGO,9.387180,-5.556660
MJC,7.272070,-7.587360
SPY,4.746720,-6.660820
ASK,6.903170,-5.365580
ABV,9.006790,7.263170
AKR,7.246740,5.301010
BNI,6.316980,5.599500
CBQ,4.976020,8.347200
ENU,6.474270,7.561960
IBA,7.362460,3.978330
ILR,8.440210,4.493920
JOS,9.639830,8.869050
KAD,10.696000,7.320110
KAN,12.047600,8.524620
MIU,11.855300,13.080900
MDI,7.703880,8.613940
LOS,6.577370,3.321160
MXJ,9.652170,6.462260
PHC,5.015490,6.949590
SKO,12.916300,5.207190
YOL,9.257550,12.430400
ZAR,11.130200,7.685810
MFQ,13.502500,7.126750
NIM,13.481500,2.183610
THZ,14.875700,5.265360
AJY,16.966000,8.000110
ZND,13.779000,8.983760
MIR,35.758099,10.754700
TUN,36.851002,10.227200
GAF,34.422001,8.822500
GAE,33.876900,10.103300
DJE,33.875000,10.775500
EBM,31.704300,9.254620
SFA,34.717999,10.691000
TOE,33.939701,8.110560
LRL,9.767330,1.091250
LFW,6.165610,1.254510
ANR,51.189400,4.460280
BRU,50.901402,4.484440
CRL,50.459202,4.453820
KJK,50.817200,3.204720
LGG,50.637402,5.443220
OST,51.198898,2.862220
OBL,51.264702,4.753330
AOC,50.981945,12.506389
IES,51.293610,13.356111
REB,53.306389,12.752222
QXH,52.203609,13.156389
BBH,54.338253,12.710515
ZMG,52.073612,11.626389
CBU,51.889442,14.531944
SXF,52.380001,13.522500
DRS,51.132801,13.767200
ERF,50.979801,10.958100
FRA,50.033333,8.570556
FMO,52.134602,7.684830
HAM,53.630402,9.988230
THF,52.473000,13.403900
CGN,50.865898,7.142740
DUS,51.289501,6.766780
MUC,48.353802,11.786100
NUE,49.498699,11.078056
LEJ,51.423889,12.236389
SCN,49.214600,7.109510
STR,48.689899,9.221960
TXL,52.559700,13.287700
HAJ,52.461102,9.685080
BRE,53.047501,8.786670
QEF,49.959999,8.645833
HHN,49.948700,7.263890
MHG,49.473057,8.514167
EIB,50.991604,10.479730
SGE,50.707699,8.082970
XFW,53.535278,9.835556
KEL,54.379444,10.145278
LBC,53.805401,10.719200
ESS,51.402302,6.937330
BFE,51.964722,8.544444
MGL,51.230278,6.504444
PAD,51.614101,8.616320
DTM,51.518299,7.612240
AGB,48.425278,10.931667
OBF,48.081402,11.283100
RBM,48.900833,12.516667
FDH,47.671299,9.511490
SZW,53.426998,11.783400
BYU,49.985001,11.640000
URD,49.794167,11.133611
HOQ,50.288612,11.856389
ZQW,49.209400,7.400560
ZQL,47.973331,8.522222
BWE,52.319199,10.556100
KSF,51.417273,9.384967
BRV,53.506943,8.572778
EME,53.391109,7.227500
WVN,53.502220,8.052222
BMK,53.596390,6.709167
NRD,53.706944,7.230000
FLF,54.773335,9.378889
GWT,54.913200,8.340470
KDL,58.990799,22.830700
URE,58.229900,22.509501
EPU,58.418999,24.472799
TLL,59.413300,24.832800
TAY,58.307499,26.690399
ENF,68.362602,23.424299
KEV,61.856039,24.786686
HEM,60.254601,25.042801
HEL,60.317200,24.963301
HYV,60.654400,24.881100
KTQ,62.166100,30.073601
IVL,68.607300,27.405300
JOE,62.662899,29.607500
JYV,62.399502,25.678301
KAU,63.127102,23.051399
KEM,65.778702,24.582100
KAJ,64.285500,27.692400
KHJ,62.462502,22.393101
KOK,63.721199,23.143101
KAO,65.987602,29.239401
KTT,67.700996,24.846800
KUO,63.007099,27.797800
QLF,61.144199,25.693501
LPP,61.044601,28.144743
MHQ,60.122200,19.898199
MIK,61.686600,27.201799
OUL,64.930099,25.354601
POR,61.461700,21.799999
RVN,66.564796,25.830400
SVL,61.943100,28.945101
SOT,67.394997,26.619101
TMP,61.414101,23.604401
TKU,60.514099,22.262800
UTI,60.896400,26.938400
VAA,63.050701,21.762199
VRK,62.171101,27.868601
YLI,64.054722,24.725278
BFS,54.657501,-6.215830
ENK,54.398899,-7.651670
BHD,54.618099,-5.872500
LDY,55.042801,-7.161110
BHX,52.453899,-1.748030
CVT,52.369701,-1.479720
GLO,51.894199,-2.167220
GBA,51.668095,-2.056940
MAN,53.353699,-2.274950
NQY,50.440601,-4.995410
LYE,51.505100,-1.993430
YEO,51.009399,-2.638820
HAW,51.833099,-4.961110
CWL,51.396702,-3.343330
SWS,51.605301,-4.067830
BRS,51.382702,-2.719090
LPL,53.333599,-2.849720
LTN,51.874699,-0.368333
PLH,50.422798,-4.105830
BOH,50.779999,-1.842500
SOU,50.950298,-1.356800
QLA,51.187199,-1.033500
ACI,49.706104,-2.214720
GCI,49.435001,-2.601970
JER,49.207901,-2.195510
ESH,50.835602,-0.297222
BQH,51.330799,0.032500
LGW,51.148102,-0.190278
LCY,51.505299,0.055278
FAB,51.275799,-0.776333
BBS,51.323898,-0.847500
LHR,51.470600,-0.461941
SEN,51.571400,0.695556
LYX,50.956100,0.939167
MSE,51.342201,1.346110
CAX,54.937500,-2.809170
BLK,53.771702,-3.028610
HUY,53.574402,-0.350833
BWF,54.128611,-3.267500
LBA,53.865898,-1.660570
WRT,53.745098,-2.883060
CEG,53.178101,-2.977780
IOM,54.083302,-4.623890
NCL,55.037498,-1.691670
MME,54.509201,-1.429410
EMA,52.831100,-1.328060
KOI,58.957802,-2.905000
LSI,59.878899,-1.295560
WIC,58.458900,-3.093060
ABZ,57.201900,-2.197780
INV,57.542500,-4.047500
GLA,55.871899,-4.433060
EDI,55.950001,-3.372500
ILY,55.681900,-6.256670
PIK,55.509399,-4.586670
BEB,57.481098,-7.362780
SCS,60.432800,-1.296110
DND,56.452499,-3.025830
SYY,58.215599,-6.331110
TRE,56.499199,-6.869170
ADX,56.372898,-2.868440
LMO,57.705200,-3.339170
CBG,52.205002,0.175000
NWI,52.675800,1.282780
STN,51.884998,0.235000
EXT,50.734402,-3.413890
FZO,51.519402,-2.590830
OXF,51.836899,-1.320000
BEX,51.616402,-1.095830
LKZ,52.409302,0.561000
MHZ,52.361900,0.486406
QUY,52.357201,-0.107833
FFD,51.682201,-1.790030
BZZ,51.750000,-1.583620
ODH,51.234100,-0.942825
NHT,51.553001,-0.418167
QCY,53.092999,-0.166014
BEQ,52.342602,0.772939
SQZ,53.307800,-0.550833
HRT,54.048901,-1.252750
WTN,53.166199,-0.523811
KNF,52.648395,0.550692
MPN,-51.822800,-58.447201
AMS,52.308601,4.763890
MST,50.911701,5.770140
EIN,51.450100,5.374530
GRQ,53.119701,6.579440
GLZ,51.567402,4.931830
DHR,52.923401,4.780620
LEY,52.460300,5.527220
LWR,53.228600,5.760560
RTM,51.956902,4.437220
UTC,52.127300,5.276190
ENS,52.275833,6.889167
LID,52.166100,4.417940
WOE,51.449100,4.342030
ORK,51.841301,-8.491110
GWY,53.300201,-8.941590
DUB,53.421299,-6.270070
NOC,53.910301,-8.818490
KIR,52.180901,-9.523780
SNN,52.702000,-8.924820
SXL,54.280201,-8.599210
WAT,52.187199,-7.086960
AAR,56.299999,10.619000
BLL,55.740299,9.151780
CPH,55.617901,12.656000
EBJ,55.525902,8.553400
KRP,56.297501,9.124630
BYR,57.277199,11.000100
MRW,54.699299,11.440100
ODE,55.476700,10.330900
RKE,55.585602,12.131400
RNN,55.063301,14.759600
SGD,54.964401,9.791730
SKS,55.221048,9.267020
SQW,56.550201,9.172980
TED,57.068802,8.705220
FAE,62.063599,-7.277220
STA,55.990101,8.353910
AAL,57.092759,9.849243
LUX,49.623333,6.204444
AES,62.562500,6.119700
ANX,69.292503,16.144199
ALF,69.976097,23.371700
BNN,65.461098,12.217500
BOO,67.269203,14.365300
BGO,60.293400,5.218140
BJF,70.600502,29.691401
KRS,58.204201,8.085370
DLD,60.417301,8.518350
BDU,69.055801,18.540400
EVE,68.491302,16.678101
VDB,61.015598,9.288060
FRO,61.583599,5.024720
OSL,60.121000,11.050200
HAU,59.345299,5.208360
HAA,70.486702,22.139700
KSU,63.111801,7.824520
KKN,69.725800,29.891300
FAN,58.099499,6.626050
MOL,62.744701,7.262500
MJF,65.783997,13.214900
LKL,70.068802,24.973499
NTB,59.565701,9.212220
OLA,63.698898,9.604000
RRS,62.578400,11.342300
RYG,59.378817,10.785439
LYR,78.246101,15.465600
SKE,59.185001,9.566940
SRP,59.791901,5.340850
SSJ,65.956802,12.468900
TOS,69.683296,18.918900
TRF,59.186699,10.258600
TRD,63.457802,10.924000
SVG,58.876701,5.637780
GDN,54.377602,18.466200
KRK,50.077702,19.784800
KTW,50.474300,19.080000
POZ,52.421001,16.826300
RZE,50.110001,22.018999
SZZ,53.584702,14.902200
OSP,54.478901,17.107500
WAW,52.165699,20.967100
WRO,51.102699,16.885799
IEG,52.138500,15.798600
RNB,56.266701,15.265000
GOT,57.662800,12.279800
JKG,57.757599,14.068700
LDK,58.465500,13.174400
GSE,57.774700,11.870400
KVB,58.456402,13.972700
THN,58.318100,12.345000
KSK,59.345901,14.495900
MXX,60.957901,14.511400
NYO,58.788601,16.912201
KID,55.921700,14.085500
OSK,57.350498,16.497999
KLR,56.685501,16.287600
MMX,55.536305,13.376198
HAD,56.691101,12.820200
VXO,56.929100,14.728000
EVG,62.047798,14.422900
GEV,67.132401,20.814600
HUV,61.768101,17.080700
KRF,63.048599,17.768900
LYC,64.548302,18.716200
SDL,62.528099,17.443899
OER,63.408298,18.990000
KRN,67.821999,20.336800
SFT,64.624802,21.076900
UME,63.791801,20.282801
VHM,64.579102,16.833599
AJR,65.590302,19.281900
ORB,59.223701,15.038000
VST,59.589401,16.633600
LLA,65.543800,22.122000
ARN,59.651901,17.918600
BMA,59.354401,17.941700
BLE,60.422001,15.515200
HLF,57.525799,15.823300
GVX,60.593300,16.951401
LPI,58.406200,15.680500
NRK,58.586300,16.250601
EKT,59.351101,16.708401
VBY,57.662800,18.346201
SPM,49.972698,6.692500
RMS,49.436901,7.600280
GHF,49.648102,9.966490
ZCN,52.591202,10.022100
FRZ,51.114600,9.286000
ZNF,50.169201,8.961590
KZG,49.743099,10.200600
FCN,53.767700,8.658500
GKE,50.960800,6.042420
RLG,53.918201,12.278300
WBG,54.459301,9.516330
WIE,50.049801,8.325400
FEL,48.205555,11.266944
IGS,48.715698,11.534000
GUT,51.922798,8.306330
ALJ,-28.575001,16.533300
AGZ,-29.281799,18.813900
BIY,-32.897099,27.279100
BFN,-29.092699,26.302401
CPT,-33.964802,18.601700
DUR,-29.614444,31.119722
ELS,-33.035599,27.825899
FCB,-28.823099,27.908899
GCJ,-25.986300,28.140100
GRJ,-34.005600,22.378902
HRS,-28.235100,29.106199
HDS,-24.368601,31.048700
JNB,-26.139200,28.246000
KXE,-26.871099,26.718000
KIM,-28.802799,24.765200
KMH,-27.456699,23.411400
KLZ,-29.688400,17.094000
HLA,-25.938499,27.926100
SDB,-32.968899,18.160299
LAY,-28.581699,29.749701
MGH,-30.857401,30.343000
LLE,-25.430000,31.576700
MZQ,-27.626101,32.044300
NCS,-27.770599,29.976900
OVG,-34.554901,20.250700
OUH,-33.606998,22.188999
PLZ,-33.984901,25.617300
PBZ,-34.088160,23.328723
PHW,-23.937201,31.155399
JOH,-31.605900,29.519800
PZB,-29.649000,30.398701
NTY,-25.333799,27.173401
PTG,-23.845269,29.458615
PCF,-26.671000,27.081900
UTW,-31.920200,26.882200
RCB,-28.740999,32.092098
ROD,-33.812199,19.902800
SBU,-29.689301,17.939600
ZEC,-26.524099,29.170099
SIS,-27.648600,22.999300
SZK,-24.960899,31.588699
LTA,-23.824400,30.329300
ULD,-28.320601,31.416500
UTN,-28.399099,21.260201
UTT,-31.546363,28.673355
VRU,-26.982401,24.728800
VIR,-29.770599,31.058399
VRE,-31.641001,18.544800
PRY,-25.653900,28.224199
WKF,-25.830000,28.222500
FRW,-21.159599,27.474501
JWA,-24.602301,24.691000
BBK,-17.832899,25.162399
MUB,-19.972601,23.431101
GBE,-24.555201,25.918200
PKW,-22.058300,27.828800
BZV,-4.251700,15.253000
FTX,-0.531350,15.950100
OUE,1.615990,16.037901
PNR,-4.816030,11.886600
MTS,-26.528999,31.307501
BGF,4.398480,18.518801
BBT,4.221580,15.786400
BSG,1.905470,9.805680
SSG,3.755270,8.708720
ASI,-7.969600,-14.393700
MRU,-20.430201,57.683601
RRG,-19.757700,63.361000
NKW,-7.313270,72.411102
TKC,4.089190,9.360530
DLA,4.006080,9.719480
MVR,10.451400,14.257400
FOM,5.636920,10.750800
NGE,7.357010,13.559200
GOU,9.335890,13.370100
BFX,5.536920,10.354600
BPC,6.039240,10.122600
YAO,3.836040,11.523500
CGJ,-12.572800,27.893900
LVI,-17.821800,25.822701
LUN,-15.330800,28.452600
MFU,-13.258900,31.936600
MNR,-15.254500,23.162300
NLA,-12.998100,28.664900
KIW,-12.900500,28.149900
HAH,-11.533700,43.271900
NWA,-12.298100,43.766399
AJN,-12.131700,44.430302
DZA,-12.804700,45.281101
RUN,-20.887100,55.510300
ZSE,-21.320900,55.424999
TNR,-18.796900,47.478802
ZVA,-19.562799,45.450802
SMS,-17.093901,49.815800
TMM,-18.109501,49.392502
MOQ,-20.284700,44.317600
DIE,-12.349400,49.291698
WMR,-16.163900,49.773800
ZWA,-14.651700,49.620602
AMB,-13.188400,48.987999
ANM,-14.999400,50.320202
HVA,-14.629700,47.763802
MJN,-15.666842,46.351233
NOS,-13.312100,48.314800
BPY,-16.744530,44.482484
WMN,-15.436700,49.688301
SVB,-14.278600,50.174702
VOH,-13.375800,50.002800
WAI,-14.898800,47.993900
IVA,-13.484816,48.632702
FTU,-25.038099,46.956100
WFI,-21.441601,47.111698
RVA,-22.805300,47.820599
WVK,-22.119699,48.021702
MNJ,-21.201799,48.358299
MXM,-21.753901,43.375500
TLE,-23.383400,43.728500
SSY,-6.269900,14.247000
BUG,-12.609000,13.403700
CAB,-5.596990,12.188400
NOV,-12.808900,15.760500
SVP,-12.404600,16.947399
LAD,-8.858370,13.231200
MEG,-9.525090,16.312401
SPP,-14.657600,17.719801
GXG,-7.754510,15.287700
PBN,-10.722000,13.765500
VHC,-9.689070,20.431900
SZA,-6.141090,12.371800
SDD,-14.924700,13.575000
LUO,-11.768100,19.897699
UGO,-7.603070,15.027800
XGN,-16.755400,14.965300
OYE,1.543110,11.581400
OKN,-0.665214,13.673100
LBQ,-0.704389,10.245700
BMM,2.075640,11.493200
POG,-0.711739,8.754380
OMB,-1.574730,9.262690
MKU,0.579211,12.890900
LBV,0.458600,9.412280
MVB,-1.656160,13.438000
PCP,1.662940,7.411740
TMS,0.378175,6.712150
BEW,-19.796400,34.907600
INH,-23.876400,35.408501
VXC,-13.274000,35.266300
LFB,-15.033100,40.671700
MPM,-25.920799,32.572601
MUD,-11.672900,39.563099
MZB,-11.361800,40.354900
MNC,-14.488200,40.712200
APL,-15.105600,39.281799
POL,-12.991762,40.524014
UEL,-17.855499,36.869099
TET,-16.104799,33.640202
VNX,-22.018400,35.313301
DES,-5.696700,53.655800
SEZ,-4.674340,55.521801
PRI,-4.319290,55.691399
AEH,13.847000,20.844299
MQQ,8.624410,16.071400
NDJ,12.133700,15.034000
FYT,17.917101,19.111099
BUQ,-20.017401,28.617901
BFO,-21.008101,31.578600
VFA,-18.095900,25.839001
HRE,-17.931801,31.092800
KAB,-16.519800,28.885000
UTA,-18.997499,32.627201
MVZ,-20.055300,30.859100
GWE,-19.436399,29.861900
HWN,-18.629900,27.021000
BLZ,-15.679100,34.973999
KGJ,-9.953570,33.893002
KBQ,-13.014600,33.468601
LLW,-13.789400,33.780998
ZZU,-11.444700,34.011799
MSU,-29.462299,27.552500
FIH,-4.385750,15.444600
NLO,-4.326660,15.327500
MNB,-5.930860,12.351800
FDU,-3.311320,17.381701
KKW,-5.035770,18.785601
MDK,0.022600,18.288700
BDT,4.253210,20.975300
GMA,3.235370,19.771299
KLI,4.157640,21.650900
LIQ,2.170660,21.496901
FKI,0.481639,25.337999
IRP,2.827610,27.588301
BUX,1.565720,30.220800
BZU,2.818350,24.793699
BKY,-2.308980,28.808800
GOM,-1.670810,29.238501
KND,-2.919180,25.915400
FBM,-11.591300,27.530899
KWZ,-10.765900,25.505699
FMI,-5.875560,29.250000
KMN,-8.642020,25.252899
KGA,-5.900050,22.469200
MJM,-6.121240,23.569000
BKO,12.533500,-7.949940
GAQ,16.248400,-0.005456
KYS,14.481200,-11.404400
MZI,14.512800,-4.079560
TOM,16.730499,-3.007580
BJL,13.338000,-16.652201
FUE,28.452700,-13.863800
VDE,27.814800,-17.887100
SPC,28.626499,-17.755600
LPA,27.931900,-15.386600
ACE,28.945499,-13.605200
TFS,28.044500,-16.572500
TFN,28.482700,-16.341499
MLN,35.279800,-2.956260
FNA,8.616440,-13.195500
MLW,6.289060,-10.758700
ROB,6.233790,-10.362300
AGA,30.325001,-9.413070
TTA,28.448200,-11.161300
FEZ,33.927299,-4.977960
ERH,31.947500,-4.398330
MEK,33.879101,-5.515120
OUD,34.787201,-1.923990
GMD,33.655399,-7.221450
RBA,34.051498,-6.751520
CMN,33.367500,-7.589970
RAK,31.606899,-8.036300
NNA,34.298901,-6.595880
OZZ,30.939100,-6.909430
AHU,35.177101,-3.839520
TTU,35.594299,-5.320020
TNG,35.726898,-5.916890
ZIG,12.555600,-16.281799
CSK,12.395330,-16.748000
KLC,14.146900,-16.051300
DKR,14.739700,-17.490200
XLS,16.050800,-16.463200
BXE,14.847300,-12.468300
KGG,12.572300,-12.220300
TUD,13.736800,-13.653100
AEO,16.711300,-9.637880
TIY,18.570101,-11.423500
KFA,16.590000,-11.406200
EMN,16.622000,-7.316600
KED,16.159500,-13.507600
NKC,18.310000,-15.969722
SEY,15.179700,-12.207300
ATR,20.506800,-13.043200
NDB,20.933100,-17.030001
FIG,10.350600,-13.569200
FAA,10.035500,-10.769800
LEK,11.326100,-12.286800
SID,16.741400,-22.949400
BVC,16.136499,-22.888901
MMO,15.155900,-23.213699
SNE,16.588400,-24.284700
VXE,16.833200,-25.055300
ADD,8.977890,38.799301
AMH,6.039390,37.590500
AXU,14.146800,38.772800
BJR,11.608100,37.321602
DIR,9.624700,41.854198
GMB,8.128760,34.563099
GDQ,12.519900,37.433998
JIM,7.666090,36.816601
LLI,11.975000,38.980000
MQX,13.467400,39.533501
ASO,10.018500,34.586300
BJM,-3.324020,29.318501
HGA,9.518170,44.088799
BBO,10.389200,44.941101
KMU,-0.377353,42.459202
ALY,31.183901,29.948900
ABS,22.375999,31.611700
CAI,30.121901,31.405600
CWE,30.116400,30.915400
HRG,27.178301,33.799400
EGH,31.068559,34.129629
LXR,25.671000,32.706600
MUH,31.325399,27.221701
PSD,31.279400,32.240002
SKV,28.685301,34.062500
ASW,23.964399,32.820000
ELT,28.209000,33.645500
EDL,0.404458,35.238899
GGM,0.271342,34.787300
KIS,-0.086139,34.728901
KTL,0.971989,34.958599
LOK,3.121970,35.608700
LAU,-2.252420,40.913101
MBA,-4.034830,39.594200
WIL,-1.321720,36.814800
WJR,1.733240,40.091599
GHT,25.145599,10.142600
AKF,24.178699,23.313999
BEN,32.096802,20.269501
SEB,26.987000,14.472500
TIP,32.663502,13.159000
LMQ,30.378099,19.576401
HUQ,29.110100,15.965600
LTD,30.151699,9.715310
GYI,-1.677200,29.258900
KGL,-1.968630,30.139500
KME,-2.462240,28.907900
DOG,19.153900,30.430099
RSS,11.785900,34.336700
ELF,13.614900,25.324600
KSL,15.387500,36.328800
KDX,11.138000,29.701099
EBD,13.153200,30.232700
JUB,4.872010,31.601101
MAK,9.558970,31.652201
KRT,15.589500,32.553200
ARK,-3.367790,36.633301
DAR,-6.878110,39.202599
DOD,-6.170440,35.752602
IRI,-7.668630,35.752102
JRO,-3.429410,37.074501
LKY,-3.376310,35.818298
MYW,-10.339100,40.181801
MWZ,-2.444490,32.932701
PMA,-5.257260,39.811401
TGT,-5.092360,39.071201
ZNZ,-6.222020,39.224899
EBB,0.042386,32.443501
SRT,1.727690,33.622799
TIA,41.414700,19.720600
BOJ,42.569599,27.515200
GOZ,43.151402,25.712900
PDV,42.067799,24.850800
SOF,42.696693,23.411436
SZR,42.376667,25.655000
VAR,43.232101,27.825100
LCA,34.875099,33.624901
PFO,34.717999,32.485699
AKT,34.590401,32.987900
DBV,42.561401,18.268200
OSI,45.462700,18.810200
PUY,44.893501,13.922200
RJK,45.216900,14.570300
SPU,43.538898,16.298000
ZAG,45.742901,16.068800
ZAD,44.108299,15.346700
ABC,38.948502,-1.863520
ALC,38.282200,-0.558156
LEI,36.843899,-2.370100
OVD,43.563599,-6.034620
ODB,37.841999,-4.848880
BIO,43.301102,-2.910610
BCN,41.297100,2.078460
BJZ,38.891300,-6.821330
LCG,43.302101,-8.377260
GRO,41.901001,2.760550
GRX,37.188702,-3.777360
IBZ,38.872898,1.373120
XRY,36.744598,-6.060110
MJV,37.775002,-0.812389
MAD,40.471926,-3.562640
AGP,36.674900,-4.499110
MAH,39.862598,4.218650
OZP,37.174900,-5.615940
PNA,42.770000,-1.646330
REU,41.147400,1.167170
ROZ,36.645199,-6.349460
SLM,40.952099,-5.501990
EAS,43.356499,-1.790610
SCQ,42.896301,-8.415140
LEU,42.338600,1.409170
TOJ,40.496700,-3.445870
VLC,39.489300,-0.481625
VLL,41.706100,-4.851940
VIT,42.882801,-2.724470
VGO,42.231800,-8.626770
SDR,43.427101,-3.820010
ZAZ,41.666199,-1.041550
SVQ,37.417999,-5.893110
CQF,50.962101,1.954760
BYF,49.971500,2.697660
LTQ,50.517399,1.620590
XVS,50.325802,3.461260
AGF,44.174702,0.590556
BOD,44.828300,-0.715556
EGC,44.825298,0.518611
CNG,45.658298,-0.317500
PIS,46.587700,0.306666
MCU,46.222599,2.363960
LIG,45.862801,1.179440
NIT,46.313477,-0.394529
TLS,43.629101,1.363820
PUF,43.380001,-0.418611
LDE,43.178699,-0.006439
ANG,45.729198,0.221456
BVE,45.039722,1.485556
PGX,45.198101,0.815556
BIQ,43.468333,-1.531111
ZAO,44.351398,1.475280
LBI,43.913898,2.113060
DCM,43.556301,2.289180
RDZ,44.407902,2.482670
RYN,45.628101,-0.972500
XMW,44.025700,1.378040
RCO,45.887798,-0.983056
CMR,48.109901,7.359010
DLE,47.042686,5.435063
OBS,44.544203,4.372192
LPY,45.080700,3.762890
ETZ,48.982101,6.251320
BIA,42.552700,9.483730
CLY,42.524444,8.793056
FSC,41.500599,9.097780
AJA,41.923599,8.802920
PRP,41.660599,8.889750
SOZ,41.924400,9.406000
AUF,47.850201,3.497110
CMF,45.638100,5.880230
CFE,45.786701,3.169170
BOU,47.058102,2.370280
QNJ,46.192001,6.268390
LYS,45.725556,5.081111
SYT,46.412498,4.013260
RNE,46.058300,4.001390
NCY,45.930833,6.106389
GNB,45.362900,5.329370
VAF,44.921600,4.969900
VHY,46.169701,3.403740
AUR,44.891399,2.421940
CHR,46.860278,1.721111
LYN,45.727200,4.944270
CEQ,43.542000,6.953480
EBU,45.540600,4.296390
CCF,43.216000,2.306320
MRS,43.439272,5.221424
NCE,43.658401,7.215870
XOG,44.140499,4.866720
PGF,42.740398,2.870670
CTT,43.252499,5.785190
MPL,43.576199,3.963010
BZR,43.323502,3.353900
AVN,43.907299,4.901830
MEN,44.502102,3.532820
BVA,49.454399,2.112780
EVX,49.028702,1.219860
LEH,49.533901,0.088056
XAB,50.143501,1.831891
ORE,47.987801,1.760560
XCR,48.773333,4.206111
URO,49.384201,1.174800
TUF,47.432201,0.727606
CET,47.082100,-0.877064
LVA,48.031399,-0.742986
LBG,48.969398,2.441390
CSF,49.253502,2.519140
CDG,49.012798,2.550000
TNF,48.751900,2.106190
ORY,48.723333,2.379444
POX,49.096667,2.040833
VIY,48.774167,2.191667
NVS,47.002602,3.113330
XME,50.310501,4.033120
LIL,50.563332,3.086886
HZB,50.618401,2.642240
XCZ,49.783901,4.647080
BES,48.447899,-4.418540
CER,49.650101,-1.470280
DNR,48.587700,-2.079960
LBY,47.289398,-2.346390
GFR,48.883099,-1.564170
DOL,49.365299,0.154306
LRT,47.760601,-3.440000
EDM,46.701900,-1.378630
LDV,48.530300,-4.151640
CFR,49.173302,-0.450000
LME,47.948601,0.201667
RNS,48.069500,-1.734790
LAI,48.754398,-3.471660
UIP,47.974998,-4.167790
NTE,47.153198,-1.610730
SBK,48.537800,-2.854440
MXN,48.603199,-3.815780
VNE,47.723301,-2.718560
SNR,47.310556,-2.156667
BSL,47.590000,7.529167
DIJ,47.268902,5.090000
MZM,49.071701,6.131670
EPL,48.325001,6.069980
ENC,48.692101,6.230460
RHE,49.310001,4.050000
SXB,48.538300,7.628230
TLN,43.097301,6.146030
FNI,43.757401,4.416350
MQC,47.095501,-56.380299
FSP,46.762901,-56.173100
PYR,37.920700,21.292601
AGQ,38.602001,21.351200
AXD,40.855900,25.956301
VOL,39.219601,22.794300
JKH,38.343201,26.140600
IOA,39.696400,20.822500
HER,35.339699,25.180300
KSO,40.446301,21.282200
KIT,36.274300,23.017000
EFL,38.120098,20.500500
KLX,37.068298,22.025499
KGS,36.793301,27.091700
AOK,35.421398,27.146000
CFU,39.601898,19.911699
KSJ,35.421398,26.910000
KVA,40.913300,24.619200
KZI,40.286098,21.840799
LRS,37.184898,26.800301
LXS,39.917099,25.236300
LRA,39.650253,22.465500
JMK,37.435101,25.348101
MJT,39.056702,26.598301
PVK,38.925499,20.765301
RHO,36.405399,28.086201
GPA,38.151100,21.425600
CHQ,35.531700,24.149700
JSI,39.177101,23.503700
SMI,37.689999,26.911699
SPJ,36.973900,22.526300
JTR,36.399200,25.479300
JSH,35.216099,26.101299
SKU,38.967602,24.487200
SKG,40.519699,22.970900
ZTH,37.750900,20.884300
BUD,47.429760,19.261093
DEB,47.488899,21.615299
CRV,38.997200,17.080200
BRI,41.138901,16.760599
FOG,41.432899,15.535000
TAR,40.517502,17.403200
LCC,40.239201,18.133301
PSR,42.431702,14.181100
BDS,40.657600,17.947001
SUF,38.905399,16.242300
CTA,37.466801,15.066400
LMP,35.497898,12.618100
PNL,36.816502,11.968900
PMO,38.175999,13.091000
REG,38.071201,15.651600
TPS,37.911400,12.488000
NSY,37.401699,14.922400
AHO,40.632099,8.290770
DCI,39.354198,8.972480
CAG,39.251499,9.054280
OLB,40.898701,9.517630
TTB,39.918800,9.682980
MXP,45.630600,8.728110
BGY,45.673901,9.704170
TRN,45.200802,7.649630
ALL,44.050598,8.127430
GOA,44.413300,8.837500
LIN,45.445099,9.276740
PMF,44.824501,10.296400
CUF,44.547001,7.623220
AVB,46.031898,12.596503
BZO,46.460201,11.326400
BLQ,44.535400,11.288700
TSF,45.648399,12.194400
FRL,44.194801,12.070100
VBS,45.428902,10.330600
TRS,45.827499,13.472200
RMI,44.020302,12.611700
VIC,45.573399,11.529500
QPA,45.395802,11.847900
VRN,45.395699,10.888500
VCE,45.505299,12.351900
SAY,43.256302,11.255000
CIA,41.799400,12.594900
FCO,41.800278,12.238889
EBA,42.760300,10.239400
QLT,41.542400,12.909000
NAP,40.886002,14.290800
PSA,43.683899,10.392700
FLR,43.810001,11.205100
GRS,42.759701,11.071900
PEG,43.095901,12.513200
LJU,46.223701,14.457600
MBX,46.479900,15.686100
POW,45.473400,13.615000
UHE,49.029400,17.439699
KLV,50.202999,12.915000
OSR,49.696301,18.111099
PED,50.013401,15.738600
PRV,49.425800,17.404699
PRG,50.100800,14.260000
BRQ,49.151299,16.694401
VOD,50.216599,14.395800
TLV,32.011398,34.886700
BEV,31.287001,34.723000
ETH,29.561300,34.960098
EIY,30.621700,35.203300
HFA,32.809399,35.043098
RPN,32.980999,35.571899
MTZ,31.328199,35.388599
VTM,31.208300,35.012299
VDA,29.940300,34.935799
MIP,30.776100,34.666698
SDV,32.114700,34.782200
MLA,35.857498,14.477500
GRZ,46.991100,15.439600
INN,47.260201,11.344000
LNZ,48.233200,14.187500
SZG,47.793301,13.004300
VIE,48.110298,16.569700
AVR,38.883301,-9.030100
SMA,36.971401,-25.170601
BGC,41.857800,-6.707130
BYJ,38.078899,-7.932400
BGZ,41.587101,-8.445140
CAT,38.724998,-9.355230
FLW,39.455299,-31.131399
FAO,37.014400,-7.965910
GRW,39.092201,-28.029800
HOR,38.519901,-28.715900
TER,38.761799,-27.090799
QLR,39.828335,-8.887500
PDL,37.741199,-25.697901
PIX,38.554298,-28.441299
PRM,37.149300,-8.583960
OPO,41.248100,-8.681390
PXO,33.073399,-16.350000
LIS,38.781300,-9.135920
SJZ,38.665501,-28.175800
VRL,41.274300,-7.720470
VSE,40.725498,-7.888990
OMO,43.282902,17.845900
SJJ,43.824600,18.331499
ARW,46.176601,21.261999
BCM,46.521900,26.910299
BAY,47.658401,23.469999
BBU,44.503201,26.102100
CND,44.362202,28.488300
CLJ,46.785198,23.686199
CSB,45.419998,22.253300
CRA,44.318100,23.888599
IAS,47.178501,27.620600
OMR,47.025299,21.902500
OTP,44.571111,26.085000
SBZ,45.785599,24.091299
SUJ,47.703300,22.885700
SCV,47.687500,26.354099
TCE,45.062500,28.714300
TGM,46.467701,24.412500
TSR,45.809898,21.337900
GVA,46.238098,6.108950
SIR,46.219601,7.326760
EML,47.092444,8.305184
LUG,46.004299,8.910580
BRN,46.914101,7.497150
ZHI,47.181599,7.417190
ZRH,47.464699,8.549170
ACH,47.485001,9.560770
SMV,46.534100,9.884110
ESB,40.128101,32.995098
ANK,39.949799,32.688599
ADA,36.982201,35.280399
UAB,37.002102,35.425900
AFY,38.726398,30.601101
AYT,36.898701,30.800501
GZT,36.947201,37.478699
KYA,37.979000,32.561901
MZH,40.829399,35.521999
VAS,39.813801,36.903500
MLX,38.435299,38.091000
ASR,38.770401,35.495399
TJK,40.307430,36.367409
DNZ,37.785599,29.701300
ISL,40.976898,28.814600
BZI,39.619301,27.926001
BDM,40.318001,27.977699
ESK,39.784100,30.582100
ADB,38.292400,27.157000
IGL,38.513000,27.010099
KCO,40.735001,30.083300
DLM,36.713100,28.792500
BXN,37.140099,27.669701
EZS,38.606899,39.291401
DIY,37.893902,40.201000
ERC,39.710201,39.527000
ERZ,39.956501,41.170200
TZX,40.995098,39.789700
VAN,38.468201,43.332298
BAL,37.929001,41.116600
SXZ,37.978901,41.840401
BZY,47.843056,27.777222
KIV,46.927700,28.931000
OHD,41.180000,20.742300
SKP,41.961601,21.621401
GIB,36.151199,-5.349660
BEG,44.818401,20.309099
INI,43.337299,21.853701
TGD,42.359402,19.251900
PRN,42.572800,21.035801
TIV,42.404701,18.723301
BTS,48.170200,17.212700
KSC,48.663101,21.241100
PZY,48.625198,17.828400
SLD,48.637798,19.134100
TAT,49.073601,20.241100
NCA,21.917500,-71.939598
PLS,21.773600,-72.265900
XSC,21.515699,-71.528503
BRX,18.251499,-71.120399
CBJ,17.929001,-71.644798
LRM,18.450701,-68.911797
PUJ,18.567400,-68.363403
POP,19.757900,-70.570000
SDQ,18.429701,-69.668900
STI,19.406099,-70.604698
CBV,15.469000,-90.406700
GUA,14.583300,-90.527496
RER,14.521000,-91.697304
GSJ,13.936200,-90.835800
LCE,15.742500,-86.852997
SAP,15.452600,-87.923599
GJA,16.445400,-85.906601
RTB,16.316799,-86.523003
TEA,15.775900,-87.475800
TGU,14.060900,-87.217201
TJI,15.926800,-85.938202
OCJ,18.404200,-76.969002
KIN,17.935699,-76.787498
MBJ,18.503700,-77.913399
POT,18.198799,-76.534500
KTP,17.988600,-76.823799
ACA,16.757099,-99.753998
NTR,25.865601,-100.237000
AGU,21.705601,-102.318001
HUX,15.775300,-96.262604
CVJ,18.834801,-99.261299
ACN,29.332899,-101.098998
CME,18.653700,-91.799004
NCG,30.397400,-107.875000
CUL,24.764500,-107.474998
CTM,18.504700,-88.326797
CEN,27.392599,-109.833000
CPE,19.816799,-90.500298
CJS,31.636101,-106.429001
CUU,28.702900,-105.964996
CVM,23.703300,-98.956497
CZM,20.522400,-86.925598
DGO,24.124201,-104.528000
TPQ,21.419500,-104.843002
ESE,31.795300,-116.602997
GDL,20.521799,-103.310997
GYM,27.969000,-110.925003
TCN,18.497200,-97.419899
HMO,29.095900,-111.047997
CLQ,19.277000,-103.577002
ISJ,21.245001,-86.739998
SLW,25.549500,-100.929001
IZT,16.449301,-95.093697
LZC,18.001699,-102.221001
LMM,25.685200,-109.081001
BJX,20.993500,-101.481003
LAP,24.072701,-110.362000
LTO,25.989201,-111.348000
MAM,25.769899,-97.525299
MID,20.937000,-89.657700
MXL,32.630600,-115.241997
MLM,19.849899,-101.025002
MTT,18.103399,-94.580704
LOV,26.955700,-101.470001
MEX,19.436300,-99.072098
MTY,25.778500,-100.107002
MZT,23.161400,-106.265999
NOG,31.226101,-110.975998
NLD,27.443899,-99.570503
OAX,16.999901,-96.726601
PAZ,20.602699,-97.460800
PBC,19.158100,-98.371399
PPE,31.351987,-113.305177
PDS,28.627399,-100.535004
UPN,19.396700,-102.039001
PVR,20.680099,-105.253998
PXM,15.876900,-97.089103
QRO,20.617300,-100.185997
REX,26.008900,-98.228500
SJD,23.151800,-109.721001
SFH,30.930201,-114.808998
SLP,22.254299,-100.931000
TRC,25.568300,-103.411003
TGZ,16.563601,-93.022499
TIJ,32.541100,-116.970001
TAM,22.296400,-97.865898
TSL,22.038300,-98.806502
TLC,19.337099,-99.566002
TAP,14.794300,-92.370003
CUN,21.036501,-86.877098
VSA,17.997000,-92.817398
VER,19.145901,-96.187302
ZCL,22.897100,-102.686996
ZIH,17.601601,-101.460999
ZMM,20.045000,-102.276001
ZLO,19.144800,-104.558998
BEF,11.991000,-83.774101
MGA,12.141500,-86.168198
PUZ,14.047200,-83.386703
BOC,9.340850,-82.250801
CHX,9.458962,-82.515062
DAV,8.391000,-82.434998
BLB,8.914790,-79.599602
PAC,8.973340,-79.555603
SYP,8.085600,-80.945297
PTY,9.071360,-79.383499
BAI,9.163949,-83.330171
OTR,8.601560,-82.968597
JAP,9.981410,-84.772697
GLF,8.654010,-83.182198
GPL,10.217200,-83.796997
LIR,10.593300,-85.544403
LSL,11.035300,-84.706100
LIO,9.957960,-83.022003
NOB,9.976490,-85.653000
SJO,9.993860,-84.208801
PMZ,8.951030,-83.468597
XQP,9.443160,-84.129799
TOO,8.826110,-82.958900
SAL,13.440900,-89.055702
CYA,18.271099,-73.788300
CAP,19.733000,-72.194702
JAK,18.241100,-72.518501
PAP,18.580000,-72.292503
BCA,20.365299,-74.506203
BYM,20.396400,-76.621399
AVI,22.027100,-78.789597
CCC,22.461000,-78.328400
CFG,22.150000,-80.414200
CYO,21.616501,-81.545998
CMW,21.420300,-77.847504
SCU,19.969801,-75.835403
NBW,19.906500,-75.207100
GAO,20.085300,-75.158302
HAV,22.989201,-82.409103
HOG,20.785601,-76.315102
LCL,22.336100,-83.641899
MOA,20.653900,-74.922203
MZO,20.288099,-77.089203
GER,21.834700,-82.783798
UPB,23.032801,-82.579399
QPD,22.421400,-83.678398
SNU,22.492201,-79.943604
SZJ,21.642500,-82.955101
USS,21.970400,-79.442703
VRA,23.034401,-81.435303
VTU,20.987600,-76.935799
CYB,19.687000,-79.882797
GCM,19.292801,-81.357697
MAY,24.287701,-77.684601
ASD,24.697901,-77.795601
MHH,26.511400,-77.083503
SAQ,25.053801,-78.049004
AXP,22.441799,-73.970901
TCB,26.745300,-77.391296
CCZ,25.417101,-77.880898
GHC,25.738300,-77.840103
BIM,25.699900,-79.264702
GGT,23.562599,-75.877998
ELH,25.474899,-76.683502
GHB,25.284700,-76.331001
NMC,24.594299,-76.820198
RSD,24.895079,-76.176882
TYM,24.169100,-76.439102
FPO,26.558701,-78.695602
IGA,20.975000,-73.666901
LGI,23.179001,-75.093597
SML,23.582317,-75.268621
MYG,22.379499,-73.013494
NAS,25.039000,-77.466202
DCT,22.181801,-75.729500
RCY,23.684401,-74.836197
ZSA,24.063299,-74.524002
BZE,17.539101,-88.308197
AIT,-18.830900,-159.764008
RAR,-21.202700,-159.806000
NAN,-17.755400,177.442993
SUV,-18.043301,178.559006
TBU,-21.241199,-175.149994
VAV,-18.585300,-173.962006
TRW,1.381640,173.147003
TBF,-1.224470,174.776001
WLS,-13.238300,-176.199005
APW,-13.830000,-172.007996
PPG,-14.331000,-170.710007
RUR,-22.434099,-151.360992
TUB,-23.365400,-149.524002
AAA,-17.352600,-145.509995
FGU,-15.819900,-140.886993
TIH,-15.119600,-148.231003
REA,-18.465900,-136.440002
FAV,-16.054100,-145.656998
XMH,-14.436800,-146.070007
GMR,-23.079901,-134.889999
KKR,-15.663300,-146.884995
MKP,-16.583900,-143.658005
PKP,-14.809500,-138.813004
TKP,-14.709500,-145.246002
AXR,-15.248300,-146.617004
MVT,-14.868100,-148.716995
TKX,-14.455800,-145.024994
NHV,-8.795600,-140.229004
BOB,-16.444401,-151.751007
RGI,-14.954300,-147.660995
HUH,-16.687201,-151.022003
MOZ,-17.490000,-149.761993
HOI,-18.074800,-140.945999
MAU,-16.426500,-152.244003
RFP,-16.722900,-151.466003
VLI,-17.699301,168.320007
KNQ,-21.054300,164.837006
KOC,-20.546301,164.255997
LIF,-20.774799,167.240005
GEA,-22.258301,166.473007
MEE,-21.481701,168.037994
TOU,-20.790001,165.259003
UVE,-20.640600,166.572998
NOU,-22.014601,166.212997
AKL,-37.008099,174.792007
TUO,-38.739700,176.084000
AMZ,-37.029701,174.973007
CHC,-43.489399,172.531998
CHT,-43.810001,-176.457001
DUD,-45.928101,170.197998
GIS,-38.663300,177.977997
GTN,-43.906700,170.128006
HKK,-42.713600,170.985001
HLZ,-37.866699,175.332001
KKE,-35.262798,173.912003
KAT,-35.070000,173.285004
ALR,-45.211700,169.373001
MON,-43.764999,170.132996
TEU,-45.533100,167.649994
MRO,-40.973301,175.634003
NPL,-39.008598,174.179001
NSN,-41.298302,173.220993
IVC,-46.412399,168.313004
OHA,-40.206001,175.388000
OAM,-44.970001,171.082001
PMR,-40.320599,175.617004
PPQ,-40.904701,174.988998
ZQN,-45.021099,168.738998
ROT,-38.109200,176.317001
TRG,-37.671902,176.195999
TIU,-44.302799,171.225006
TWZ,-44.235001,170.117996
BHE,-41.518299,173.869995
WKA,-44.722198,169.246002
WHK,-37.920601,176.914001
WLG,-41.327202,174.804993
WIR,-39.006901,177.406998
WRE,-35.768299,174.365005
WSZ,-41.738098,171.580994
WAG,-39.962200,175.024994
HEA,34.209999,62.228298
JAA,34.399799,70.498596
KBL,34.565899,69.212303
KDH,31.505800,65.847801
MMZ,35.930801,64.760902
MZR,36.706902,67.209702
OAH,33.391300,62.261002
UND,36.665100,68.910797
BAH,26.270800,50.633598
AHB,18.240400,42.656601
HOF,25.285299,49.485199
ABT,20.296101,41.634300
BHH,19.984400,42.620899
DMM,26.471201,49.797901
DHA,26.265400,50.152000
GIZ,16.901100,42.585800
ELQ,26.302799,43.774399
URY,31.412413,37.278898
HAS,27.437901,41.686298
QJB,27.039000,49.405102
JED,21.679600,39.156502
KMC,27.900900,45.528198
MED,24.553400,39.705101
EAM,17.611401,44.419201
AQI,28.335199,46.125099
RAH,29.626400,43.490601
RUH,24.957600,46.698799
RAE,30.906601,41.138199
SHW,17.466900,47.121399
SLF,20.464701,45.619598
TUU,28.365400,36.618900
TIF,21.483001,40.543442
TUI,31.692188,38.731544
EJH,26.198601,36.476398
YNB,24.144199,38.063400
ABD,30.371099,48.228298
DEF,32.434399,48.397598
AKW,30.744400,49.677200
GCH,30.337601,50.827999
OMI,30.835199,49.534901
MRX,30.556200,49.151901
AWZ,31.337400,48.762001
AEU,25.875700,55.033001
BUZ,28.944799,50.834599
KIH,26.526199,53.980202
BDH,26.532000,54.824799
KHK,29.260300,50.323898
SXI,25.908899,54.539398
LVP,26.810301,53.356300
KSH,34.345901,47.158100
SDG,35.245899,47.009201
IFH,32.928902,51.561100
KKS,33.895302,51.577000
IFN,32.750801,51.861301
RAS,37.323333,49.617778
AJK,34.138100,49.847301
THR,35.689201,51.313400
GZW,36.240101,50.047100
BND,27.218300,56.377800
JYR,28.726900,57.670300
KER,30.274401,56.951099
HDR,27.158300,56.172501
SYJ,29.550900,55.672699
XBJ,32.898102,59.266102
CKT,36.501202,61.064899
RUD,36.425301,55.104198
TCX,33.667801,56.892700
KLM,37.383301,55.452000
RZR,36.909901,50.679600
FAZ,28.891800,53.723301
JAR,28.586700,53.579102
LFM,27.372700,53.188801
SYZ,29.539200,52.589802
KHY,38.427502,44.973598
TBZ,38.133900,46.235001
JWN,36.773701,48.359402
AZD,31.904900,54.276501
ACZ,31.098301,61.543900
ZBR,25.443300,60.382099
ZAH,29.475700,60.906200
IHR,27.236099,60.720001
AMM,31.722601,35.993198
ADJ,31.972700,35.991600
AQJ,29.611601,35.018101
OMF,32.356400,36.259201
KWI,29.226601,47.968899
BEY,33.820900,35.488400
KYE,34.589298,36.011299
AUH,24.433001,54.651100
AZI,24.428301,54.458099
DHF,24.248199,54.547699
DXB,25.252800,55.364399
FJR,25.112200,56.324001
RKT,25.613501,55.938801
SHJ,25.328600,55.517200
KHS,26.171000,56.240601
MSH,20.675400,58.890499
MCT,23.593300,58.284401
SLL,17.038700,54.091301
TTH,17.666000,54.024601
BHW,32.056099,72.948402
LYP,31.365000,72.994797
GWD,25.233299,62.329498
GIL,35.918800,74.333603
JAG,28.284201,68.449699
KHI,24.906500,67.160797
LHE,31.521601,74.403603
XJM,33.050098,73.638397
MFG,34.339001,73.508598
MWD,32.563099,71.570702
MJD,27.335199,68.143097
MUX,30.203199,71.419098
WNS,26.219400,68.390099
PJG,26.954500,64.132500
PSI,25.290501,63.345100
PEW,33.993900,71.514603
UET,30.251400,66.937798
RYK,28.383900,70.279602
RAZ,33.849701,73.798103
SKZ,27.722000,68.791702
SDT,34.813599,72.352798
SUL,28.645100,69.176903
BDN,24.841499,68.838402
WAF,32.304699,69.570396
PZH,31.358400,69.463600
BSR,30.549101,47.662102
ALP,36.180698,37.224400
DAM,33.411499,36.515598
DEZ,35.285400,40.175999
LTK,35.401100,35.948700
PMS,34.557400,38.316898
DIA,25.261101,51.565102
CIS,-2.768120,-171.710007
ROP,14.174300,145.242996
SPN,15.119000,145.729004
UAM,13.584000,144.929998
GUM,13.483400,144.796005
TIQ,14.999200,145.619003
MAJ,7.064760,171.272003
KWA,8.720120,167.731995
CXI,1.986160,-157.350006
MDY,28.201700,-177.380997
TKK,7.461870,151.843002
PNI,6.985100,158.209000
ROR,7.367310,134.544236
KSA,5.356980,162.957993
YAP,9.498910,138.082993
KNH,24.427900,118.359001
TTT,22.754999,121.101997
GNI,22.673901,121.466003
KHH,22.577101,120.349998
CYI,23.461800,120.392998
KYD,22.027000,121.535004
RMQ,24.264700,120.621002
TNN,22.950399,120.206001
HSZ,24.818001,120.939003
MZG,23.568701,119.627998
PIF,22.700199,120.482002
TSA,25.069401,121.552002
TPE,25.077700,121.233002
WOT,23.367373,119.502777
HUN,24.023100,121.617996
NRT,35.764702,140.386002
MMJ,36.166801,137.923004
IBR,36.181099,140.414993
MUS,24.289700,153.979004
IWO,24.784000,141.322998
SHM,33.662201,135.363998
OBO,42.733299,143.216995
CTS,42.775200,141.692001
HKD,41.770000,140.822006
MMB,43.880600,144.164001
SHB,43.577499,144.960007
WKJ,45.404202,141.800995
IKI,33.749001,129.785004
UBJ,33.930000,131.279007
TSJ,34.284901,129.330994
MBE,44.303902,143.404007
AKJ,43.670799,142.447006
OIR,42.071701,139.432999
RIS,45.242001,141.186005
KUM,30.385599,130.658997
FUJ,32.666302,128.832993
FUK,33.585899,130.451004
TNE,30.605101,130.990997
KOJ,31.803400,130.718994
KMI,31.877199,131.449005
OIT,33.479401,131.737000
KKJ,33.845901,131.035004
KMJ,32.837299,130.854996
NGS,32.916901,129.914001
ASJ,28.430599,129.712997
OKE,27.425501,128.701004
TKN,27.836399,128.880997
FKJ,36.142799,136.223999
QGU,35.394100,136.869995
KMQ,36.394600,136.406998
OKI,36.181099,133.324997
TOY,36.648300,137.188004
HIJ,34.436100,132.919006
OKJ,34.756901,133.854996
IZO,35.413601,132.889999
YGJ,35.492199,133.235992
KCZ,33.546101,133.669006
MYJ,33.827202,132.699997
ITM,34.785500,135.438004
TTJ,35.530102,134.167007
TKS,34.132801,134.606995
TAK,34.214199,134.016006
AOJ,40.734699,140.690994
GAJ,38.411900,140.371002
SDS,38.060200,138.414001
HHE,40.556400,141.466003
HNA,39.428600,141.134995
AXT,39.615601,140.218994
MSJ,40.703201,141.367996
SDJ,38.139702,140.917007
NJA,35.454601,139.449997
HAC,33.115002,139.785995
OIM,34.782001,139.360001
HND,35.552299,139.779999
OKO,35.748501,139.348007
KWJ,35.123173,126.805444
CHN,35.878080,127.119112
RSU,34.842300,127.616997
KAG,37.753601,128.943915
CJU,33.511299,126.492996
CHF,35.140248,128.696229
PUS,35.179501,128.938004
USN,35.593498,129.352005
SSN,37.444744,127.112718
OSN,37.090599,127.029999
GMP,37.558300,126.791000
SWU,37.239399,127.007004
KPO,35.987955,129.420383
TAE,35.896872,128.655310
YEC,36.630373,128.349710
OKA,26.195801,127.646004
DNA,26.355600,127.767998
ISG,24.396389,124.245000
UEO,26.363501,126.713997
MMD,25.846500,131.263000
MMY,24.782801,125.294998
KTD,25.944700,131.326996
SHI,24.826700,125.144997
TRA,24.653900,124.675003
RNJ,27.044001,128.401993
OGN,24.466900,122.977997
MNL,14.508600,121.019997
CBO,7.165240,124.209999
PAG,7.830731,123.461180
GES,6.058000,125.096001
ZAM,6.922420,122.059998
BAG,16.375099,120.620003
DTE,14.129200,122.980003
SJI,12.361500,121.046997
MBO,13.208100,120.605003
BQA,15.729309,121.500034
TAC,11.228035,125.027761
BCD,10.776400,123.014999
DGT,9.333710,123.300003
MPH,11.924500,121.954002
ILO,10.833017,122.493358
KLO,11.679400,122.375999
PPS,9.742120,118.759003
EUQ,10.766000,121.932999
COC,-31.296900,-57.996600
GHU,-33.010300,-58.613100
JNI,-34.545900,-60.930600
PRA,-31.794800,-60.480400
ROS,-32.903600,-60.785000
SFN,-31.711700,-60.811700
AEP,-34.559200,-58.415600
COR,-31.323601,-64.208000
FDO,-34.453200,-58.589600
LPG,-34.972200,-57.894700
EPA,-34.609900,-58.612600
HOS,-37.444698,-70.222504
GNR,-39.000702,-67.620499
MDZ,-32.831699,-68.792900
LGS,-35.493599,-69.574303
AFA,-34.588299,-68.403900
CTC,-28.595600,-65.751701
SDE,-27.765556,-64.309998
IRJ,-29.381599,-66.795799
TUC,-26.840900,-65.104897
UAQ,-31.571501,-68.418198
RCU,-33.085098,-64.261299
VDR,-31.945200,-65.146301
VME,-33.729900,-65.387398
LUQ,-33.273201,-66.356400
CNQ,-27.445500,-58.761900
RES,-27.450000,-59.056100
FMA,-26.212700,-58.228100
IGR,-25.737301,-54.473400
AOL,-29.689400,-57.152100
MCS,-30.271900,-57.640200
PSS,-27.385800,-55.970700
PRQ,-26.753611,-60.492222
SLA,-24.856001,-65.486198
JUJ,-24.392799,-65.097801
ORA,-23.152800,-64.329201
ELO,-26.397499,-54.574699
OYA,-29.105800,-59.218900
RCQ,-29.210300,-59.680000
UZU,-29.770600,-57.978900
EHL,-41.943199,-71.532303
CRD,-45.785300,-67.465500
EQS,-42.908001,-71.139503
REL,-43.210500,-65.270300
VDM,-40.869200,-63.000400
PMY,-42.759200,-65.102700
PUD,-47.735300,-65.904100
RGA,-53.777700,-67.749400
RGL,-51.608900,-69.312600
USH,-54.843300,-68.295800
ULA,-49.306800,-67.802600
PMQ,-46.537899,-70.978699
RZA,-50.016500,-68.579200
BHI,-38.725000,-62.169300
CSZ,-37.446098,-61.889301
OVR,-36.889999,-60.216599
GPO,-35.696201,-63.758301
OYO,-38.386900,-60.329700
MDQ,-37.934200,-57.573300
NQN,-38.949001,-68.155701
PEH,-35.844600,-61.857600
RSA,-36.588299,-64.275703
BRC,-41.151199,-71.157501
TDL,-37.237400,-59.227901
VLG,-37.235400,-57.029200
CUT,-38.939701,-69.264603
CPC,-40.075401,-71.137299
CDJ,-8.348350,-49.301498
AQA,-21.812000,-48.132999
AJU,-10.984000,-37.070301
AFL,-9.866389,-56.105000
ARU,-21.141300,-50.424702
BEL,-1.379250,-48.476299
BGX,-31.390499,-54.112202
PLU,-19.851200,-43.950600
BFH,-25.405100,-49.231998
BSB,-15.869167,-47.920834
BAU,-22.344999,-49.053799
BVB,2.841389,-60.692223
BPG,-15.861300,-52.388901
CAC,-25.000299,-53.500801
CNF,-19.624443,-43.971943
CGR,-20.468700,-54.672501
XAP,-27.134199,-52.656601
CLN,-7.320440,-47.458698
CCM,-28.724443,-49.421391
CAW,-21.698299,-41.301701
CMG,-19.011944,-57.671391
CWB,-25.528500,-49.175800
CRQ,-17.652300,-39.253101
CXJ,-29.197100,-51.187500
CGB,-15.652900,-56.116699
CZS,-7.599910,-72.769501
PPB,-22.175100,-51.424599
MAO,-3.038610,-60.049702
JCR,-6.233160,-57.776901
IGU,-25.600279,-54.485001
FLN,-27.670279,-48.552502
FEN,-3.854930,-32.423302
FOR,-3.776280,-38.532600
GIG,-22.809999,-43.250557
GJM,-10.786400,-65.284798
GYN,-16.632000,-49.220699
GRU,-23.435556,-46.473057
GUJ,-22.791599,-45.204800
ATM,-3.253910,-52.254002
ITA,-3.127260,-58.481201
ITB,-4.242340,-56.000702
IOS,-14.816000,-39.033199
IPN,-19.470699,-42.487598
ITR,-18.444700,-49.213402
IMP,-5.531290,-47.459999
JDF,-21.791500,-43.386799
JPA,-7.145833,-34.948612
JOI,-26.224501,-48.797401
CPV,-7.269920,-35.896400
VCP,-23.007401,-47.134499
LAJ,-27.782101,-50.281502
LIP,-21.664000,-49.730499
LDB,-23.333599,-51.130100
LAZ,-13.262100,-43.408100
MAB,-5.368590,-49.138000
MEU,-0.889839,-52.602200
MGF,-23.479445,-52.012222
MOC,-16.706900,-43.818901
PLL,-3.146040,-59.986301
MCZ,-9.510810,-35.791698
MCP,0.050664,-51.072201
MVF,-5.201920,-37.364300
MNX,-5.811380,-61.278301
NVT,-26.879999,-48.651402
GEL,-28.281700,-54.169102
NAT,-5.768056,-35.376111
OYK,3.855490,-51.796902
POA,-29.994400,-51.171398
PHB,-2.893750,-41.731998
POO,-21.843000,-46.567902
PFB,-28.243999,-52.326599
PET,-31.718399,-52.327702
PNZ,-9.362410,-40.569099
PNB,-10.719400,-48.399700
PMG,-22.549601,-55.702599
PVH,-8.709290,-63.902302
RBR,-9.868889,-67.898056
REC,-8.126490,-34.923599
SDU,-22.910500,-43.163101
RAO,-21.136389,-47.776669
SNZ,-22.932400,-43.719101
SJK,-23.229200,-45.861500
SLZ,-2.585360,-44.234100
CGH,-23.626110,-46.656387
SJP,-20.816601,-49.406502
SSZ,-23.928057,-46.299721
SSA,-12.908611,-38.322498
TMT,-1.489600,-56.396801
THE,-5.059940,-42.823502
TFF,-3.382940,-64.724098
TRQ,-8.155260,-70.783302
TEC,-24.317801,-50.651600
TBT,-4.255670,-69.935799
TUR,-3.786010,-49.720299
SJL,-0.148350,-66.985500
PAV,-9.400880,-38.250599
URG,-29.782200,-57.038200
UDI,-18.883612,-48.225277
UBA,-19.764723,-47.966110
VAG,-21.590099,-45.473301
BVH,-12.694400,-60.098301
VIX,-20.258057,-40.286388
QPS,-21.984600,-47.334801
ARI,-18.348499,-70.338699
BBA,-45.916100,-71.689499
CCH,-46.583302,-71.687401
CJC,-22.498199,-68.903603
YAI,-36.582500,-72.031403
PUQ,-53.002602,-70.854599
GXQ,-45.594200,-72.106102
IQQ,-20.535200,-70.181297
SCL,-33.393002,-70.785797
ANF,-23.444501,-70.445099
WPR,-53.253700,-70.319199
FFU,-43.189201,-71.851097
LSQ,-37.401699,-72.425400
WPU,-54.931099,-67.626297
CCP,-36.772701,-73.063103
IPC,-27.164801,-109.421997
ZOS,-40.611198,-73.060997
VLR,-28.596399,-70.755997
QRC,-34.173698,-70.775703
TNM,-62.190800,-58.986698
LSC,-29.916201,-71.199501
PZS,-38.766800,-72.637100
PMC,-41.438900,-73.094002
WCH,-42.932800,-72.699097
ZAL,-39.650002,-73.086098
ATF,-1.212070,-78.574600
OCC,-0.462886,-76.986801
CUE,-2.889470,-78.984398
GPS,-0.453758,-90.265900
GYE,-2.157420,-79.883598
LTX,-0.906833,-78.615799
MRR,-4.378230,-79.941002
XMS,-2.299170,-78.120796
MCH,-3.268900,-79.961601
MEC,-0.946078,-80.678802
PVO,-1.041650,-80.472198
UIO,-0.129167,-78.357500
ETR,-3.441986,-79.996957
SNC,-2.204990,-80.988899
TPC,-0.122956,-76.337799
TUA,0.809506,-77.708099
ASU,-25.240000,-57.520000
AYO,-27.370554,-56.854064
CIO,-23.442363,-57.427253
ESG,-22.049999,-60.619999
PIL,-26.881224,-58.318026
AXM,4.452780,-75.766400
PUU,0.505228,-76.500800
ELB,9.045540,-73.974900
BGA,7.126500,-73.184800
BOG,4.701590,-74.146900
BAQ,10.889600,-74.780800
BSC,6.202920,-77.394700
BUN,3.819630,-76.989800
CUC,7.927570,-72.511500
CTG,10.442400,-75.513000
CLO,3.543220,-76.381600
TCO,1.814420,-78.749200
CZU,9.332740,-75.285600
EJA,7.024330,-73.806800
FLA,1.589190,-75.564400
GIR,4.276240,-74.796700
GPI,2.570130,-77.898600
IBE,4.421610,-75.133300
IPI,0.861925,-77.671800
APO,7.811960,-76.716400
MCJ,11.232500,-72.490100
LET,-4.193550,-69.943200
EOH,6.220549,-75.590582
MGN,9.284740,-74.846100
MTR,8.823740,-75.825800
MVP,1.253660,-70.233900
MZL,5.029600,-75.464700
NVA,2.950150,-75.294000
OCV,8.315060,-73.358300
OTU,7.010370,-74.715500
PCR,6.184720,-67.493200
PEI,4.812670,-75.739500
PTX,1.857770,-76.085700
PPN,2.454400,-76.609300
PSO,1.396250,-77.291500
PVA,13.356900,-81.358300
MQU,5.212560,-74.883600
MDE,6.164540,-75.423100
RCH,11.526200,-72.926000
SJE,2.579690,-72.639400
SMR,11.119600,-74.230600
ADZ,12.583600,-81.711200
SVI,2.152170,-74.766300
TME,6.451080,-71.760300
AUC,7.068880,-70.736900
UIB,5.690760,-76.641200
ULQ,4.088360,-76.235100
VUP,10.435000,-73.249500
VVC,4.167870,-73.613800
BJO,-22.773300,-64.312897
CBB,-17.421101,-66.177101
CCA,-16.976834,-65.145568
CIJ,-11.040400,-68.782997
LPB,-16.513300,-68.192299
ORU,-17.962601,-67.076202
POI,-19.543100,-65.723701
PSZ,-18.975301,-57.820599
SBL,-13.762200,-65.435204
SRE,-19.007099,-65.288696
TJA,-21.555700,-64.701302
TDD,-14.818700,-64.917999
VLM,-21.255199,-63.405602
VVI,-17.644800,-63.135399
BYC,-21.960899,-63.651699
PBM,5.452830,-55.187801
CAY,4.819810,-52.360401
OYP,3.897600,-51.804100
AOP,-2.796130,-76.466599
IBP,-11.411600,-69.488701
PCL,-8.377940,-74.574303
CHM,-9.149610,-78.523804
CIX,-6.787480,-79.828102
AYP,-13.154800,-74.204399
ANS,-13.706400,-73.350403
ATA,-9.347440,-77.598396
LIM,-12.021900,-77.114305
JJI,-7.169100,-76.728600
JAU,-11.783100,-75.473396
JUL,-15.467100,-70.158203
ILQ,-17.695000,-71.344002
TBP,-3.552530,-80.381401
YMS,-5.893770,-76.118202
CHH,-6.201810,-77.856102
IQT,-3.784740,-73.308800
AQP,-16.341101,-71.583099
TRU,-8.081410,-79.108803
PIO,-13.744900,-76.220299
TPP,-6.508740,-76.373199
TCQ,-18.053301,-70.275803
PEM,-12.613600,-69.228600
PIU,-5.205750,-80.616402
TYL,-4.576640,-81.254097
CUZ,-13.535700,-71.938797
DZO,-33.358898,-56.499199
MVD,-34.838402,-56.030800
STY,-31.438499,-57.985298
AGV,9.553375,-69.237869
AAO,9.430225,-64.470726
BLA,10.111111,-64.692222
BNS,8.615000,-70.214167
BRM,10.042747,-69.358620
CBL,8.122161,-63.536957
CXA,7.625510,-66.162804
CLZ,8.924656,-67.417091
CAJ,6.231989,-62.854431
VCR,10.175603,-70.065216
CUP,10.660014,-63.261681
CZE,11.414944,-69.680901
CUM,10.450333,-64.130470
EOR,6.733333,-61.583332
EOZ,7.083333,-69.533333
GDO,7.233333,-70.800003
GUI,10.574078,-62.312668
GUQ,9.026944,-69.755150
HGE,10.462474,-66.092779
ICC,10.794432,-63.981590
LSP,11.780775,-70.151497
LFR,8.239167,-72.271027
MAR,10.558208,-71.727859
MRD,8.582078,-71.161041
PMV,10.912603,-63.966599
CCS,10.601194,-66.991222
MUN,9.754530,-63.147400
PYH,5.619990,-67.606102
PBL,10.480500,-68.072998
SCI,7.801320,-72.202904
PZO,8.288530,-62.760399
PTM,7.566670,-70.183296
SVZ,7.840830,-72.439697
SBB,7.803514,-71.165718
SNV,4.555000,-61.150002
STD,7.565380,-72.035103
SNF,10.278700,-68.755203
SFD,7.883320,-67.444000
SOM,8.945147,-64.151085
STB,8.974550,-71.943253
TUV,9.088994,-62.094173
TMO,7.249380,-61.528930
VLN,10.149733,-67.928398
VLV,9.340478,-70.584061
VDP,9.222028,-65.993584
LTM,3.372760,-59.789398
ANU,17.136700,-61.792702
BGI,13.074600,-59.492500
DCF,15.336700,-61.392200
DOM,15.547000,-61.299999
FDF,14.591000,-61.003201
SFG,18.099899,-63.047199
PTP,16.265301,-61.531799
GND,12.004200,-61.786201
STT,18.337299,-64.973396
STX,17.701900,-64.798599
BQN,18.494900,-67.129402
FAJ,18.308901,-65.661903
SIG,18.456800,-66.098099
MAZ,18.255699,-67.148499
PSE,18.008301,-66.563004
SJU,18.439400,-66.001801
SKB,17.311199,-62.718700
SLU,14.020200,-60.992901
UVF,13.733200,-60.952599
AUA,12.501400,-70.015198
BON,12.131000,-68.268501
CUR,12.188900,-68.959801
EUX,17.496500,-62.979401
SXM,18.041000,-63.108898
AXA,18.204800,-63.055099
TAB,11.149700,-60.832199
POS,10.595400,-61.337200
EIS,18.444799,-64.542999
CIW,12.699000,-61.342400
MQS,12.887900,-61.180199
SVD,13.156695,-61.149945
ALA,43.352100,77.040497
BXH,46.893299,75.004997
TSE,51.022202,71.466904
DMB,42.853600,71.303596
FRU,43.061298,74.477600
OSS,40.609001,72.793297
CIT,42.364201,69.478897
URA,51.150799,51.543098
PWQ,52.195000,77.073898
PLX,50.351295,80.234398
AKX,50.245800,57.206699
GYD,40.467499,50.046700
YKS,62.093300,129.770996
MJZ,62.534698,114.039001
BQS,50.425400,127.412003
KHV,48.528000,135.188004
PVS,64.378098,-173.242996
GDX,59.910999,150.720001
PWE,69.783302,170.597000
PKC,53.167900,158.453995
UUS,46.888699,142.718002
VVO,43.398998,132.147995
HTA,52.026299,113.306000
BTK,56.370602,101.697998
IKT,52.268002,104.389000
UUD,51.807800,107.438004
KBP,50.345001,30.894699
DOK,48.073601,37.739700
DNK,48.357201,35.100601
SIP,45.052200,33.975101
IEV,50.401940,30.451940
LWO,49.812500,23.956100
ODS,46.426800,30.676500
LED,59.800301,30.262501
MMK,68.781700,32.750801
GME,52.527000,31.016701
VTB,55.126499,30.349600
KGD,54.889999,20.592600
MHP,53.864498,27.539700
MSQ,53.882500,28.030701
ABA,53.740002,91.385002
BAX,53.363800,83.538498
KEJ,55.270100,86.107201
OMS,54.966999,73.310501
KRR,45.034698,39.170502
MCX,42.816799,47.652302
MRV,44.225101,43.081902
STW,45.109200,42.112801
ROV,47.493888,39.924722
AER,43.449902,39.956600
ASF,46.283298,48.006302
VOG,48.782501,44.345501
CEK,55.305801,61.503300
MQF,53.393101,58.755699
NJC,60.949299,76.483597
PEE,57.914501,56.021198
SGC,61.343700,73.401802
SVX,56.743099,60.802700
ASB,37.986801,58.361000
KRW,40.063301,53.007198
CRZ,39.083302,63.613300
DYU,38.543301,68.824997
BHK,39.775002,64.483299
SKD,39.700500,66.983803
TAS,41.257900,69.281197
BZK,53.214199,34.176399
SVO,55.972599,37.414600
KLD,56.824699,35.757702
VOZ,51.814201,39.229599
VKO,55.591499,37.261501
SCW,61.646999,50.845100
KZN,55.606201,49.278702
REN,51.795799,55.456699
UFA,54.557499,55.874401
KUF,53.504902,50.164299
AMD,23.077200,72.634697
AKD,20.698999,77.058601
IXU,19.862700,75.398102
BOM,19.088699,72.867897
PAB,21.988400,82.111000
BHJ,23.287800,69.670197
IXG,15.859300,74.618301
BDQ,22.336201,73.226303
BHO,23.287500,77.337402
BHU,21.752199,72.185204
NMB,20.434401,72.843201
GUX,24.654699,77.347298
GOI,15.380800,73.831398
IDR,22.721800,75.801102
JLR,23.177799,80.052002
JGA,22.465500,70.012604
IXY,23.112700,70.100304
HJR,24.817200,79.918602
KLH,16.664700,74.289398
IXK,21.317101,70.270401
NAG,21.092199,79.047203
ISK,20.119101,73.912903
PNQ,18.582100,73.919701
PBD,21.648701,69.657204
RAJ,22.309200,70.779503
RPR,21.180401,81.738800
SSE,17.628000,75.934799
STV,21.114100,72.741798
UDR,24.617701,73.896103
CMB,7.180760,79.884102
ACJ,8.301490,80.427902
BTC,7.705760,81.678802
RML,6.821990,79.886200
ADP,7.337760,81.625940
JAF,9.792330,80.070099
TRR,8.538510,81.181900
KZC,12.255200,104.564003
PNH,11.546600,104.844002
REP,13.410700,103.813004
TNX,13.531900,106.014999
IXV,28.175301,94.802002
IXA,23.886999,91.240402
AJL,23.840599,92.619698
IXB,26.681200,88.328598
BBI,20.244400,85.817802
CCU,22.654699,88.446701
COH,26.330500,89.467201
DBD,23.834000,86.425301
GAY,24.744301,84.951202
IMF,24.760000,93.896698
IXW,22.813200,86.168800
JRH,26.731501,94.175499
IXH,24.308201,92.007202
IXS,24.912901,92.978699
IXI,27.295500,94.097603
DIB,27.483900,95.016899
MZU,26.119101,85.313698
PAT,25.591299,85.087997
IXR,23.314301,85.321701
RRK,22.256701,84.814598
VTZ,17.721201,83.224503
ZER,27.588301,93.828102
CXB,21.452200,91.963898
CGP,22.249599,91.813301
IRD,24.152500,89.049400
JSR,23.183800,89.160797
RJH,24.437201,88.616501
SPD,25.759199,88.908897
ZYL,24.963200,91.866798
DAC,23.843347,90.397783
HKG,22.308901,113.915001
AGR,27.155800,77.960899
IXD,25.440100,81.733902
ATQ,31.709600,74.797302
BKB,28.070601,73.207199
VNS,25.452400,82.859299
KUU,31.876699,77.154404
BUP,30.270100,74.755798
BEK,28.422100,79.450798
IXC,30.673500,76.788498
KNU,26.404301,80.410103
DED,30.189699,78.180298
DEL,28.566500,77.103104
GWL,26.293301,78.227798
HSS,29.179399,75.755302
JDH,26.251101,73.048897
JAI,26.824200,75.812202
JSA,26.888700,70.864998
IXJ,32.689098,74.837402
KTU,25.160200,75.845596
LUH,30.854700,75.952599
IXL,34.135899,77.546501
LKO,26.760599,80.889297
IXP,32.233611,75.634444
PGH,29.033400,79.473701
SXR,33.987099,74.774200
TNI,24.562300,80.854897
LPQ,19.897301,102.161003
PKZ,15.132100,105.780998
ZVK,16.556601,104.760002
NEU,20.418400,104.067001
VTE,17.988300,102.563004
MFM,22.149599,113.592003
BWA,27.505685,83.416293
JKR,26.708799,85.922401
KTM,27.696600,85.359100
PKR,28.200899,83.982101
SIF,27.159500,84.980103
BIR,26.481501,87.264000
AGX,10.823700,72.176003
BLR,13.197900,77.706299
BEP,15.162800,76.882797
VGA,16.530399,80.796799
CJB,11.030000,77.043404
COK,10.152000,76.401901
CCJ,11.136800,75.955299
CDP,14.510000,78.772778
CBD,9.152510,92.819603
BPM,17.453100,78.467598
IXM,9.834510,78.093399
IXE,12.961300,74.890099
MAA,12.990005,80.169296
IXZ,11.641200,92.729698
PNY,11.968000,79.812000
RJA,17.110399,81.818199
SXV,11.783300,78.065598
TJV,10.722400,79.101601
TIR,13.632500,79.543297
TRZ,10.765400,78.709702
TRV,8.482120,76.920097
PBH,27.403200,89.424599
MLE,4.191830,73.529099
DMK,13.912600,100.607002
KDT,14.102000,99.917198
UTP,12.679900,101.004997
LPT,18.270901,99.504204
PRH,18.132200,100.165001
HHQ,12.636200,99.951500
TKH,15.277300,100.295998
PHS,16.782900,100.278999
NAW,6.519920,101.742996
KBV,8.099120,98.986198
SGZ,7.186560,100.608002
PAN,6.785460,101.153999
USM,9.547790,100.061996
HKT,8.113200,98.316902
UNN,9.777620,98.585503
HDY,6.933210,100.392998
TST,7.508740,99.616600
UTH,17.386400,102.788002
SNO,17.195101,104.119003
PXR,14.868300,103.498001
LOE,17.439100,101.722000
DAD,16.043900,108.198997
HAN,21.221201,105.806999
NHA,12.227500,109.192001
HUI,16.401501,107.703003
PQC,10.169800,103.993100
SGN,10.818800,106.652000
VBA,19.769199,94.026100
NYU,21.178801,94.930199
HEH,20.747000,96.792000
HOX,24.899599,94.914001
KET,21.301600,99.636002
KYP,19.426399,93.534798
LSH,22.977900,97.752197
MDL,21.702200,95.977898
MGZ,12.439800,98.621498
MYT,25.383600,97.351898
MOE,23.092501,96.645302
MOG,20.516800,99.256798
NMS,20.890499,97.735901
PAA,16.893700,97.674599
PBU,27.329901,97.426300
PRU,18.824499,95.265999
AKY,20.132700,92.872597
SNW,18.460699,94.300102
THL,20.483801,99.935402
RGN,16.907301,96.133202
UPG,-5.061630,119.554001
BIK,-1.190020,136.108002
NBX,-3.368180,135.496002
TIM,-4.528280,136.886993
DJJ,-2.576950,140.516006
WMX,-4.102510,138.957001
MKQ,-8.520290,140.417999
GTO,0.637119,122.849998
PLW,-0.918542,119.910004
MDC,1.549260,124.926003
PSJ,-1.416750,120.657997
OTI,2.045990,128.324997
TTE,0.831414,127.380997
LUW,-1.038920,122.772003
AMQ,-3.710260,128.089005
FKQ,-2.920190,132.266998
KNG,-3.644520,133.695999
BXB,-2.532240,133.438995
MKW,-0.891833,134.048996
SOQ,-0.894000,131.287000
BTU,3.123850,113.019997
KCH,1.484700,110.347000
LMN,4.808300,115.010002
MUR,4.178980,114.329002
MYY,4.322010,113.987000
SBW,2.261600,111.985001
LDU,5.032250,118.323997
BKI,5.937210,116.051003
LBU,5.300680,115.250000
TWU,4.320160,118.127998
BWN,4.944200,114.928001
PKU,0.460786,101.445000
DUM,1.609190,101.433998
CGK,-6.125570,106.655998
GNS,1.166380,97.704697
AEG,1.400100,99.430496
PDG,-0.786917,100.280998
MES,3.559167,98.671111
FLZ,1.555940,98.888901
NPO,-0.348869,111.748001
KTG,-1.816640,109.962997
PNK,-0.150711,109.403999
DJB,-1.638020,103.643997
BKS,-3.863700,102.338997
PLM,-2.898250,104.699997
RGT,-0.352808,102.334999
LSX,5.069510,97.259201
BTJ,5.522872,95.420637
AOR,6.189670,100.398003
BWH,5.465920,100.390999
KBR,6.166850,102.292999
KUA,3.775390,103.209000
KTE,4.537220,103.427002
IPH,4.567970,101.092003
JHB,1.641310,103.669998
KUL,2.745580,101.709999
LGK,6.329730,99.728699
MKZ,2.263360,102.251999
TGG,5.382640,103.102997
PEN,5.297140,100.277000
UAI,-9.303310,125.287003
DIL,-8.546400,125.526001
BCH,-8.489030,126.401001
QPG,1.360420,103.910004
TGA,1.387260,103.709000
XSP,1.416950,103.867996
SIN,1.350190,103.994003
ACF,-27.570299,153.007996
ABM,-10.950800,142.459000
ASP,-23.806700,133.901993
BNE,-27.384199,153.117004
OOL,-28.164400,153.505005
CNS,-16.885799,145.755005
CTL,-26.413300,146.261993
ISA,-20.663900,139.488998
MCY,-26.603300,153.091003
MKY,-21.171700,149.179993
PPP,-20.495001,148.552002
ROK,-23.381901,150.475006
TSV,-19.252501,146.764999
WEI,-12.678600,141.925003
AVV,-38.039398,144.468994
ABX,-36.067799,146.957993
MEB,-37.728100,144.901993
HBA,-42.836102,147.509995
LST,-41.545300,147.214005
MBW,-37.975800,145.102005
MEL,-37.673302,144.843002
ADL,-34.945000,138.531006
JAD,-32.097500,115.880997
KTA,-20.712200,116.773003
KGI,-30.789400,121.461998
KNX,-15.778100,128.707993
LEA,-22.235600,114.088997
PHE,-20.377800,118.625999
PER,-31.940300,115.967003
UMR,-31.144199,136.817001
XCH,-10.450600,105.690002
BWU,-33.924400,150.988007
CBR,-35.306900,149.195007
CFS,-30.320601,153.115997
CDU,-34.040298,150.686996
DBO,-32.216702,148.574997
NLK,-29.041599,167.938995
XRH,-33.600601,150.781006
SYD,-33.946098,151.177002
TMW,-31.083900,150.847000
WGA,-35.165298,147.466003
PEK,40.080101,116.584999
HLD,49.205002,119.824997
TSN,39.124401,117.346001
TYN,37.746899,112.627998
CAN,23.392401,113.299004
CSX,28.189199,113.220001
KWL,25.218100,110.039001
NNG,22.608299,108.171997
SZX,22.639299,113.810997
CGO,34.519699,113.841003
WUH,30.783800,114.208000
FNJ,39.224098,125.669998
LHW,36.515202,103.620003
XIY,34.447102,108.751999
ULN,47.843102,106.766998
JHG,21.973900,100.760002
KMG,25.101944,102.929167
XMN,24.544001,118.127998
KHN,28.865000,115.900002
FOC,25.935101,119.663002
HGH,30.229500,120.433998
NGB,29.826700,121.461998
NKG,31.742001,118.862000
HFE,31.780001,117.297997
TAO,36.266102,120.374001
SHA,31.197901,121.335999
YNT,37.401699,121.372002
CKG,29.719200,106.641998
KWE,26.538500,106.801003
CTU,30.578501,103.946999
XIC,27.989100,102.183998
KHG,39.542900,76.019997
HTN,37.038502,79.864899
URC,43.907101,87.474197
HRB,45.623402,126.250000
MDG,44.524101,129.569000
DLC,38.965698,121.539001
PVG,31.143400,121.805000
TOD,2.818180,104.160004
SZB,3.130580,101.549004
NTQ,37.293098,136.962006
HBE,30.917700,29.696400
BTI,70.134003,-143.582001
LUR,68.875099,-166.110001
PIZ,69.732903,-163.005005
ITO,19.721399,-155.048004
ORL,28.545500,-81.332901
BTT,66.913902,-151.529007
UTO,65.992798,-153.703995
FYU,66.571503,-145.250000
SVW,61.097401,-155.574005
FRN,61.266399,-149.653000
TLJ,62.894402,-155.977005
CZF,61.780300,-166.039002
BED,42.470001,-71.289001
SNP,57.167301,-170.220001
EHM,58.646400,-162.063004
STG,56.578300,-169.662003
ILI,59.754398,-154.910996
PTU,59.011398,-161.820007
BMX,59.361198,-155.259003
OSC,44.451599,-83.394096
OAR,36.681900,-121.762001
MHR,38.553902,-121.297996
BYS,35.280499,-116.629997
FSM,35.336601,-94.367401
MRI,61.213501,-149.843994
GNT,35.167301,-107.902000
PNC,36.731998,-97.099800
SVN,32.009998,-81.145699
GFK,47.949299,-97.176102
PBF,34.173100,-91.935600
NSE,30.724199,-87.021896
HNM,20.795601,-156.014008
PRC,34.654499,-112.419998
TTN,40.276699,-74.813499
BOS,42.364300,-71.005203
SUU,38.262699,-121.927002
RME,43.233799,-75.406998
ENV,40.718700,-114.030998
BFM,30.626801,-88.068100
OAK,37.721298,-122.221001
OMA,41.303200,-95.894096
OGG,20.898600,-156.429993
ICT,37.649899,-97.433098
MCI,39.297600,-94.713898
MSN,43.139900,-89.337502
DLG,59.044701,-158.505005
HRO,36.261501,-93.154701
PHX,33.434299,-112.012001
BGR,44.807400,-68.828102
FXE,26.197300,-80.170700
GGG,32.383999,-94.711502
AND,34.494598,-82.709396
GEG,47.619900,-117.533997
HWO,26.001200,-80.240700
SFO,37.618999,-122.375000
CTB,48.608398,-112.375999
ARA,30.037800,-91.883904
GNV,29.690100,-82.271797
MEM,35.042400,-89.976700
DUG,31.469000,-109.603996
BIG,63.994499,-145.722000
CNW,31.637800,-97.074097
ANN,55.042400,-131.572006
CAR,46.871498,-68.017899
LRF,34.916901,-92.149696
HUA,34.678699,-86.684799
POB,35.170898,-79.014503
DHT,36.022598,-102.546997
DLF,29.359501,-100.778002
LAX,33.942501,-118.407997
ANB,33.588200,-85.858100
CLE,41.411701,-81.849800
DOV,39.129501,-75.466003
CVG,39.048801,-84.667801
FME,39.085400,-76.759399
HON,44.385201,-98.228500
JNU,58.355000,-134.576004
LFT,30.205299,-91.987602
EWR,40.692501,-74.168701
BOI,43.564400,-116.223000
INS,36.587200,-115.672997
GCK,37.927502,-100.723999
MOT,48.259399,-101.279999
HHI,21.483500,-158.039993
MXF,32.382900,-86.365799
DAL,32.847099,-96.851799
FCS,38.678398,-104.757004
HLN,46.606800,-111.983002
NKX,32.868401,-117.142998
LUF,33.535000,-112.383003
HHR,33.922798,-118.334999
HUL,46.123100,-67.792099
END,36.339199,-97.916496
NTD,34.120300,-119.121002
EDW,34.905399,-117.884003
LCH,30.126101,-93.223297
KOA,19.738783,-156.045603
MYR,33.679699,-78.928299
NLC,36.333000,-119.952004
ACK,41.253101,-70.060204
FAF,37.132500,-76.608803
HOP,36.668598,-87.496201
DCA,38.852100,-77.037697
NHK,38.285999,-76.411797
PSX,28.727501,-96.250999
BYH,35.964298,-89.944000
ACY,39.457600,-74.577202
TIK,35.414700,-97.386597
ECG,36.260601,-76.174599
PUB,38.289101,-104.497002
PQI,46.688999,-68.044800
GRF,47.079201,-122.581001
ADQ,57.750000,-152.494003
UPP,20.265301,-155.860001
FLL,26.072599,-80.152702
INL,48.566200,-93.403099
SLC,40.788399,-111.977997
CDS,34.433800,-100.288002
BIX,30.410400,-88.924400
LSF,32.337299,-84.991302
NQI,27.507200,-97.809700
FRI,39.055302,-96.764503
MDT,40.193501,-76.763397
LNK,40.851002,-96.759201
LAN,42.778702,-84.587402
MUE,20.001301,-155.667999
MSS,44.935799,-74.845596
HKY,35.741100,-81.389503
SPG,27.765100,-82.626999
FMY,26.586599,-81.863297
IAH,29.984400,-95.341400
ADW,38.810799,-76.866997
INT,36.133701,-80.222000
VCV,34.597500,-117.383003
CEW,30.778799,-86.522102
PHN,42.910999,-82.528900
BFL,35.433601,-119.056999
ELP,31.807199,-106.377998
HRL,26.228500,-97.654404
CAE,33.938801,-81.119499
DMA,32.166500,-110.883003
NPA,30.352699,-87.318604
PNS,30.473400,-87.186600
RDR,47.961102,-97.401199
HOU,29.645399,-95.278900
BFK,39.701698,-104.751999
ORT,62.961300,-141.929001
PAQ,61.594898,-149.089010
PIT,40.491501,-80.232903
BRW,71.285402,-156.766008
EFD,29.607300,-95.158798
NUW,48.351799,-122.655998
ALI,27.740900,-98.026901
VAD,30.967800,-83.193001
MIA,25.793200,-80.290604
SEA,47.449001,-122.308998
CHA,35.035301,-85.203796
BDR,41.163502,-73.126198
JAN,32.311199,-90.075897
GLS,29.265301,-94.860397
LGB,33.817699,-118.152000
HDH,21.579500,-158.197006
IPT,41.241798,-76.921097
IND,39.717300,-86.294403
SZL,38.730301,-93.547897
AKC,41.037498,-81.466904
GWO,33.494301,-90.084702
HPN,41.067001,-73.707603
FOK,40.843700,-72.631798
JBR,35.831699,-90.646400
XSD,37.798801,-116.780998
LNA,26.593000,-80.085098
NZY,32.699200,-117.214996
BIF,31.849501,-106.379997
YUM,32.656601,-114.606003
CNM,32.337502,-104.263000
DLH,46.842098,-92.193604
BET,60.779800,-161.837997
LOU,38.228001,-85.663696
FHU,31.588499,-110.344002
LIH,21.976000,-159.339005
HUF,39.451500,-87.307602
HVR,48.542999,-109.762001
MWH,47.207699,-119.320000
MPV,44.203499,-72.562302
RIC,37.505199,-77.319702
SHV,32.446602,-93.825600
CDV,60.491798,-145.477997
ORF,36.894600,-76.201202
BPT,29.950800,-94.020699
SAV,32.127602,-81.202103
HIF,41.124030,-111.973086
OME,64.512199,-165.445007
PIE,27.910200,-82.687401
MNM,45.126701,-87.638397
CXO,30.351801,-95.414497
SCC,70.194702,-148.464996
SAT,29.533701,-98.469803
ROC,43.118900,-77.672401
COF,28.234900,-80.610100
TEB,40.850101,-74.060799
RCA,44.145000,-103.103996
RDU,35.877602,-78.787498
DAY,39.902401,-84.219398
ENA,60.573101,-151.244995
MLC,34.882401,-95.783501
IAG,43.107300,-78.946198
CFD,30.715700,-96.331398
LIY,31.889099,-81.562303
PHF,37.131901,-76.492996
ESF,31.394899,-92.295799
LTS,34.667099,-99.266701
TUS,32.116100,-110.941002
MIB,48.415600,-101.358002
BAB,39.136101,-121.436996
IKK,41.071400,-87.846298
GSB,35.339401,-77.960602
PVD,41.732601,-71.420403
SBY,38.340500,-75.510300
BUR,34.200699,-118.359001
DTW,42.212399,-83.353401
TPA,27.975500,-82.533203
PMB,48.942501,-97.240799
POE,31.044800,-93.191704
EIL,64.665703,-147.102005
HIB,47.386600,-92.838997
LFK,31.233999,-94.750000
MAF,31.942499,-102.202003
GRB,44.485100,-88.129601
ADM,34.303010,-97.019634
WRI,40.015598,-74.591698
AGS,33.369900,-81.964500
ISN,48.177898,-103.641998
LIT,34.729401,-92.224297
SWF,41.504101,-74.104797
BDE,48.728401,-94.612198
SAC,38.512501,-121.492996
HOM,59.645599,-151.477005
TBN,37.741600,-92.140701
MGE,33.915401,-84.516296
SKA,47.615101,-117.655998
HTL,44.359798,-84.671095
PAM,30.069599,-85.575401
DFW,32.896801,-97.038002
MLB,28.102800,-80.645302
TCM,47.137699,-122.475998
AUS,30.194500,-97.669899
LCK,39.813801,-82.927803
MQT,46.353600,-87.395401
TYS,35.811001,-83.994003
HLR,31.138700,-97.714500
STL,38.748697,-90.370003
MIV,39.367802,-75.072197
SPS,33.988800,-98.491898
LUK,39.103298,-84.418602
ATL,33.636700,-84.428101
MER,37.380501,-120.568001
MCC,38.667599,-121.401001
GRR,42.880798,-85.522797
INK,31.779600,-103.200996
FAT,36.776199,-119.718002
VRB,27.655600,-80.417901
IPL,32.834202,-115.579002
BNA,36.124500,-86.678200
LRD,27.543800,-99.461601
EDF,61.250999,-149.807007
OTZ,66.884697,-162.598999
AOO,40.296398,-78.320000
DYS,32.420799,-99.854599
ELD,33.221001,-92.813301
LGA,40.777199,-73.872597
TLH,30.396500,-84.350304
DPA,41.907799,-88.248596
ACT,31.611300,-97.230499
AUG,44.320599,-69.797302
NIP,30.235800,-81.680603
MKL,35.599899,-88.915604
MKK,21.152901,-157.095993
FTK,37.907101,-85.972099
SJT,31.357700,-100.496002
CXL,32.669498,-115.513000
CIC,39.795399,-121.858002
BTV,44.471901,-73.153297
JAX,30.494101,-81.687897
DRO,37.151501,-107.753998
IAD,38.944500,-77.455803
CLL,30.588600,-96.363800
SFF,47.682800,-117.322998
MKE,42.947201,-87.896599
ABI,32.411301,-99.681900
COU,38.818100,-92.219597
PDX,45.588699,-122.598000
TNT,25.861799,-80.897003
PBI,26.683201,-80.095596
FTW,32.819801,-97.362396
OGS,44.681900,-75.465500
FMH,41.658401,-70.521400
BFI,47.529999,-122.302002
SKF,29.384199,-98.581100
HNL,21.320620,-157.924228
DSM,41.534000,-93.663101
EWN,35.073002,-77.042900
SAN,32.733601,-117.190002
MLU,32.510899,-92.037697
SSC,33.972698,-80.470596
ONT,34.056000,-117.600998
GVT,33.067799,-96.065300
ROW,33.301601,-104.530998
DET,42.409199,-83.009903
BRO,25.906799,-97.425903
DHN,31.321301,-85.449600
WWD,39.008499,-74.908302
NFL,39.416599,-118.700996
MTC,42.613463,-82.836919
FMN,36.741199,-108.230003
CRP,27.770399,-97.501198
SYR,43.111198,-76.106300
NQX,24.575800,-81.688904
MDW,41.785999,-87.752403
SJC,37.362598,-121.929001
HOB,32.687500,-103.217003
PNE,40.081902,-75.010597
DEN,39.861698,-104.672997
PHL,39.871899,-75.241096
SUX,42.402599,-96.384399
MCN,32.692799,-83.649200
TCS,33.236900,-107.272003
PMD,34.629398,-118.084999
RND,29.529699,-98.278900
NJK,32.829201,-115.671996
CMH,39.998001,-82.891899
FYV,36.005100,-94.170097
FSI,34.649799,-98.402199
FFO,39.826099,-84.048302
GAL,64.736198,-156.936996
MWL,32.781601,-98.060204
IAB,37.621899,-97.268204
NBG,29.825300,-90.035004
BFT,32.412201,-80.634399
TXK,33.453701,-93.990997
PBG,44.650902,-73.468102
APG,39.466202,-76.168800
TCC,35.182800,-103.602997
ANC,61.174400,-149.996002
GRK,31.067200,-97.828903
BLI,48.792801,-122.538002
NQA,35.356701,-89.870300
EKN,38.889400,-79.857101
HFD,41.736698,-72.649399
SFZ,41.920799,-71.491402
MOB,30.691200,-88.242798
NUQ,37.416100,-122.049004
SAF,35.617100,-106.088997
BKH,22.022800,-159.785004
DRI,30.831699,-93.339897
BSF,19.760099,-155.554001
OLS,31.417700,-110.848000
MCF,27.849300,-82.521202
BLV,38.545200,-89.835197
OPF,25.907000,-80.278397
DRT,29.374201,-100.927002
RSW,26.536200,-81.755203
AKN,58.676800,-156.649002
MUI,40.434799,-76.569397
JHM,20.962900,-156.673004
JFK,40.639801,-73.778900
HST,25.488600,-80.383598
RAL,33.951900,-117.445000
FLV,39.368301,-94.914703
WAL,37.940201,-75.466400
HMN,32.852501,-106.107002
NXX,40.199799,-75.148201
CYS,41.155701,-104.811997
SCK,37.894199,-121.237999
CHS,32.898602,-80.040497
RNO,39.499100,-119.767998
KTN,55.355598,-131.714004
YIP,42.237900,-83.530403
VBG,34.737301,-120.584000
BHM,33.562901,-86.753502
NEL,40.033298,-74.353302
SYA,52.712299,174.113998
LSV,36.236198,-115.033997
RIV,33.880699,-117.259003
MOD,37.625801,-120.954002
SMF,38.695400,-121.591003
UGN,42.422199,-87.867897
COS,38.805801,-104.700996
BUF,42.940498,-78.732201
SKY,41.433399,-82.652298
PAE,47.906300,-122.281998
MUO,43.043598,-115.872002
CDC,37.701000,-113.098999
BDL,41.938900,-72.683197
MFE,26.175800,-98.238602
NGU,36.937599,-76.289299
CEF,42.194000,-72.534798
LBB,33.663601,-101.822998
ORD,41.978600,-87.904800
BCT,26.378500,-80.107697
FAI,64.815102,-147.856003
CVS,34.382801,-103.321999
NGF,21.450500,-157.768005
OFF,41.118301,-95.912498
GKN,62.154900,-145.457001
ART,43.991901,-76.021698
PSP,33.829700,-116.507004
AMA,35.219398,-101.706001
FOD,42.551498,-94.192596
BAD,32.501801,-93.662697
FOE,38.950901,-95.663597
COT,28.456699,-99.220299
ILM,34.270599,-77.902603
BTR,30.533199,-91.149597
TYR,32.354099,-95.402397
BWI,39.175400,-76.668297
HBR,34.991317,-99.051313
LNY,20.785601,-156.951004
AEX,31.327400,-92.549797
WSD,32.341499,-106.403000
CDB,55.206100,-162.725006
TUL,36.198399,-95.888100
SIT,57.047100,-135.362000
ISP,40.795200,-73.100197
MSP,44.882000,-93.221802
ILG,39.678699,-75.606499
DUT,53.900101,-166.544006
MSY,29.993401,-90.258003
PWM,43.646198,-70.309303
OKC,35.393101,-97.600700
ALB,42.748299,-73.801697
VDZ,61.133900,-146.248001
LFI,37.082901,-76.360497
SNA,33.675701,-117.867996
CBM,33.643799,-88.443802
TMB,25.647900,-80.432800
NTU,36.820702,-76.033501
GUS,40.648102,-86.152100
CPR,42.908001,-106.463997
VPS,30.483200,-86.525398
SEM,32.343899,-86.987801
EYW,24.556101,-81.759598
CLT,35.214001,-80.943100
LAS,36.080101,-115.152000
MCO,28.429399,-81.308998
FLO,34.185398,-79.723900
GTF,47.481998,-111.371002
YNG,41.260700,-80.679100
FBK,64.837502,-147.613998
WRB,32.640099,-83.591904
BKK,13.681100,100.747002
NAH,3.683210,125.528000
MXB,-2.558030,120.323997
SQR,-2.531200,121.358002
TTR,-3.044740,119.821999
KDI,-4.081610,122.417999
SBG,5.874130,95.339699
TSY,-7.346600,108.246002
MLG,-7.926560,112.714996
BDO,-6.900630,107.575996
CBN,-6.756140,108.540001
JOG,-7.788180,110.431999
CXP,-7.645060,109.033997
PCB,-6.336960,106.764999
SRG,-6.972730,110.375000
BTH,1.121030,104.119003
TJQ,-2.745720,107.754997
PGK,-2.162200,106.139000
TNJ,0.922683,104.531998
SIQ,-0.479189,104.579002
BDJ,-3.442360,114.763000
BTW,-3.412410,115.995003
PKN,-2.705200,111.672997
PKY,-2.225130,113.943001
MOF,-8.640650,122.237000
ENE,-8.849290,121.661003
RTG,-8.597010,120.476997
KOE,-10.171600,123.670998
LBJ,-8.486660,119.889000
BPN,-1.268270,116.893997
TRK,3.326667,117.569444
SRI,-0.484531,117.156998
TSX,-0.092973,117.453003
AMI,-8.560710,116.095001
BMU,-8.539650,118.686996
WGP,-9.669220,120.302002
SUB,-7.379830,112.787003
SOC,-7.516090,110.757004
ICN,37.469101,126.450996
CNX,18.766800,98.962601
CEI,19.952299,99.882896
NST,8.539620,99.944702
NAK,14.949500,102.313004
KOP,17.383801,104.642998
UBP,15.251300,104.870003
KKC,16.466600,102.783997
THS,17.238001,99.818199
DPS,-8.748170,115.167000
ATH,37.936401,23.944500
NGO,34.858398,136.804993
UKB,34.632801,135.223999
PUW,46.743900,-117.110001
LWS,46.374500,-117.014999
ELM,42.159901,-76.891602
ITH,42.491001,-76.458397
MRY,36.587002,-121.843002
SBA,34.426201,-119.839996
DAB,29.179899,-81.058098
LPX,56.517502,21.096901
RIX,56.923599,23.971100
SQQ,55.893902,23.395000
HLJ,56.070599,23.558100
KUN,54.963902,24.084801
PLQ,55.973202,21.093901
VNO,54.634102,25.285801
PNV,55.729401,24.460800
EVN,40.147301,44.395901
LWN,40.750401,43.859299
ASA,13.071800,42.645000
ASM,15.291900,38.910702
MSW,15.670000,39.370098
GZA,31.246401,34.276100
BUS,41.610298,41.599701
KUT,42.176701,42.482601
TBS,41.669201,44.954700
RIY,14.662600,49.375000
TAI,13.686000,44.139099
HOD,14.753000,42.976299
ADE,12.829500,45.028801
AXK,14.551300,46.826199
AAY,16.191700,52.174999
SAH,15.476300,44.219700
BHN,14.782000,45.720100
SCT,12.630700,53.905800
FMM,47.988800,10.239500
NAV,38.771900,34.534500
EZE,-34.822200,-58.535800
EBL,36.237598,43.963200
EMD,-23.567499,148.179001
HEW,37.893299,23.726101
KIX,34.427299,135.244003
JRB,40.701199,-74.009003
TAG,9.665442,123.853533
JAV,69.243202,-51.057098
JCH,68.822816,-51.173447
JEG,68.721802,-52.784698
PMI,39.551701,2.738810
DRW,-12.414700,130.876999
URT,9.132600,99.135597
TKA,62.320499,-150.093994
GZM,36.027199,14.272800
HVN,41.263699,-72.886803
AVL,35.436199,-82.541801
GSO,36.097801,-79.937302
FSD,43.582001,-96.741898
AYQ,-25.186100,130.975998
MHT,42.932598,-71.435699
APF,26.152599,-81.775299
RDN,5.765280,103.007004
SDF,38.174400,-85.736000
CHO,38.138599,-78.452904
ROA,37.325500,-79.975403
LEX,38.036499,-84.605904
EVV,38.036999,-87.532402
ABQ,35.040199,-106.609001
BZN,45.777500,-111.153000
BIL,45.807701,-108.542999
BTM,45.954800,-112.497002
TVC,44.741402,-85.582199
FRS,16.913799,-89.866402
BHB,44.450001,-68.361504
RKD,44.060101,-69.099197
JAC,43.607300,-110.737999
RFD,42.195400,-89.097198
DME,55.408798,37.906300
SYX,18.302900,109.412003
MFN,-44.673302,167.923004
LJG,26.680000,100.246002
GSP,34.895699,-82.218903
BMI,40.477100,-88.915901
GPT,30.407301,-89.070099
AZO,42.234901,-85.552101
TOL,41.586800,-83.807800
FWA,40.978500,-85.195099
DEC,39.834599,-88.865700
CID,41.884701,-91.710800
LSE,43.879002,-91.256699
CWA,44.777599,-89.666801
PIA,40.664200,-89.693298
ATW,44.258099,-88.519096
RST,43.908298,-92.500000
CMI,40.039200,-88.278099
MHK,39.140999,-96.670799
KGC,-35.713902,137.520996
HVB,-25.318899,152.880005
DLU,25.649401,100.319000
MZV,4.048330,114.805000
SSH,27.977301,34.395000
FKL,41.377899,-79.860397
NBO,-1.319240,36.927799
SEU,-2.458060,34.822498
FTE,-50.280300,-72.053101
ARM,-30.528099,151.617004
GJT,39.122398,-108.527000
SGU,37.036389,-113.510306
DWH,30.061800,-95.552803
SRQ,27.395399,-82.554398
BDA,32.363998,-64.678703
VNY,34.209801,-118.489998
MLI,41.448502,-90.507500
PFN,30.212099,-85.682800
HIR,-9.428000,160.054993
PPT,-17.553699,-149.606995
INU,-0.547458,166.919006
FUN,-8.525000,179.195999
OVB,55.012600,82.650703
XKH,19.450001,103.157997
BIS,46.772701,-100.746002
TEX,37.953800,-107.907997
HGN,19.301300,97.975800
RAP,44.045300,-103.056999
CLD,33.128300,-117.279999
FNT,42.965401,-83.743599
DVO,7.125520,125.646004
FNC,32.697899,-16.774500
STM,-2.424722,-54.785831
KOS,10.579700,103.637001
YOA,64.698898,-110.614998
NPE,-39.465801,176.869995
LEV,-17.711100,178.759003
LXA,29.297800,90.911903
RDD,40.508999,-122.292999
EUG,44.124599,-123.211998
IDA,43.514599,-112.070999
MFR,42.374199,-122.873001
KBZ,-42.424999,173.604996
RDM,44.254101,-121.150002
PCN,-41.346100,173.955994
WDH,-22.479900,17.470900
YWH,48.424986,-123.388867
TNA,36.857201,117.216003
CZX,31.919701,119.778999
YBP,28.800556,104.545000
TJM,57.189602,65.324303
CAK,40.916100,-81.442200
HSV,34.637199,-86.775101
PKB,39.345100,-81.439201
MGM,32.300598,-86.393997
TRI,36.475201,-82.407401
PAH,37.060799,-88.773804
JIB,11.547300,43.159500
HAK,19.934900,110.459000
MFA,-7.917478,39.668502
PGA,36.926102,-111.447998
UII,16.113100,-86.880302
FCA,48.310501,-114.255997
MBS,43.532902,-84.079597
BGM,42.208698,-75.979797
BGW,33.262501,44.234600
NNT,18.807899,100.782997
ROI,16.116800,103.774002
BFV,15.229500,103.252998
TDX,12.274600,102.319000
BLH,33.619202,-114.717003
IQA,33.785599,42.441200
TQD,33.338100,43.597099
XQC,33.940201,44.361599
CRK,15.186000,120.559998
SDK,5.900900,118.058998
LXG,20.966999,101.400002
ODY,20.682699,101.994003
SHE,41.639801,123.483002
DOY,37.508598,118.788002
MNI,16.791401,-62.193298
PSG,56.801701,-132.945007
LYA,34.741100,112.388000
XUZ,34.059056,117.555278
MWQ,20.165600,94.941399
KHM,25.988300,95.674400
DLI,11.750000,108.366997
VDH,17.515000,106.590556
VKG,9.958030,105.132380
CAH,9.177667,105.177778
VCL,15.403300,108.706001
TBB,13.049600,109.334000
PYY,19.372000,98.436996
BWK,43.285702,16.679701
NSI,3.722560,11.553300
CKY,9.576890,-13.612000
AAH,50.823055,6.186389
FKB,48.779400,8.080500
SFB,28.777599,-81.237503
JST,40.316101,-78.833900
LUA,27.686899,86.729698
BHP,27.147400,87.050797
LDN,27.253099,86.669998
JMO,28.780426,83.723000
NGX,28.641399,84.089203
PPL,27.517787,86.584454
RUM,27.303499,86.550400
DNP,28.111099,82.294197
RUK,28.627001,82.195000
JUM,29.274200,82.193298
TPJ,27.350900,87.695250
TMI,27.315001,87.193298
SKH,28.586000,81.636002
IMK,29.971100,81.818901
DOP,28.985701,82.819099
BJH,29.539000,81.185402
DHI,28.753300,80.581902
MWX,34.991406,126.382814
JTY,36.579899,26.375799
JIK,37.682701,26.347099
JKL,36.963299,26.940599
MLO,36.696899,24.476900
JNX,37.081100,25.368099
PAS,37.020495,25.113195
KZS,36.141701,29.576401
RMF,25.557100,34.583698
NRN,51.602402,6.142170
USU,12.121500,120.099998
BXU,8.951500,125.478800
DPL,8.601983,123.341875
LAO,18.178101,120.531998
LGP,13.157500,123.735000
OZC,8.178510,123.842003
CEB,10.307500,123.978996
NOD,53.633057,7.190278
JUI,53.681110,7.055833
BPS,-16.438601,-39.080898
QIG,-6.346640,-39.293800
PMW,-10.291500,-48.356998
CLV,-17.725300,-48.607498
MSO,46.916302,-114.091003
BKQ,-24.427799,145.429001
BDB,-24.903900,152.319000
GCN,35.952400,-112.147003
SGR,29.622299,-95.656502
APA,39.570099,-104.848999
CVN,34.425098,-103.079002
FST,30.915701,-102.916000
LVS,35.654202,-105.141998
IWS,29.818199,-95.672600
LRU,32.289398,-106.921997
BKD,32.719002,-98.890999
TPL,31.152500,-97.407799
OZA,30.735300,-101.203003
KDM,0.488131,72.996902
LAK,68.223297,-135.005990
YWJ,65.211098,-123.435997
ZFN,64.909697,-125.572998
YGH,66.240799,-128.651001
TAH,-19.455099,169.223999
YPC,69.360838,-124.075470
SRZ,-17.811600,-63.171501
SAB,17.645000,-63.220001
EGE,39.642601,-106.917999
SKN,68.578827,15.033417
CGF,41.565102,-81.486397
MFD,40.821400,-82.516602
CSG,32.516300,-84.938904
LAW,34.567699,-98.416603
FNL,40.451804,-105.011000
FLG,35.138500,-111.670998
TVL,38.893902,-119.995003
TWF,42.481800,-114.487999
MVY,41.393101,-70.614304
CON,43.202702,-71.502296
GON,41.330101,-72.045097
STC,45.546600,-94.059898
BPE,39.666389,119.058889
GTR,33.450298,-88.591400
GOJ,56.230099,43.784000
HQM,46.971199,-123.936996
ERI,42.083127,-80.173867
HYA,41.669300,-70.280403
SPR,17.913900,-87.971100
SDX,34.848598,-111.788002
MGW,39.642899,-79.916298
CRW,38.373100,-81.593201
AVP,41.338501,-75.723396
BJI,47.509399,-94.933701
THG,-24.493900,150.576004
FGI,-13.848700,-171.740005
BNK,-28.833900,153.561996
FAR,46.920700,-96.815804
MKC,39.123199,-94.592796
RBE,13.730000,106.987000
GCC,44.348900,-105.539001
TOF,56.380299,85.208298
NZJ,33.676102,-117.731003
PHY,16.676001,101.195000
CJM,10.711200,99.361702
JZH,32.853333,103.682222
SWA,23.552000,116.503300
GEO,6.498550,-58.254101
AGT,-25.454516,-54.842682
OGL,6.806280,-58.105900
KAI,5.172755,-59.491482
DNH,40.161098,94.809196
AOI,43.616299,13.362300
TCP,29.587799,34.778099
LYB,19.660161,-80.088826
BJV,37.250599,27.664301
TBJ,36.980000,8.876940
SAW,40.898602,29.309200
SCE,40.849300,-77.848701
BME,-17.944700,122.232002
NTL,-32.794998,151.834000
KLU,46.642502,14.337700
HFT,70.679703,23.668600
HVG,71.009697,25.983601
MEH,71.029701,27.826700
VDS,70.065300,29.844700
IKA,35.416100,51.152199
MHD,36.235199,59.640999
UIK,58.136101,102.565002
MEI,32.332600,-88.751900
SPI,39.844101,-89.677902
CEZ,37.303001,-108.627998
HDN,40.481201,-107.218002
GUP,35.511101,-108.789001
LBL,37.044201,-100.959999
LAA,38.069698,-102.688004
GLD,39.370602,-101.698998
COD,44.520199,-109.024002
HOV,62.180000,6.074100
ISC,49.913300,-6.291670
SGF,37.245701,-93.388603
NVK,68.436897,17.386700
BVG,70.871399,29.034201
FBU,59.895802,10.617200
NSK,69.311096,87.332199
AAQ,45.002102,37.347301
JLN,37.151798,-94.498299
ABE,40.652100,-75.440804
XNA,36.281898,-94.306801
GUW,47.121899,51.821400
KZO,44.706902,65.592499
SBN,41.708698,-86.317299
BKA,55.617199,38.060001
ARH,64.600304,40.716702
RTW,51.564999,46.046700
NUX,66.069397,76.520302
NOJ,63.183300,75.269997
SCO,43.860100,51.091999
UCT,63.566898,53.804699
USK,66.004700,57.367199
PEX,65.121101,57.130798
NNM,67.639999,53.121899
PKV,57.783901,28.395599
KGP,62.190399,74.533798
KJA,56.172901,92.493301
KGF,49.670799,73.334396
URJ,60.103298,64.826698
IWA,56.939400,40.940800
CGQ,43.996201,125.684998
KIJ,37.955898,139.121002
JON,16.728600,-169.533997
SMD,41.143398,-85.152802
ACV,40.978101,-124.109000
OAJ,34.829201,-77.612099
TCL,33.220600,-87.611397
DBQ,42.402000,-90.709503
HHP,22.289371,114.152153
ATD,-8.873330,161.011002
AKS,-8.702570,160.682007
BAS,-6.990745,155.886656
FRE,-8.107500,159.576996
MBU,-9.747500,159.839005
IRA,-10.449700,161.897995
SCZ,-10.720300,165.794998
MUA,-8.327970,157.263000
GZO,-8.097780,156.863998
MNY,-7.416940,155.565002
RNL,-11.533900,160.063004
RUS,-9.861670,160.824997
VAO,-7.585560,158.731003
KGE,-7.330500,157.585000
RBV,-8.168060,157.643005
BUA,-5.422320,154.673004
CMU,-6.024290,144.970993
DAU,-9.086760,143.207993
GUR,-10.311500,150.334000
PNP,-8.804540,148.309006
HKN,-5.462170,150.404999
UNG,-6.125710,141.281998
KRI,-7.424380,144.250076
KMA,-7.963610,145.770996
KVG,-2.579400,150.807999
MDU,-6.147740,143.656998
MAS,-2.061890,147.423996
MXH,-6.363330,143.238007
MIS,-10.689200,152.837997
TIZ,-5.845000,142.947998
TBG,-5.278610,141.225998
RAB,-4.340460,152.380005
VAI,-2.692600,141.302800
WBM,-5.643300,143.895004
LLU,60.464450,-45.569170
CNP,70.743103,-22.650499
JFR,61.992199,-49.662498
JGO,69.251182,-53.514876
JJU,60.715684,-46.029919
JSU,65.412498,-52.939400
JNN,60.141884,-45.232977
JNS,60.917283,-46.059923
NAQ,77.488602,-69.388702
JHS,66.951302,-53.729301
JUV,72.790199,-56.130600
JQA,70.734200,-52.696201
GRY,66.545800,-18.017300
THO,66.218498,-15.335600
VPN,65.720596,-14.850600
YWS,50.143600,-122.948997
YAA,52.452499,-125.303001
YWM,52.566898,-55.784698
YFX,52.372799,-55.673901
YHA,52.528099,-56.286098
YRG,54.179699,-58.457500
YCK,67.039200,-126.080000
YLE,63.131699,-117.246002
SUR,52.708599,-88.541901
YAX,53.849201,-89.579399
WNN,52.893902,-89.289200
YNO,52.490002,-92.971100
XBE,53.965599,-91.027199
KIF,53.012501,-89.855301
YOG,51.658600,-85.901703
YHP,52.113300,-94.255600
YKU,53.805599,-78.916901
ZTB,50.674400,-59.383598
ZLT,50.830799,-58.975601
YAC,51.727200,-91.824402
YAG,48.654202,-93.439697
XKS,53.524700,-88.642799
YKG,60.027199,-69.999199
YAT,52.927502,-82.431900
YBE,59.561401,-108.481003
YBX,51.443600,-57.185299
YRF,53.682800,-57.041901
YCS,63.346901,-90.731102
YDP,56.549198,-61.680302
YER,56.018902,-87.676102
YFA,52.201401,-81.696899
YFH,51.561901,-87.907799
YMN,55.076900,-59.186401
YGB,49.694199,-124.517998
YGO,54.558899,-94.491402
YGT,69.364700,-81.816101
YGW,55.281898,-77.765297
YGX,56.357498,-94.710602
YGZ,76.426102,-82.909203
YQC,61.046398,-69.617798
CXH,49.294399,-123.111000
YNS,51.691101,-76.135597
YHO,55.448299,-60.228600
YHR,50.468899,-59.636700
YIK,62.417301,-77.925301
YIV,53.857201,-94.653603
AKV,60.818600,-78.148598
YKQ,51.473301,-78.758301
YPJ,59.296700,-69.599701
YLC,62.849998,-69.883301
YLH,52.195599,-87.934196
XGR,58.711399,-65.992798
YMH,52.302799,-55.847198
YMT,49.771900,-74.528099
YUD,56.536098,-76.518303
YNC,53.010601,-78.831100
YNE,53.958302,-97.844200
YNL,58.276699,-104.082001
YOH,54.933300,-95.278900
YPH,58.471901,-78.076897
YPM,51.819698,-93.973297
YPO,54.988098,-85.443298
YPW,49.834202,-124.500000
YQD,53.971401,-101.091003
YQN,50.182800,-86.696404
YRA,64.116096,-117.309998
YRL,51.066898,-93.793098
YSF,59.250301,-105.841003
YSK,56.537800,-79.246696
YST,53.845600,-94.851898
YTL,53.817799,-89.896896
YVZ,52.655800,-94.061401
YWP,52.959393,-87.374868
YXN,62.240002,-92.598099
YZG,62.179401,-75.667198
ZAC,56.089401,-96.089203
ILF,56.061401,-95.613899
ZBF,47.629700,-65.738899
ZEM,52.226398,-78.522499
ZFD,59.334400,-107.181999
ZGI,54.839699,-94.078598
ZJN,52.120602,-101.236000
ZKE,52.282501,-81.677803
MSA,53.441399,-91.762802
ZMT,54.027500,-132.125000
ZPB,53.891102,-92.196404
ZRJ,52.943600,-91.312798
ZSJ,53.064201,-93.344398
ZTM,55.865601,-92.081398
ZUM,53.561901,-64.106400
ZWL,58.106899,-103.171997
BLJ,35.752102,6.308590
CBH,31.645700,-2.269860
BMW,21.375000,0.923889
ELU,33.511398,6.776790
KMS,6.714560,-1.590820
HDF,53.878700,14.152300
HEI,54.153332,8.901667
HGL,54.185280,7.915833
SJY,62.692101,22.832300
NQT,52.919998,-1.079170
DSA,53.480538,-1.010656
CAL,55.437199,-5.686390
EOI,59.190601,-2.772220
FIE,59.535801,-1.628060
NRL,59.367500,-2.434440
PPW,59.351700,-2.900280
SOY,59.155300,-2.641390
NDY,59.250301,-2.576670
LWK,60.192200,-1.243610
WRY,59.350300,-2.950000
LEQ,50.102798,-5.670560
PZE,50.128101,-5.518450
VLY,53.248100,-4.535340
BRR,57.022800,-7.443060
CFN,55.044201,-8.341000
CNL,57.503502,10.229400
LKN,68.152496,13.609400
OSY,64.472198,11.578600
MQN,66.363899,14.301400
RVK,64.838303,11.146100
RET,67.527802,12.103300
SDN,61.830002,6.105830
SOG,61.156101,7.137780
SVJ,68.243301,14.669200
SOJ,69.786797,20.959400
VAW,70.355400,31.044901
VRY,67.654555,12.727257
BZG,53.096802,17.977699
LCJ,51.721901,19.398100
OSD,63.194401,14.500300
HFS,60.020100,13.578900
KSD,59.444698,13.337400
TYF,60.157600,12.991300
AGH,56.296101,12.847100
SQO,64.960899,17.696600
HMV,65.806099,15.082800
VNT,57.357800,21.544201
QRA,-26.242500,28.151199
MQP,-25.383200,31.105600
AAM,-24.818100,31.544600
MBD,-25.798401,25.548000
GNZ,-21.692499,21.658100
ORP,-21.266701,25.316700
SWX,-18.373899,21.832600
TLD,-22.189199,29.126900
DIS,-4.206350,12.659900
CIP,-13.558300,32.587200
YVA,-11.710800,43.243900
WAQ,-18.701273,44.614921
JVA,-18.805010,45.273467
BMD,-19.686701,44.541901
MXT,-18.049999,44.033001
TVA,-17.850083,44.920467
WTA,-17.476101,43.972801
WTS,-18.759677,46.054065
WAM,-17.795378,48.442583
WPB,-15.584286,47.623587
DWB,-16.101690,45.358837
WMP,-16.072269,47.644165
WMA,-15.833049,48.833284
MJA,-21.426105,44.316509
CBT,-12.479200,13.486900
DUE,-7.400890,20.818501
VPE,-17.043501,15.683800
MSZ,-15.261200,12.146800
KOU,-1.184610,12.441300
MJL,-1.845140,11.056700
TCH,-2.850000,11.017000
VPY,-19.151300,33.429001
SRH,9.144440,18.374399
CMK,-14.306900,35.132500
LUD,-26.687401,15.242900
OND,-17.878201,15.952600
OMD,-28.584700,16.446699
SWP,-22.661900,14.568100
ERS,-22.612200,17.080400
BOA,-5.854000,13.064000
MAT,-5.799610,13.440400
INO,-1.947220,18.285801
NIO,-2.717500,17.684700
KRZ,-1.435000,19.024000
BSU,1.224720,19.788900
TSH,-6.438330,20.794701
LJA,-3.417000,23.450001
PFR,-4.329919,20.590124
OUK,60.425200,-0.750000
GMZ,28.029600,-17.214600
BTE,7.532420,-12.518900
KBS,7.944400,-11.761000
KEN,7.891290,-11.176600
OXB,11.894800,-15.653700
SMW,26.731800,-11.684700
VIL,23.718300,-15.932000
ESU,31.397499,-9.681670
EUN,27.151699,-13.219200
NDR,34.988800,-3.028210
RAI,14.924500,-23.493500
SFL,14.885000,-24.480000
BCO,5.782870,36.562000
BEI,9.386390,34.521900
DSE,11.082500,39.711399
DEM,8.554000,34.858002
GDE,5.935130,43.578602
GOR,8.161400,35.552900
ABK,6.734000,44.252998
MTF,6.957100,35.554700
TIE,7.202400,35.415000
ALU,11.958200,50.748000
BSA,11.275300,49.149399
MGQ,2.014440,45.304699
GLK,6.780830,47.454700
BUO,9.527500,45.554900
AAC,31.073299,33.835800
ATZ,27.046499,31.011999
ASV,-2.645050,37.253101
LKG,4.204120,34.348202
MYD,-3.229310,40.101700
NYK,-0.062399,37.041008
SRX,31.063499,16.594999
TOB,31.861000,23.907000
MJI,32.894100,13.276000
LAQ,32.788700,21.964300
ATB,17.710344,34.057018
UYL,12.053500,24.956200
PZU,19.433599,37.234100
BKZ,-1.332000,31.821200
TKQ,-4.886200,29.670900
LDI,-9.851110,39.757801
MUZ,-1.503000,33.802100
SHY,-3.609300,33.503500
TBO,-5.076390,32.833302
RUA,3.050000,30.917000
ULU,2.805560,32.271801
DIU,20.713100,70.921097
ABR,45.449100,-98.421799
ABY,31.535500,-84.194504
AHN,33.948601,-83.326302
ALM,32.839901,-105.990997
ALO,42.557098,-92.400299
ALW,46.094898,-118.288002
APN,45.078098,-83.560303
ATY,44.914001,-97.154701
BFD,41.803101,-78.640099
BFF,41.874001,-103.596001
BKW,37.787300,-81.124199
BQK,31.258801,-81.466499
BRL,40.783199,-91.125504
CEC,41.780201,-124.236999
CGI,37.225300,-89.570801
CIU,46.250801,-84.472397
CKB,39.296600,-80.228104
CLM,48.120201,-123.500000
CMX,47.168400,-88.489098
DDC,37.763401,-99.965599
DUJ,41.178299,-78.898697
EAU,44.865799,-91.484299
EKO,40.824902,-115.792000
EWB,41.676102,-70.956902
FAY,34.991199,-78.880302
GGW,48.212502,-106.614998
GRI,40.967499,-98.309601
HOT,34.478001,-93.096199
HTS,38.366699,-82.557999
KIO,5.644515,169.119507
IRK,40.093498,-92.544899
JMS,46.929699,-98.678200
LAR,41.312099,-105.675003
LBE,40.275902,-79.404800
LBF,41.126202,-100.683998
LEB,43.626099,-72.304199
LMT,42.156101,-121.733002
LNS,40.121700,-76.296097
LWT,47.049301,-109.467003
LYH,37.326698,-79.200401
MKG,43.169498,-86.238197
MLS,46.428001,-105.886002
MSL,34.745300,-87.610199
OTH,43.417099,-124.246002
OWB,37.740101,-87.166801
PIB,31.467100,-89.337097
PIH,42.909801,-112.596001
PIR,44.382702,-100.286003
PLN,45.570900,-84.796700
PSM,43.077900,-70.823303
RDG,40.378502,-75.965202
RHI,45.631199,-89.467499
RKS,41.594200,-109.065001
RUT,43.529400,-72.949600
SBP,35.236801,-120.641998
SHR,44.769199,-106.980003
SLK,44.385300,-74.206200
SLN,38.791000,-97.652199
SMX,34.898899,-120.457001
TUP,34.268101,-88.769897
UIN,39.942699,-91.194603
VCT,28.852600,-96.918503
VLD,30.782499,-83.276703
WRL,43.965698,-107.950996
YKM,46.568199,-120.543999
ECN,35.154701,33.496101
RJL,42.460953,-2.322235
IDY,46.718601,-2.391110
ANE,47.560299,-0.312222
LTT,43.205399,6.482000
JSY,37.422798,24.950899
PEV,45.990898,18.240996
SOB,46.686391,17.159084
AOT,45.738499,7.368720
QSR,40.620399,14.911300
CVU,39.671501,-31.113600
BNX,44.941399,17.297501
USQ,38.681499,29.471701
KSY,40.562199,43.115002
SFQ,37.094299,38.847099
KCM,37.538826,36.953522
AJI,39.654541,43.025978
ADF,37.731400,38.468899
ISE,37.855400,30.368401
EDO,39.554600,27.013800
SZF,41.254501,36.567101
ILZ,49.231499,18.613501
GDT,21.444500,-71.142303
MDS,21.826020,-71.802500
SLX,21.333000,-71.199997
AZS,19.267000,-69.741997
JBQ,18.572500,-69.985603
PBR,15.730900,-88.583801
AAZ,14.865600,-91.501999
UTK,11.222000,169.852005
AHS,15.472200,-84.352203
PEU,15.262200,-83.781197
MIJ,6.083330,171.733002
CYW,20.546000,-100.887001
CUA,25.053801,-111.614998
GUB,28.026100,-114.024002
JAL,19.475100,-96.797501
CTD,7.987840,-80.409698
ONX,9.356640,-79.867401
JQE,7.517780,-78.157204
PLP,8.406670,-78.141701
TTQ,10.420000,-83.609500
BCL,10.768700,-83.585602
PBP,9.856110,-85.370796
PJM,8.533330,-83.300003
SYQ,9.957050,-84.139801
JEE,18.663099,-74.170303
PAX,19.933599,-72.848602
TND,21.788300,-79.997200
COX,24.158701,-77.589798
ATC,24.629400,-75.673797
TBI,24.315300,-75.452301
CRI,22.745600,-74.182404
PID,25.083000,-77.300003
AIU,-19.967800,-158.119003
MGS,-21.895987,-157.906662
MHX,-10.376700,-161.001999
MUK,-20.136101,-157.345001
MOI,-19.842501,-157.703003
PYE,-9.014370,-158.032410
ICI,-17.743299,-179.341995
PTF,-17.777901,177.197006
KDV,-19.058100,178.156998
MNF,-17.673100,177.098007
MFJ,-18.566700,179.951004
NGI,-18.115601,179.339996
LKB,-18.199200,-178.817001
LBS,-16.466700,179.339996
TVU,-16.690599,-179.876999
KXF,-17.345800,179.421997
RTA,-12.482500,177.070999
SVU,-16.802799,179.341003
EUA,-21.378300,-174.957993
HPA,-19.777000,-174.341003
NFO,-15.570800,-175.632996
NTT,-15.977297,-173.791089
VBV,-17.268999,-178.975998
IUE,-19.079031,-169.925598
FUT,-14.311400,-178.065994
MXS,-13.742300,-172.257996
APK,-15.573600,-146.414993
AHE,-14.428100,-146.257004
AUQ,-9.768790,-139.011002
UAP,-9.351670,-140.078003
UAH,-8.936110,-139.552002
MTV,-13.666000,167.712006
SLH,-13.851700,167.537003
TOH,-13.328000,166.638000
EAE,-17.090300,168.343002
CCV,-16.264999,167.923996
LOD,-15.306700,167.966995
SSR,-15.470800,168.151993
PBJ,-16.438999,168.257004
LPM,-16.461123,167.829253
LNB,-16.584200,168.158997
MWF,-15.000000,168.082993
LNE,-15.865600,168.171997
NUS,-16.079700,167.401001
ZGU,-14.218100,167.587006
RCL,-15.472000,167.835007
SON,-15.505000,167.220001
TGH,-16.891100,168.550995
ULB,-16.329700,168.301100
VLS,-16.796101,168.177002
SWJ,-16.486400,167.447200
OLJ,-14.881700,166.557999
AUY,-20.249201,169.770996
AWD,-19.234600,169.600900
DLY,-18.769400,169.001007
FTA,-19.516399,170.231995
IPA,-18.856389,169.283333
TGJ,-21.096100,167.804001
BMY,-19.720600,163.660995
ILP,-22.588900,167.455994
FBD,37.121101,70.518097
AJF,29.785101,40.099998
WAE,20.504299,45.199600
KHD,33.435398,48.282902
BXR,29.084200,58.450001
RJN,30.297701,56.051102
BJB,37.493000,57.308201
AFZ,36.168098,57.595200
NSH,36.663300,51.464699
SRY,36.635799,53.193600
LRR,27.674700,54.383301
ADU,38.325699,48.424400
OMH,37.668098,45.068699
AAN,24.261700,55.609200
BNP,32.972900,70.527901
BHV,29.348101,71.718002
CJL,35.886600,71.800598
DBA,28.878300,64.399803
DEA,29.961000,70.485901
DSK,31.909401,70.896599
JIW,25.067801,61.805401
HDD,25.318100,68.366096
KDD,27.790600,66.647301
ORW,25.274700,64.585999
PAJ,33.902100,70.071602
KDU,35.335499,75.536003
SYW,26.473101,67.717201
TUK,25.986401,63.030201
ISU,35.561749,45.316738
KAC,37.020599,41.191399
GXF,15.966100,48.788300
ADK,51.877998,-176.645996
GST,58.425301,-135.707001
SGY,59.460098,-135.315994
HCR,62.188301,-159.774994
HNS,59.243801,-135.524002
KLG,61.536301,-160.341003
MCG,62.952900,-155.606003
MOU,62.095402,-163.682007
ANI,61.581600,-159.542999
VAK,61.540900,-165.600500
WRG,56.484299,-132.369995
OPU,-8.050000,142.932999
VMU,-7.496860,144.819901
LUP,21.211000,-156.973999
ENT,11.340700,162.328003
LZN,26.159800,119.958000
HCN,22.041100,120.730003
MFK,26.224199,120.002998
KUH,43.041000,144.192993
OKD,43.117447,141.381340
HSG,33.149700,130.302002
NKM,35.255001,136.923996
IWJ,34.676399,131.789993
FKS,37.227402,140.431000
ONJ,40.191898,140.371002
SYO,38.812199,139.787003
MYE,34.073601,139.559998
KUV,35.903801,126.615997
MPK,34.758900,126.379997
WJU,37.441201,127.963858
YNY,38.061298,128.669006
HIN,35.088591,128.071747
CJJ,36.717008,127.498741
SFS,14.794400,120.271004
CYU,10.858100,121.069000
CGM,9.253520,124.707001
JOL,6.053670,121.011002
TWT,5.046991,119.742996
SUG,9.755838,125.480947
TDG,9.072110,126.170998
WNP,13.584900,123.269997
BSO,20.451300,121.980003
SFE,16.595600,120.303001
TUG,17.643368,121.733150
VRC,13.576400,124.206001
CYP,12.072700,124.544998
CRM,12.502400,124.636002
MBT,12.369682,123.630095
RXS,11.597700,122.751999
TTG,-22.619600,-63.793701
LHS,-46.538300,-68.965302
OES,-40.751200,-65.034300
ING,-50.336102,-72.248596
GGS,-48.783100,-70.150002
SST,-36.542300,-56.721800
NEC,-38.483100,-58.817200
JDO,-7.218960,-39.270100
LEC,-12.482300,-41.277000
MEA,-22.343000,-41.765999
MII,-22.196899,-49.926399
VDC,-14.862800,-40.863098
RIA,-29.711399,-53.688202
TOW,-24.686300,-53.697498
ESR,-26.311100,-69.765198
ZPC,-39.292801,-71.915901
SOD,-23.478001,-47.490002
SCY,-0.910206,-89.617401
LOH,-3.995890,-79.371902
ESM,0.978519,-79.626602
PSY,-51.685699,-57.777599
CRC,4.758180,-75.955700
LQM,-0.182278,-74.770800
LPD,-1.328610,-69.579700
NQU,5.696400,-77.280600
PDA,3.853530,-67.906200
EYP,5.319110,-72.384000
GYA,-10.820600,-65.345596
PUR,-11.107663,-67.551155
RIB,-11.000000,-66.000000
REY,-14.304400,-67.353401
SRJ,-14.859200,-66.737503
ORG,5.811080,-55.190701
MVS,-18.048901,-39.864201
CJA,-7.139180,-78.489403
HUU,-9.878810,-76.204803
NZC,-14.854000,-74.961502
SRA,-27.906700,-54.520401
MYC,10.249978,-67.649422
VIG,8.624139,-71.672668
JPR,-10.870800,-61.846500
BBQ,17.635799,-61.828602
DSD,16.296902,-61.084400
BBR,16.013300,-61.742199
SFC,16.257799,-61.262501
GBJ,15.868700,-61.270000
NEV,17.205700,-62.589901
VIJ,18.446400,-64.427498
BQU,12.988400,-61.262001
UNI,12.600135,-61.411945
KOV,53.329102,69.594597
PPK,54.774700,69.183899
DZN,47.708302,67.733299
UKK,50.036598,82.494202
KSN,53.206902,63.550301
KVD,40.737701,46.317600
NAJ,39.188801,45.458401
NER,56.913898,124.914001
PYJ,66.400398,112.029999
CKH,70.623100,147.901993
CYX,68.740601,161.337997
IKS,71.697701,128.903000
KXK,50.409000,136.934006
DYR,64.734902,177.740997
OHO,59.410065,143.056503
UJE,8.928060,165.761993
MPW,47.076099,37.449600
VSG,48.417400,39.374100
OZH,47.867001,35.315701
KWG,48.043301,33.209999
HRK,49.924801,36.290001
IFO,48.884201,24.686100
CWC,48.259300,25.980801
RWN,50.607101,26.141600
UDJ,48.634300,22.263399
CSH,65.029999,35.733334
CEE,59.273602,38.015800
AMV,69.763298,61.556400
KSZ,61.235802,46.697498
PES,61.885201,34.154701
GNA,53.602001,24.053801
MVQ,53.954899,30.095100
EIE,58.474201,92.112503
KYZ,51.669399,94.400597
NOZ,53.811401,86.877197
HTG,71.978104,102.490997
IAA,67.437202,86.621902
NAL,43.512901,43.636600
OGZ,43.205101,44.606602
ESL,46.373901,44.330898
WKK,59.282600,-158.617996
BLF,37.295799,-81.207703
GLH,33.482899,-90.985603
PSC,46.264702,-119.119003
KQA,54.133770,-165.778896
LPS,48.483898,-122.938004
SLY,66.590797,66.611000
HMA,61.028500,69.086098
NYA,62.110001,65.614998
OVS,61.326622,63.601913
IJK,56.828098,53.457500
KVX,58.503300,49.348301
NYM,65.480904,72.698898
RAT,62.158600,77.328903
NFG,61.108299,72.650002
KRO,55.475300,65.415604
LBD,40.215401,69.694702
AZN,40.727699,72.293999
FEG,40.358799,71.745003
NMA,40.984600,71.556702
NCU,42.488400,59.623299
UGC,41.584301,60.641701
KSQ,38.833599,65.921501
TMJ,37.286701,67.309998
RYB,58.104198,38.929401
EGO,50.643799,36.590099
URS,51.750599,36.295601
LPK,52.702801,39.537800
VKT,67.488602,63.993099
UUA,54.639999,52.801701
JOK,56.700600,47.904701
CSY,56.090302,47.347301
ULY,54.401001,48.802700
OSW,51.072498,58.595600
PEZ,53.110600,45.021099
SKX,54.125130,45.212257
BWO,51.858299,47.745602
HBX,15.361700,75.084900
KCT,5.993680,80.320297
WRZ,6.254490,81.235199
BBM,13.095600,103.223999
SHL,25.703600,91.978699
GAU,26.106100,91.585899
DMU,25.883900,93.771103
TEZ,26.709101,92.784698
BZL,22.801001,90.301201
HOE,20.257299,100.436996
BHR,27.678101,84.429398
BDP,26.570801,88.079597
MEY,27.577400,84.228750
KEP,28.103600,81.667000
GAN,-0.693342,73.155602
HAQ,6.744230,73.170502
KDO,1.859170,73.521896
MAQ,16.699900,98.545097
BMV,12.668300,108.120003
HPH,20.819401,106.724998
CXR,11.998200,109.219002
VCS,8.731830,106.633003
VCA,10.085100,105.711998
DIN,21.397499,103.008003
UIH,13.955000,109.042000
PXU,14.004500,108.016998
VII,18.737600,105.670998
BMO,24.268999,97.246201
TVY,14.103900,98.203598
KAW,10.049300,98.538002
LIW,19.691500,97.214798
MNU,16.444700,97.660698
BSX,16.815201,94.779900
PKK,21.404300,95.111250
SWQ,-8.489040,117.412003
TMC,-9.409720,119.244003
BUI,-3.682200,138.675500
SEH,-3.450000,140.779000
TJS,2.835833,117.373611
DTD,0.810600,114.530600
BEJ,2.155500,117.431999
TJG,-2.216560,115.435997
SMQ,-2.499190,112.974998
LUV,-5.661620,132.731003
ARD,-8.132340,124.597000
BLG,2.650000,113.766998
LGL,3.421000,115.153999
ODN,3.967000,115.050003
MKM,2.906390,112.080002
BKM,3.974000,115.617996
LWY,4.849170,115.407997
BBN,3.733890,115.478996
TMG,5.402570,118.657630
KUD,6.922500,116.835999
TKG,-5.240556,105.175556
HLP,-6.266610,106.890999
NTX,3.908710,108.388000
PSU,0.835578,112.936996
SQG,0.063619,111.473000
PDO,-3.286070,103.879997
LSW,5.226680,96.950302
PKG,4.244720,100.553001
LBW,3.902800,115.692100
NNX,4.133333,117.666667
LPU,1.704486,114.970297
ALH,-34.943298,117.808998
GYL,-16.636900,128.451004
AUU,-13.354067,141.720650
BCI,-23.565300,145.307007
BDD,-10.150000,142.173400
BVI,-25.897499,139.348007
BHQ,-32.001400,141.472000
HTI,-20.358101,148.951996
BEU,-24.346100,139.460007
BRK,-30.039200,145.951996
BUC,-17.748600,139.533997
GIC,-9.232780,142.218002
OKY,-27.411400,151.735001
BQL,-22.913300,139.899994
BHS,-33.409401,149.651993
BLT,-23.603100,148.807007
CVQ,-24.880211,113.671740
CAZ,-31.538300,145.794006
CPD,-29.040001,134.720993
CNC,-10.050000,143.070007
CNJ,-20.668600,140.503998
CED,-32.130600,133.710007
CTN,-15.444700,145.184006
CMA,-28.030001,145.621994
CNB,-30.983299,148.376007
CUQ,-13.761133,143.113311
OOM,-36.300598,148.973999
DMD,-17.940300,138.822006
NLF,-9.583330,143.766998
DPO,-41.169701,146.429993
ELC,-12.019400,135.570999
EPR,-33.684399,121.822998
FLS,-40.091702,147.992996
GET,-28.796101,114.707001
GLT,-23.869699,151.223007
GTE,-13.975000,136.460007
GFF,-34.250801,146.067001
HID,-10.586400,142.289993
HOK,-18.336700,130.638000
MHU,-37.047501,147.334000
HGD,-20.815001,144.225006
JCK,-20.668301,141.723007
KAX,-27.692813,114.259169
KNS,-39.877499,143.878006
KFG,-17.431900,130.807999
KRB,-17.456699,140.830002
KWM,-15.485600,141.751007
KUG,-10.225000,142.218002
LNO,-28.878099,121.315002
LEL,-12.498900,135.806000
LDH,-31.538300,159.076996
IRG,-12.786900,143.304993
LSY,-28.830299,153.259995
LHG,-29.456699,147.983994
LRE,-23.434200,144.279999
LER,-27.843300,120.703003
LVO,-28.613600,122.424004
UBB,-9.950000,142.182999
MKR,-26.611700,118.547997
MIM,-36.908600,149.901001
MGT,-12.094400,134.893997
MNG,-12.056100,134.233994
MCV,-16.442499,136.084000
MQL,-34.229198,142.085999
MMG,-28.116100,117.842003
MRZ,-29.498899,149.845001
MOV,-22.057800,148.076996
MYA,-35.897800,150.143997
MGB,-37.745602,140.785004
ONG,-16.662500,139.177994
MYI,-9.916670,144.054993
MBH,-25.513300,152.714996
NRA,-34.702202,146.511993
NAA,-30.319201,149.826996
NTN,-17.684090,141.069664
ZNE,-23.417801,119.803001
OLP,-30.485001,136.876999
PUG,-32.506901,137.716995
PMK,-18.755301,146.580994
PBO,-23.171101,117.745003
CCK,-12.188300,96.833900
GOV,-12.269400,136.817993
PKE,-33.131401,148.238998
PLO,-34.605301,135.880005
EDR,-14.896451,141.609080
PQQ,-31.435801,152.863007
PTJ,-38.318100,141.470993
ULP,-26.612200,144.253006
RAM,-12.356400,134.897995
RMA,-26.545000,148.774994
SGO,-28.049700,148.595001
MJK,-25.893900,113.577003
SBR,-9.378330,142.625000
SRN,-42.154999,145.292007
XTG,-27.986401,143.811005
TCA,-19.634399,134.182999
VCD,-16.402124,131.004974
SYU,-10.208300,142.824997
WNR,-25.413099,142.667007
WYA,-33.058899,137.514008
WUN,-26.629200,120.221001
WOL,-34.561100,150.789001
WIN,-22.363600,143.085999
BWT,-40.998901,145.731003
OKR,-9.752801,143.405673
XMY,-9.901110,142.776001
NAY,39.782799,116.388000
CIF,42.235001,118.907997
CIH,36.247501,113.125999
DAT,40.060299,113.482002
HET,40.851398,111.823997
BAV,40.560001,109.997002
SJW,38.280701,114.696999
TGO,43.556702,122.199997
HLH,46.195333,122.008333
XIL,43.915600,115.963997
BHY,21.539400,109.293999
CGD,28.918900,111.639999
DYG,29.102800,110.443001
MXZ,24.350000,116.133003
ZUH,22.006399,113.375999
LZH,24.207500,109.390999
ZHA,21.214399,110.358002
ENH,30.320299,109.485001
NNY,32.980801,112.614998
XFN,32.150600,112.291000
YIH,30.556550,111.479988
AKA,32.708099,108.931000
GOQ,36.400600,94.786102
HZG,33.134136,107.206014
IQN,35.799702,107.602997
XNN,36.527500,102.042999
ENY,36.636902,109.554001
UYN,38.359710,109.590927
AVK,46.250301,102.802002
LTI,46.376400,96.221100
BYN,46.163300,100.704002
DLZ,43.591702,104.430000
HVD,47.954102,91.628197
MXV,49.663300,100.098999
DIG,27.793600,99.677200
LUM,24.401100,98.531700
SYM,22.793301,100.959000
ZAT,27.325600,103.754997
KOW,25.853333,114.778889
JDZ,29.338600,117.176003
JIU,29.476944,115.801111
JUZ,28.965799,118.899002
LYG,34.571667,118.873611
HYN,28.562201,121.429001
LYI,35.046101,118.412003
JJN,24.796400,118.589996
TXN,29.733299,118.255997
WEF,36.646702,119.119003
WEH,37.187099,122.228996
WUX,31.494400,120.429001
WUS,27.701900,118.000999
WNZ,27.912201,120.851997
YNZ,33.425833,120.203056
YIW,29.344700,120.031998
HSN,29.934200,122.362000
BPX,30.553600,97.108299
DAX,31.130200,107.429500
GYS,32.391102,105.702003
LZO,28.852200,105.392998
MIG,31.428101,104.740997
NAO,30.795450,106.162600
LZY,29.303301,94.335297
WXN,30.801700,108.433000
AKU,41.262501,80.291702
IQM,38.233611,85.465556
KCA,41.677856,82.872917
KRL,41.697800,86.128899
KRY,45.466550,84.952700
YIN,43.955799,81.330299
HEK,50.171621,127.308884
JMU,46.843399,130.464996
JNZ,41.101398,121.061996
NDG,47.239601,123.917999
YNJ,42.882801,129.451004
WKL,19.920500,-155.860700
WME,-27.286400,120.555000
LRV,11.950000,-66.669998
IOR,53.106701,-9.653610
NNR,53.230301,-9.467780
GTI,54.383331,13.325556
EZV,63.921001,65.030502
ORH,42.267300,-71.875702
AQG,30.582199,117.050003
SHP,39.968102,119.731003
YCU,35.116391,111.031389
JGN,39.856899,98.341400
DDG,40.024700,124.286003
DSN,39.490000,109.861389
PZI,26.540000,101.798520
PWT,47.490200,-122.764999
SPW,43.165501,-95.202797
JEF,38.591202,-92.156097
UNT,60.747200,-0.853850
PVC,42.071899,-70.221397
SBH,17.904400,-62.843601
KMW,57.796902,41.019402
SUI,42.858200,41.128101
TBW,52.806099,41.482800
OBN,56.463501,-5.399670
ERM,-27.661900,-52.268299
CVF,45.396702,6.634720
FUL,33.872002,-117.980003
USA,35.387798,-80.709099
NVI,40.117199,65.170799
QSF,36.178101,5.324490
LRH,46.179199,-1.195280
SUN,43.504398,-114.295998
MCW,43.157799,-93.331299
AZA,33.307800,-111.654999
XAU,3.613610,-53.204201
AKP,68.133598,-151.742996
ANV,62.646702,-160.190994
ATK,70.467300,-157.436005
GAM,63.766800,-171.733002
HPB,61.523899,-166.147003
KAL,64.319099,-158.740997
KSM,62.060501,-163.302002
KVL,67.736198,-164.563004
MYU,60.371399,-166.270996
RBY,64.727203,-155.470001
SHH,66.249604,-166.089112
SVA,63.686401,-170.492996
WTK,67.566101,-162.975006
OMC,11.058000,124.565002
YPX,60.050598,-77.286903
YTQ,58.667801,-69.955803
ARC,68.114700,-145.578995
QOW,5.427060,7.206030
FON,10.478000,-84.634499
TMU,9.738520,-85.013802
CYZ,16.929899,121.752998
KVK,67.463303,33.588299
GVR,-18.895201,-41.982201
KPC,65.253700,-166.858994
PJA,67.245598,23.068899
QBC,52.387501,-126.596001
HGR,39.707901,-77.729500
ACR,-0.583300,-72.408300
GOP,26.739700,83.449699
SDP,55.314999,-160.522995
HMI,42.841400,93.669197
WUZ,23.456699,111.248001
TBH,12.311000,122.084999
ACP,37.348000,46.127899
GBT,36.909401,54.401299
IIL,33.586601,46.404800
PFQ,39.603600,47.881500
TCG,46.672501,83.340797
MQM,37.223301,40.631699
AFS,41.613899,64.233200
DRG,66.069603,-162.766006
LEN,42.589001,-5.655560
RGS,42.357601,-3.620760
EGM,-8.578890,157.876007
CQD,32.297199,50.842201
DHM,32.165100,76.263397
NDC,19.183300,77.316704
SLV,31.081800,77.068001
IGG,59.324001,-155.901993
KNW,59.449902,-157.328003
KVC,55.116299,-162.266006
PTH,56.959099,-158.632996
TOG,59.052799,-160.397003
EGN,13.481700,22.467199
LKH,3.300000,114.782997
WLH,-15.412000,167.690994
CHG,41.538101,120.434998
UAS,0.530583,37.534195
BHG,15.763100,-84.543602
YVB,48.071098,-65.460297
SKT,32.535557,74.363892
PDP,-34.855099,-55.094299
WVB,-22.979900,14.645300
MPA,-17.634399,24.176701
AOE,39.809898,30.519400
CKZ,40.137699,26.426800
MSR,38.747799,41.661201
NOP,42.015800,35.066399
TEQ,41.138199,27.919100
YEI,40.255199,29.562599
LSS,15.864400,-61.580601
KMV,23.188801,94.051102
VQS,18.115801,-65.422699
YIF,51.211700,-58.658298
HDM,34.869202,48.552502
MRQ,13.361000,121.825996
GFN,-29.759399,153.029999
OAG,-33.381699,149.132996
TRO,-31.888599,152.514008
COQ,48.135700,114.646004
HOH,47.384998,9.700000
ESC,45.722698,-87.093697
YAK,59.503300,-139.660004
GUL,-34.810299,149.725998
CES,-32.787498,151.341995
NSO,-32.037201,150.832001
DGE,-32.562500,149.610992
MTL,-32.701265,151.492912
CPX,18.313289,-65.304324
MWA,37.755001,-89.011101
OCN,33.217300,-117.353996
KIK,35.469501,44.348900
XJD,25.117300,51.314999
GBZ,-36.241402,175.472000
IMT,45.818401,-88.114502
AET,66.551804,-152.621994
MGC,41.703300,-86.821198
SWD,60.126900,-149.419006
GRM,47.838299,-90.382896
AUW,44.926201,-89.626602
MYP,37.619400,61.896702
MVA,65.655800,-16.918100
QSA,41.520901,2.105080
WSY,-20.276110,148.755000
MIE,40.242298,-85.395897
LAF,40.412300,-86.936897
VGT,36.210701,-115.194000
ENW,42.595699,-87.927803
MTJ,38.509800,-107.893997
RIW,43.064201,-108.459999
PDT,45.695099,-118.841003
LYM,51.080000,1.013000
PKH,37.297501,23.147800
KTR,-14.521100,132.378006
NOA,-34.948898,150.537003
UCK,50.678404,25.487165
CEJ,51.402199,31.158300
BQT,52.108299,23.898100
OSH,43.984402,-88.556999
AGE,53.782780,7.913889
BXG,-36.739399,144.330002
EAT,47.398899,-120.207001
ARE,18.450001,-66.675301
RIN,-8.126390,157.143005
KCK,57.773000,108.064000
UKX,56.856701,105.730003
RMT,-22.637250,-152.805900
QLS,46.545300,6.616670
ZJI,46.160801,8.878610
QNC,46.957500,6.864720
TGK,47.198333,38.849167
GDZ,44.582093,38.012481
ZIA,55.553299,38.150002
IAR,57.560699,40.157398
OHE,52.912778,122.430000
JNG,35.292778,116.346667
DRK,8.718890,-83.641701
AAT,47.749886,88.085808
TZL,44.458698,18.724800
FWH,32.769199,-97.441498
NYT,19.623501,96.200996
VBP,11.149400,98.735901
NZH,49.566667,117.330000
WUA,39.793400,106.799300
GYY,41.616299,-87.412804
BRD,46.398300,-94.138100
LWB,37.858299,-80.399498
PGV,35.635201,-77.385300
CYF,60.149200,-164.285995
OXR,34.200802,-119.207001
BKG,36.532082,-93.200544
TEN,27.883333,109.308889
JGS,26.856899,114.737000
NIU,-16.119100,-146.368300
SCH,42.852501,-73.928902
NBC,55.564701,52.092499
QRW,5.596110,5.817780
IAO,9.859100,126.014000
LGO,53.742500,7.497778
NLP,-25.500000,30.913799
CKC,49.415600,31.995300
UST,29.959200,-81.339798
NLV,47.057899,31.919800
RHP,27.393999,86.061401
STS,38.508999,-122.813003
ISM,28.289801,-81.437103
LCQ,30.181999,-82.576897
LGU,41.791199,-111.851997
BMC,41.552399,-112.061996
ASE,39.223202,-106.869003
ULV,54.268299,48.226700
ERV,29.976700,-99.085701
GED,38.689201,-75.358902
ZSW,54.333302,-130.283005
GBD,38.344299,-98.859200
HYS,38.842201,-99.273201
SUS,38.662102,-90.652000
LYU,47.824501,-91.830704
GPZ,47.211102,-93.509804
TVF,48.065701,-96.184998
EGV,45.932301,-89.268303
ARV,45.927898,-89.730904
YBV,52.358898,-97.018303
AVX,33.404900,-118.416000
MHV,35.059399,-118.152000
ZIN,46.676601,7.879080
INQ,53.064701,-9.510900
SWT,60.709400,77.660004
HUT,38.065498,-97.860603
OAI,34.946098,69.264999
AKH,24.062700,47.580502
STJ,39.771900,-94.909698
VOK,43.938999,-90.253403
GUC,38.533901,-106.932999
SIA,34.376701,109.120003
TOA,33.803398,-118.339996
MBL,44.272400,-86.246902
PGD,26.920200,-81.990501
WFK,47.285500,-68.312798
JHW,42.153400,-79.258003
YTM,46.409401,-74.779999
SME,37.053398,-84.615898
SHD,38.263802,-78.896400
DVL,48.114201,-98.908798
DIK,46.797401,-102.802002
SDY,47.706902,-104.193001
CDR,42.837601,-103.095001
AIA,42.053200,-102.804001
MCK,40.206299,-100.592003
MTH,24.726101,-81.051399
GDV,47.138699,-104.806999
OLF,48.094501,-105.574997
WYS,44.688400,-111.117996
ALS,37.434898,-105.866997
CNY,38.755001,-109.754997
ELY,39.299702,-114.842003
VEL,40.440899,-109.510002
RUI,33.462799,-105.535004
SOW,34.265499,-110.005997
MYL,44.889702,-116.100998
SMN,45.123798,-113.880997
MMH,37.624100,-118.837997
FRD,48.521999,-123.024002
ESD,48.708199,-122.910004
AST,46.158001,-123.878998
ONP,44.580399,-124.057999
EMK,62.786098,-164.490997
UNK,63.888401,-160.798996
UUK,70.330803,-149.598007
SHX,62.692299,-159.569000
CHU,61.579102,-159.216003
NUI,70.209999,-151.005997
EEK,60.213673,-162.043884
KUK,60.874401,-162.524002
KWT,60.790298,-161.444000
KWK,59.876499,-163.169005
MLL,61.864300,-162.026001
RSH,61.778885,-161.319458
KGK,59.726601,-157.259003
KMO,58.990200,-159.050003
CIK,66.644997,-143.740005
EAA,64.776398,-141.151001
HUS,66.041100,-154.263001
HSL,65.697899,-156.350998
NUL,64.729301,-158.074005
VEE,67.008698,-146.365997
WBQ,66.362198,-147.406998
CEM,65.573799,-144.783005
SHG,66.888100,-157.162003
IYK,35.658798,-117.830002
VIS,36.318699,-119.392998
MCE,37.284698,-120.514000
CYR,-34.456402,-57.770599
CPQ,-22.859200,-47.108200
GYR,33.422501,-112.375999
TWB,-27.542801,151.916000
BBL,-27.405633,141.809458
AYK,50.318600,66.952797
AGN,57.503601,-134.585007
ELV,58.195202,-136.347000
FNR,58.254398,-134.897995
HNH,58.096100,-135.410111
MTM,55.131001,-131.578003
HYG,55.206299,-132.828003
EGX,58.185501,-157.375000
KPV,55.905998,-159.162993
PIP,57.580399,-157.572006
WSN,58.703400,-157.007996
AKK,56.938702,-154.182999
KYK,57.567101,-154.449997
KLN,57.535099,-153.977997
ABL,67.106300,-157.856989
BKC,65.981598,-161.149002
IAN,66.975998,-160.436996
OBU,66.912300,-156.897003
ORV,66.817902,-161.018997
WLK,66.600098,-159.985992
KTS,65.331299,-166.466003
ELI,64.614700,-162.272003
GLV,64.550499,-163.007004
TLA,65.240402,-166.339005
WAA,65.622593,-168.095000
WMO,64.689201,-163.412994
KKA,64.939499,-161.154007
SMK,63.490101,-162.110001
SKK,64.371101,-161.223999
TNC,65.563103,-167.921997
AKB,52.220299,-174.205994
IKO,52.941601,-168.848999
CYT,60.080974,-142.494541
AUK,62.680042,-164.659927
KPN,59.932999,-164.031006
KFP,54.847401,-163.410004
NLG,56.007500,-161.160004
PML,56.006001,-160.561005
KLW,55.579201,-133.076004
KWN,59.755100,-161.845000
KOT,63.030602,-163.533005
KYU,64.876099,-157.727005
SCM,61.845299,-165.570999
NNL,59.980202,-154.839005
KKH,59.960800,-162.880997
NIB,63.018600,-154.358002
AKI,60.902901,-161.231003
AIN,70.638000,-159.994995
APZ,-38.975498,-70.113602
RDS,-37.390598,-68.904198
PNT,-51.671501,-72.528397
SGV,-41.591702,-65.339401
IGB,-41.320900,-69.574898
NCN,60.077301,-147.992004
TKJ,63.329498,-142.953995
IRC,65.830498,-144.076008
SLQ,61.700500,-157.166000
LMA,63.886002,-152.302002
MLY,64.997597,-150.643997
YNP,55.913898,-61.184399
YSO,54.910500,-59.785070
YWB,61.588600,-71.929398
YTF,48.508900,-71.641899
YGV,50.281898,-63.611401
YXK,48.478100,-68.496902
XTL,58.706100,-98.512199
XLB,58.617500,-101.469002
XSI,56.792801,-98.907204
YBT,57.889400,-101.679001
ZGR,52.045601,-95.465797
YCR,54.610600,-97.760803
YRS,54.167198,-93.557198
YOP,58.491402,-119.407997
YBY,54.304199,-110.744003
ZNA,49.183300,-123.949997
YGG,48.854500,-123.496900
YDT,49.074200,-123.012001
YLY,49.100800,-122.630997
YFJ,64.190804,-114.077002
RNI,12.162900,-83.063797
BZA,13.950000,-84.599998
RFS,13.889700,-84.408897
SIU,13.727222,-84.777779
WSP,14.739200,-83.969398
NCR,11.133400,-84.769997
PLD,9.870510,-85.481400
COZ,18.907499,-70.721901
NEG,18.342800,-78.332100
NRR,18.245300,-65.643402
SPB,18.338600,-64.940697
ARR,-45.013599,-70.812202
JSM,-44.048599,-70.458900
UYU,-20.446301,-66.848396
RBQ,-14.427900,-67.496803
ABF,1.798610,173.041000
ABN,5.512720,-54.050098
DRJ,4.111359,-54.672766
MOJ,5.607600,-54.400300
ICK,5.955560,-57.039398
OEM,3.345280,-55.442501
SMZ,4.350000,-54.416668
TOT,5.865830,-56.327499
AGI,5.841128,-56.673328
ORJ,4.725270,-60.035000
NAI,3.959440,-59.124199
IMB,5.708110,-60.294201
KAR,5.865340,-60.614201
USI,8.200000,-59.783298
MHA,5.277490,-59.151100
PJC,-22.639999,-55.830002
ACD,8.516670,-77.300000
RVE,6.951868,-71.857179
BQJ,67.648003,134.695007
VGZ,0.978767,-76.605600
EBG,7.596470,-74.808900
CAQ,7.968470,-75.198500
COG,5.083330,-76.700000
TLU,9.509450,-75.585400
CFB,-22.921700,-42.074299
OPS,-11.885000,-55.586109
GRP,-11.739600,-49.132198
CMP,-9.319970,-50.328499
BVS,-1.636530,-50.443600
SFK,-0.699431,-48.521000
PIN,-2.673020,-56.777199
BRA,-12.078900,-45.008999
STZ,-10.464722,-50.518612
MQH,-13.549100,-48.195301
AUX,-7.227870,-48.240501
NVP,-5.118030,-60.364899
FRC,-20.592199,-47.382900
DOU,-22.201900,-54.926601
LBR,-7.278970,-64.769501
ROO,-16.586000,-54.724800
GPB,-25.387501,-51.520199
JCB,-27.171400,-51.553299
RVD,-17.834723,-50.956112
AAX,-19.563200,-46.960400
MBZ,-3.372170,-57.724800
RBB,-4.406340,-59.602402
CIZ,-4.134060,-63.132599
BAZ,-0.981292,-62.919601
DMT,-14.376900,-56.400398
GNM,-14.208200,-42.746101
QDJ,34.665700,3.351000
NZA,-7.716940,21.358200
LBZ,-8.445727,20.732086
KNP,-9.769370,15.455319
AMC,11.034000,20.274000
GSQ,22.585699,28.716600
MRB,39.401901,-77.984596
AWA,7.067000,38.500000
JIJ,9.332500,42.912100
MKS,10.725400,38.741500
DBM,10.350000,37.716999
DBT,11.967000,38.000000
QHR,8.716300,39.005900
GOB,7.116063,40.046303
MYB,-3.458420,10.674076
MRE,-1.406111,35.008057
JJM,0.165083,38.195141
RBX,6.825000,29.669001
CPA,4.379020,-7.696950
IHC,-25.997145,32.929352
MAX,15.593600,-13.322800
BDI,-3.724720,55.205299
WHF,21.802698,31.521578
NBE,36.075833,10.438611
HTY,36.362778,36.282223
RVV,-23.885201,-147.662003
FUO,23.083300,113.070000
HUZ,23.049999,114.599998
ILD,41.728185,0.535023
BIU,65.641296,-23.546200
GJR,65.995300,-21.326900
SAK,65.731697,-19.572800
IIA,53.092999,-9.568060
ULG,48.993301,89.922501
KQT,37.866402,68.864700
VGD,59.282501,39.944401
ONK,68.514999,112.480003
SYS,71.927902,114.080002
LDG,64.896004,45.723000
HSK,42.076099,-0.316667
CQM,38.856389,-3.970000
NJF,31.989853,44.404317
CSA,56.057499,-6.243060
RKH,34.987801,-81.057198
AGC,40.354401,-79.930199
VQQ,30.218700,-81.876701
FTY,33.779099,-84.521400
TII,32.604198,65.865799
ZAJ,30.972222,61.865833
CCN,34.533001,65.266998
FUG,32.882157,115.734364
LCX,25.674700,116.747002
BSD,25.053301,99.168297
ACX,25.086389,104.959444
HZH,26.322170,109.149900
OSU,40.079800,-83.072998
ADS,32.968601,-96.836403
DSI,30.400101,-86.471497
KHE,46.675800,32.506401
SZS,-46.899700,168.100998
HJJ,27.441111,109.700000
YQI,43.826900,-66.088097
ISO,35.331402,-77.608803
FFA,36.018200,-75.671303
LNJ,23.738100,100.025002
CKS,-6.115278,-50.001389
MWK,3.348120,106.258003
PGU,27.379601,52.737701
YES,30.700500,51.545101
OSM,36.305801,43.147400
TJH,35.512798,134.787003
AXJ,32.482498,130.158997
KKX,28.321301,129.927994
AGJ,26.592501,127.240997
ULZ,47.709300,96.525800
UGA,48.855000,103.475998
ULO,50.066588,91.938273
LBX,13.855400,120.105003
TJU,37.988098,69.805000
CMJ,23.213100,119.417999
TAZ,41.761101,59.826698
BWB,-20.864401,115.405998
DRB,-17.370001,123.661003
WGE,-30.032801,148.126007
BRT,-11.769200,130.619995
DKI,-17.941700,146.139999
LZR,-14.673273,145.454571
HLT,-37.648899,142.065002
HCQ,-18.233900,127.669998
FIZ,-18.181900,125.558998
RVT,-33.797199,120.208000
PVU,40.219200,-111.723000
SBS,40.516300,-106.865997
DTA,39.380600,-112.508003
PUC,39.613899,-110.751000
LAM,35.879799,-106.268997
HII,34.571098,-114.358002
INW,35.021900,-110.723000
DGL,31.342600,-109.505997
MZK,2.058610,173.270996
AEA,0.490833,173.828995
AAK,0.185278,173.636993
KUC,0.218611,173.442001
AIS,-2.616110,176.802994
TMN,-2.485830,175.970001
BEZ,-1.354720,176.007004
NIG,-1.314440,176.410004
BBG,3.085830,172.811005
MTK,3.374440,172.992004
MNK,1.003610,173.031006
NON,-0.639722,174.427994
TSU,-1.474440,175.063995
WTZ,-36.831699,175.679001
KTF,-40.813301,172.774994
AFT,-9.191389,160.948611
RNA,-9.860544,161.979547
CHY,-6.711944,156.396111
NNB,-10.847994,162.454108
XYA,-9.092816,159.218410
BPF,-8.562028,158.119306
BOW,27.943399,-81.783401
FTI,-14.217200,-169.425003
LVK,37.693401,-121.820000
RMY,37.510899,-120.040001
GFY,-19.602200,18.122700
NDU,-17.956499,19.719400
TRM,33.626701,-116.160004
SMO,34.015800,-118.450996
UDD,33.748402,-116.275002
SCF,33.622898,-111.911003
OLM,46.969398,-122.903000
RIL,39.526299,-107.726997
SAA,41.444901,-106.823997
PDK,33.875599,-84.302002
BMG,39.146000,-86.616699
SUA,27.181700,-80.221100
MMU,40.799400,-74.414902
APC,38.213200,-122.280998
SDM,32.572300,-116.980003
VNC,27.071600,-82.440300
PHK,26.785000,-80.693398
ECP,30.357106,-85.795414
SBD,34.095402,-117.235001
VAL,-13.296500,-38.992401
CAU,-8.282390,-36.013500
AWK,19.282101,166.636002
QNV,-22.745300,-43.460300
SQL,37.511902,-122.250000
RWI,35.856300,-77.891899
SXQ,60.475700,-151.033997
SEE,32.826199,-116.972000
PHA,11.633500,108.952003
SQH,21.216999,104.032997
TKF,39.320000,-120.139999
FRJ,43.417500,6.735700
GEX,-38.224998,144.332993
LVM,45.699402,-110.447998
GMV,37.016701,-110.200996
JRA,40.754501,-74.007103
LAL,27.988899,-82.018602
SYH,27.811200,86.712400
RBK,33.574200,-117.127998
FNU,39.895308,8.642661
MYQ,12.230000,76.655833
MGY,39.589001,-84.224899
FDY,41.013500,-83.668701
PEA,-35.755846,137.962875
EMP,38.332100,-96.191200
HYC,51.611698,-0.808333
BBP,50.678101,-1.109440
SPF,44.480301,-103.782997
QYD,54.579700,18.517200
OLV,34.978699,-89.786903
KNA,-32.949600,-71.478600
ONQ,41.506401,32.088600
BJC,39.908798,-105.116997
SLE,44.909500,-123.002998
UTM,34.681000,-90.346703
ZKB,-8.525000,30.663000
LND,42.815201,-108.730003
MWC,43.110401,-88.034401
JVL,42.620300,-89.041603
LZU,33.978100,-83.962402
BWG,36.964500,-86.419701
RVS,36.039600,-95.984596
NHD,25.026800,55.366199
KGO,48.542801,32.285000
DBB,30.924500,28.461399
BCE,37.706402,-112.144997
CKL,55.878300,38.061699
TCZ,24.938056,98.485833
UKS,44.688999,33.570999
OAZ,31.863800,64.224602
JCI,38.830898,-94.890297
ESN,38.804199,-76.069000
HMR,60.818100,11.068000
MYV,39.097801,-121.570000
DUC,34.470901,-97.959900
UVA,29.211300,-99.743599
LOT,41.607300,-88.096199
CCR,37.989700,-122.056999
OCA,25.325399,-80.274803
YUS,32.836389,97.036389
HIA,33.790833,119.125000
YOO,43.922798,-78.894997
LHA,48.369301,7.827720
NYW,22.221638,95.093479
ATO,39.210999,-82.231400
SGH,39.840302,-83.840202
HEX,18.469700,-69.969398
CDA,-12.903300,132.531998
JAB,-12.658300,132.893005
HGS,8.397130,-13.129100
TOP,39.068699,-95.622498
MQY,36.008999,-86.520103
UOS,35.205101,-85.898102
NGQ,32.100000,80.053056
CSO,51.856400,11.420300
PWK,42.114222,-87.901494
KLS,46.118000,-122.898003
ZTA,-20.789700,-138.570007
PUE,8.667000,-77.418000
KHC,45.372501,36.401402
UKA,-4.293330,39.571098
ILN,39.427898,-83.792099
AVW,32.409599,-111.218002
CGZ,32.954899,-111.766998
BXK,33.420399,-112.685997
MMI,35.397301,-84.562599
STK,40.615299,-103.264999
RWL,41.805599,-107.199997
CDW,40.875198,-74.281403
AIZ,38.096001,-92.549500
TVI,30.901600,-83.881302
HSH,35.972801,-115.134003
GML,50.603500,30.191900
TMA,31.429001,-83.488503
RDO,51.389198,21.213301
DVT,33.688301,-112.083000
YRV,50.966702,-118.182999
FRG,40.728802,-73.413399
ZHY,37.573125,105.154454
MCL,63.732601,-148.910995
PPC,66.814102,-150.643997
KHW,-19.150000,23.783001
TXG,24.186300,120.653999
HLG,40.174999,-80.646301
XYE,15.300000,97.866997
DWC,24.896356,55.161389
RKP,28.086800,-97.044601
MVV,45.820801,6.652220
MFX,45.407003,6.577942
AEB,23.720600,106.959999
OKF,-19.149200,15.911900
OKU,-18.812799,17.059401
KOQ,51.721111,11.952778
PSH,54.308887,8.686944
TTD,45.549400,-122.401001
HIO,45.540401,-122.949997
KHT,33.333401,69.952003
NMT,23.083000,97.383003
BNO,43.591900,-118.955002
PRZ,44.286999,-120.903999
RBL,40.150700,-122.251999
NOT,38.143600,-122.556000
LKV,42.161098,-120.399002
OTK,45.418201,-123.814003
ONO,44.020500,-117.014000
DLS,45.618500,-121.167000
GAI,39.168301,-77.166000
OAS,33.125750,68.838517
YTA,45.864399,-77.251701
TSB,-19.261900,17.732500
YSD,50.266701,-111.182999
BNU,-26.830601,-49.090302
YCC,45.092800,-74.563301
IZA,-21.513056,-43.173058
MVL,44.534599,-72.613998
RBD,32.680901,-96.868202
BXY,45.621994,63.210773
WST,41.349602,-71.803398
BID,41.168098,-71.577797
NME,60.471001,-164.701004
OOK,60.541401,-165.087006
OBY,70.488229,-21.971680
VIN,49.242531,28.613778
BGE,30.971500,-84.637398
ZGS,50.259701,-60.679401
ZKG,50.195801,-61.265800
YBI,53.469398,-55.785000
WHP,34.259300,-118.413002
MAE,36.988602,-120.112000
YZZ,49.055599,-117.609001
YAB,73.005892,-85.032549
GSI,4.285833,-54.373056
MPY,3.657500,-54.037201
LDX,5.483060,-54.034401
KJI,48.222300,86.995900
CPB,8.633330,-77.350000
HMB,26.342778,31.742778
RVY,-30.974600,-55.476200
POJ,-18.672800,-46.491199
JTC,-22.166859,-49.050287
OIA,-6.763100,-51.049900
RDC,-8.033290,-49.979900
SXX,-6.641300,-51.952300
BYO,-21.247299,-56.452499
SXO,-11.632400,-50.689602
CFC,-26.788401,-50.939800
CAF,-4.871520,-66.897499
ERN,-6.639530,-69.879799
CCI,-27.180599,-52.052700
FBE,-26.059200,-53.063499
CFO,-10.634400,-51.563599
AAF,29.727501,-85.027496
UMU,-23.798700,-53.313801
DTI,-18.232000,-43.650398
FBA,-2.532610,-66.083199
OLC,-3.467930,-68.920412
HUW,-7.532120,-63.072102
IRZ,-0.378600,-64.992300
ORX,-1.714080,-55.836201
UNA,-15.355200,-38.999001
TEF,-21.715000,122.228996
GZP,36.299217,32.300598
OAA,33.922500,69.077222
FPR,27.495100,-80.368301
PYM,41.909000,-70.728798
NCO,41.597099,-71.412102
OWD,42.190498,-71.172897
BAF,42.157799,-72.715599
MGJ,41.509998,-74.264603
HAR,40.217098,-76.851501
DXR,41.371498,-73.482201
ASH,42.781700,-71.514801
LWM,42.717201,-71.123398
OXC,41.478600,-73.135201
RMG,34.350601,-85.157997
GAD,33.972599,-86.088996
WDR,33.982899,-83.667397
DNN,34.722900,-84.870201
LGC,33.008900,-85.072601
PIM,32.840698,-84.882401
GVL,34.272598,-83.830200
PHD,40.470901,-81.419701
HHH,32.224400,-80.697502
DNL,33.466499,-82.039398
MRN,35.820202,-81.611397
PVL,37.561798,-82.566399
TOC,34.593800,-83.295799
PLV,49.568600,34.397202
WUU,7.725830,27.975000
HUE,14.250000,36.583000
OYL,3.469720,39.101398
OZG,30.320299,-5.866670
WYE,8.610470,-11.045400
GBK,7.767000,-12.383000
THX,65.797203,87.935303
TGP,61.589699,89.994003
AFW,32.987598,-97.318802
RMK,-34.196400,140.673996
LGH,-30.598301,138.425995
RTS,-32.006699,115.540001
FOS,-30.838100,128.115005
KEW,52.991100,-92.836403
YSP,48.755299,-86.344398
YHF,49.714199,-83.686096
YHN,49.193100,-84.758904
YKX,48.210300,-79.981400
YMG,49.083900,-85.860603
YXZ,47.966702,-84.786697
YEM,45.842800,-81.858101
LWC,39.011200,-95.216599
PPM,26.247101,-80.111099
XMC,-37.598301,149.720001
ULH,26.480000,38.128889
YUE,-22.254200,131.781998
LOP,-8.757322,116.276675
ZMH,51.736099,-121.333000
HDG,36.525833,114.425556
LOZ,37.082199,-84.084900
FBG,35.131802,-78.936699
WMI,52.451099,20.651800
JXA,45.293000,131.193000
JDG,33.399601,126.711998
YGM,50.628101,-97.043297
EYK,63.686901,66.698601
RAC,42.760601,-87.815201
RZP,10.818740,119.507697
RKZ,29.351900,89.311401
TIW,47.267899,-122.578003
GUF,30.290501,-87.671799
IBB,-0.942628,-90.953003
HMJ,49.359699,26.933399
HIW,34.366901,132.414001
KYI,-31.470600,131.824997
HZL,40.986801,-75.994904
CBE,39.615398,-78.760902
WYN,-15.511400,128.153000
YBO,56.966702,-130.250000
KLF,54.549999,36.366669
LNR,43.211700,-90.181602
JOT,41.517799,-88.175499
VYS,41.351898,-89.153099
JXN,42.259800,-84.459396
BBX,40.137501,-75.265099
OBE,27.262800,-80.849800
SEF,27.456400,-81.342400
AVO,27.591200,-81.527802
GIF,28.062901,-81.753304
ZPH,28.228201,-82.155899
OCF,29.172600,-82.224197
AIK,33.649399,-81.684998
CDN,34.283600,-80.564903
LBT,34.609901,-79.059402
SOP,35.237400,-79.391197
SVH,35.765301,-80.953903
LHV,41.135601,-77.422302
BKL,41.517502,-81.683296
DKK,42.493301,-79.272003
LLY,39.942902,-74.845703
LDJ,40.617401,-74.244598
ANQ,41.639702,-85.083504
CLW,27.976700,-82.758698
CGX,41.858799,-87.607903
CRE,33.811699,-78.723900
BXO,46.974444,8.396944
WBW,41.297199,-75.851196
LNN,41.683998,-81.389702
UMD,70.680428,-52.111630
RLK,40.926000,107.742800
FFT,38.182499,-84.904701
LEW,44.048500,-70.283501
MRK,25.995001,-81.672501
DRE,46.009300,-83.743896
GDW,43.970600,-84.474998
MFI,44.636902,-90.189301
ISW,44.360298,-89.838997
CWI,41.831100,-90.329102
BVY,42.584202,-70.916496
OSF,55.511667,37.507222
YRQ,46.352798,-72.679398
POF,36.773899,-90.324898
EOK,40.459900,-91.428497
PSL,56.439201,-3.372220
STP,44.934502,-93.059998
SOO,61.261501,17.099100
VNA,15.709439,106.410699
DKS,73.517807,80.379669
BYT,51.668598,-9.484170
ADY,-22.679001,29.055500
HAO,39.363800,-84.522003
GAS,-0.463508,39.648300
HOA,-1.522000,40.004002
KEY,-0.389900,35.242093
ILU,-2.910610,38.065201
ATJ,-19.839221,47.063713
OVA,-24.235695,45.304527
UTS,65.437294,52.200336
RGK,51.966702,85.833298
FLD,43.771198,-88.488403
STE,44.545200,-89.530296
MQJ,66.450861,143.261551
PEF,54.157780,13.774444
CJN,-7.719895,108.488995
GQQ,40.753399,-82.723801
TPN,-0.776111,-75.526398
PTZ,-1.505240,-78.062698
CKV,36.621899,-87.415001
LPC,34.665600,-120.468002
CTH,39.979000,-75.865501
BST,31.559700,64.364998
LLK,38.746399,48.818001
GBB,40.826667,47.712500
ZTU,41.562222,46.667221
LKP,44.264500,-73.961899
KDY,62.789001,136.854996
GYG,62.103484,129.545288
JIQ,29.513333,108.831111
AOH,40.706902,-84.026703
DSO,39.745201,127.473999
SSI,31.151800,-81.391296
BFP,40.772499,-80.391403
GGE,33.311699,-79.319603
HDI,35.220100,-84.832397
RNT,47.493099,-122.216003
POC,34.091599,-117.781998
CTY,29.635500,-83.104797
CEU,34.671902,-82.886498
BEC,37.694500,-97.214996
QFO,52.090801,0.131944
SNY,41.101299,-102.985001
GKL,-23.183300,150.942001
RPB,-14.734814,134.525485
IFL,-17.559401,146.011993
JRF,21.307400,-158.070009
BIN,34.817001,67.817001
NBS,42.066944,127.602222
RGO,41.428538,129.647555
MOO,-28.099400,140.197006
LUZ,51.240278,22.713611
ECA,44.312801,-83.422302
VAM,3.470556,72.835833
LLF,26.338661,111.610043
LSZ,44.565800,14.393100
ONS,-21.668301,115.112999
TDR,-24.993299,150.093002
WBU,40.039398,-105.225998
BBJ,49.945278,6.565000
PAO,37.461102,-122.114998
USR,64.550003,143.115005
MSC,33.460800,-111.727997
YTY,32.563400,119.719800
PTK,42.665501,-83.420097
KSI,9.160560,-10.124400
EEN,42.898399,-72.270798
THQ,34.559399,105.860001
VRO,23.124001,-81.301598
GKK,0.732400,73.433600
RCS,51.351898,0.503333
RHD,-27.496600,-64.935950
KMP,-26.539801,18.111401
KGT,30.157500,101.734722
VUS,60.788300,46.259998
IOW,41.639198,-91.546501
TLQ,43.030800,89.098700
ANP,38.942902,-76.568398
FXO,-14.815000,36.529999
ODO,57.866100,114.242996
ZTR,50.270556,28.738611
HRI,6.284467,81.124128
PEQ,31.382401,-103.511002
HBG,31.264799,-89.252800
QCJ,-22.939501,-48.467999
QSC,-21.875401,-47.903703
YKN,42.916698,-97.385902
XSB,24.283611,52.580278
ZBM,45.290798,-72.741402
KTI,12.488000,106.055000
GYU,36.078889,106.216944
CNI,39.266667,122.666944
KRH,51.213600,-0.138611
JGD,50.371389,124.117500
CCL,-26.775000,150.617004
HWD,37.659199,-122.122002
MZP,-41.123299,172.988998
JHQ,-20.277221,148.755556
ARB,42.223000,-83.745598
SHT,-36.428902,145.393005
TEM,-34.421398,147.511993
GAH,-25.614401,151.619003
WIO,-31.526400,143.375000
BFJ,27.267066,105.472097
ULK,60.720600,114.825996
KVR,44.272600,135.029000
IGD,39.976627,43.876648
GNY,37.445663,38.895592
KZR,39.113079,30.128111
VLU,56.381100,30.608101
BEO,-33.066700,151.647995
BMP,-20.803301,149.270004
NGZ,37.788898,-122.320000
YCN,49.105598,-81.013603
BJP,-22.979162,-46.537508
BQB,-33.688423,115.401596
SEK,67.480500,153.736400
IVR,-29.888300,151.143997
GLI,-29.674999,151.688995
IMM,26.433201,-81.401001
TQQ,-5.764570,123.917000
YIC,27.802500,114.306200
PTB,37.183800,-77.507401
SBM,43.769600,-87.851402
KFE,-22.290754,119.437143
BJU,29.502001,81.668999
MZJ,32.510601,-111.328003
SAD,32.854801,-109.635002
SLJ,-22.255400,117.762700
KJP,26.168301,127.292999
EKB,51.591000,75.214996
SIK,36.898899,-89.561798
TTI,-17.013300,-149.587006
GFL,43.341202,-73.610298
MTN,39.325699,-76.413803
FRY,43.991100,-70.947899
NEW,30.042400,-90.028297
COE,47.774300,-116.820000
BMT,30.070700,-94.215797
DNV,40.199200,-87.595901
COJ,-31.332500,149.266998
TIX,28.514799,-80.799202
BZH,-16.816999,28.350000
UAR,32.514306,-1.983056
NYE,-0.364414,36.978485
AAP,29.722500,-95.588303
FCM,44.827202,-93.457100
LIX,-12.075833,34.737222
OJC,38.847599,-94.737602
GIU,7.956670,80.728500
EUM,54.079445,9.941389
TKT,16.896000,99.253304
YLK,44.485298,-79.555603
YCM,43.191700,-79.171700
YPD,45.257500,-79.829697
MNZ,38.721401,-77.515404
LJN,29.108601,-95.462097
BGG,38.859261,40.595963
KFS,41.314201,33.795799
LLV,37.683333,111.142778
DCY,29.323056,100.053333
GXH,34.810500,102.644700
CIY,36.994601,14.607182
KVM,64.667000,170.417007
ZKP,65.748500,150.888900
UMS,60.356998,134.434998
ADH,58.602798,125.408997
OLZ,60.397499,120.471001
NLT,43.431800,83.378600
PTA,60.201681,-154.325863
BOR,47.655602,7.010830
OBC,11.967000,43.266998
TDJ,11.783000,42.917000
AQB,15.012200,-91.150597
NOR,65.131897,-13.746400
BTZ,40.233299,29.009199
WAR,-3.235000,140.994000
EWK,38.058201,-97.274498
BSJ,-37.887501,147.567993
TZR,46.393101,17.917500
FBR,41.391899,-110.406998
CLS,46.676998,-122.983002
EVW,41.274799,-111.035004
EUF,31.951300,-85.128899
MEO,35.918999,-75.695503
AUO,32.615101,-85.433998
DBN,32.564400,-82.985298
PUK,-18.295601,-137.016998
CVO,44.497200,-123.290001
PXH,-29.716000,135.524400
CWT,-33.844700,148.649002
OGD,41.195900,-112.012001
AKO,40.175598,-103.222000
SHN,47.233601,-123.148003
WNA,60.690300,-161.979004
PKA,60.702900,-161.778000
YBW,48.750000,-123.233002
WSO,5.215277,-57.185302
WKR,27.266701,-78.399696
GFO,6.358864,-58.655207
DYL,40.333000,-75.122299
TGI,-9.133000,-75.949997
TJL,-20.754200,-51.684200
YZY,38.801899,100.675003
OAL,-11.496000,-61.450800
OCW,35.570499,-77.049797
MHC,-42.340388,-73.715693
SWO,36.161201,-97.085701
OKM,35.668098,-95.948700
CUH,35.949902,-96.773102
CSM,35.339802,-99.200500
WLD,37.168598,-97.037598
PWA,35.534199,-97.647102
DTN,32.540199,-93.745003
SEP,32.215302,-98.177696
ADT,34.804298,-96.671303
IRB,30.905701,-101.891998
YEL,46.351398,-82.561401
IKB,36.222801,-81.098297
DAN,36.572899,-79.336098
ERG,61.275002,108.029999
HCW,34.712898,-79.957001
BEM,32.401895,-6.315905
NKT,37.364700,42.058200
SUY,62.185001,117.635002
OUZ,22.756399,-12.483600
ABB,6.204167,6.665278
QUO,4.872500,8.093000
KAA,-10.216700,31.133301
SGX,-10.683000,35.583000
JUH,30.740300,117.685600
AOG,41.105301,122.853996
DQA,46.746389,125.140556
ZYI,27.589500,107.000700
LDS,47.752056,129.019125
AVA,26.260556,105.873333
KSS,11.333000,-5.700000
WTB,-27.558332,151.793335
TNH,42.253889,125.703333
SZV,31.263100,120.401001
LII,-3.701800,137.957000
NTI,-2.103300,133.516400
WSR,-2.721000,134.506100
DTB,2.259730,98.991898
MEQ,4.250000,96.217003
BUW,-5.486880,122.569000
KAZ,1.185280,127.896004
MNA,4.006940,126.672997
SGQ,0.384700,117.543000
BUU,-1.127800,102.135000
ILA,-3.976480,137.622500
OKL,-4.907100,140.627700
KOX,-4.710750,136.435150
CMQ,-22.773100,147.621002
WMB,-38.295300,142.447006
RCM,-20.701900,143.115005
DCN,-17.581400,123.828003
KNO,3.642222,98.885278
AMN,43.322102,-84.688004
HMY,36.703999,126.486000
EMT,34.086102,-118.035004
FAH,32.367001,62.182999
IXT,28.066099,95.335602
KRQ,48.705601,37.628899
QKX,69.040298,23.034000
SSF,29.337000,-98.471100
JAS,30.885700,-94.034897
MRF,30.371099,-104.017997
ALE,30.384199,-103.683998
BQE,11.297356,-15.838079
CZA,20.641300,-88.446198
BUY,-33.378300,115.677002
CCB,34.111599,-117.688004
EKI,41.719398,-86.003197
CUB,33.970501,-80.995201
GDC,34.758301,-82.376404
HVS,34.403099,-80.119202
SZT,16.690300,-92.530098
DU9,42.872200,-79.595802
RIH,8.375880,-80.127899
LEE,28.823099,-81.808701
PPY,-22.289200,-45.919102
DIQ,-20.180700,-44.870899
EIK,46.680000,38.210000
ERD,46.814999,36.758099
BWX,-8.310150,114.340100
ERL,43.422500,112.096667
CNO,33.974701,-117.637001
HTR,24.058901,123.806000
BWW,22.621300,-79.147202
PRB,35.672901,-120.626999
PKX,39.509945,116.410920
HAF,37.513401,-122.500999
HCJ,24.805000,107.699700
WJF,34.741100,-118.219002
CJF,-22.966700,118.813004
GUZ,-20.646500,-40.491901
UBT,-23.441099,-45.075600
BOX,-16.075300,136.302002
QUG,50.859402,-0.759167
TNW,-1.059722,-77.583333
FYJ,48.199494,134.366447
PZL,-27.849400,32.309700
LPF,26.609417,104.979000
KJH,26.972000,107.988000
HPG,31.626000,110.340000
ZQZ,40.738602,114.930000
YIE,47.310600,119.911700
HNY,26.905300,112.627998
AHJ,32.531540,102.352240
WOS,39.166801,127.486000
IGT,43.322300,45.012600
ASN,33.569901,-86.050903
GMU,34.847900,-82.349998
NGD,18.727200,-64.329697
TOI,31.860399,-86.012101
ETS,31.299700,-85.899902
EFG,-9.153806,147.659806
KGW,-9.135917,147.669444
NDN,-9.143556,147.684250
BNM,-9.107778,147.666722
ALX,32.914700,-85.962997
PKT,-14.250000,129.529007
GPN,-11.402500,130.421997
DOH,25.273056,51.608056
HZP,57.381699,-111.700996
HDE,40.452099,-99.336502
PTT,37.701599,-98.746902
LXN,40.791000,-99.777298
CBF,41.259201,-95.760597
OKK,40.528198,-86.058998
GBG,40.938000,-90.431099
GUY,36.685101,-101.508003
IDP,37.158401,-95.778397
BBC,28.973301,-95.863503
PRX,33.636600,-95.450798
CFV,37.094002,-95.571899
GXY,40.437401,-104.633003
OEL,52.934700,36.002201
FET,41.449100,-96.520203
LGD,45.290199,-118.007004
SZY,53.481899,20.937700
MPO,41.137503,-75.378897
UKT,40.435200,-75.381897
YBA,51.207340,-115.541861
BNG,33.923100,-116.850998
OFK,41.985500,-97.435097
TFL,-17.892300,-41.513599
TPF,27.915600,-82.449303
BZC,-22.771000,-41.962898
ITP,-21.219299,-41.875900
REZ,-22.478500,-44.480301
KBN,-6.133000,24.483000
IKL,-1.048109,23.372501
AIR,-10.188278,-59.457273
JRN,-10.305833,-58.489445
JIA,-11.419444,-58.701668
VLP,-9.979444,-51.142223
JUA,-11.296600,-57.549500
CCX,-16.043600,-57.629902
TGQ,-14.662000,-57.443501
CQA,-13.574444,-52.270557
MTG,-14.994200,-59.945800
BMB,2.182780,22.481701
APQ,-9.775360,-36.629200
FLB,-6.846390,-43.077301
PCS,-7.062060,-41.523701
BNC,0.575000,29.473900
BNB,-0.217000,20.850000
MTP,41.076500,-71.920797
VPZ,41.453999,-87.007103
DRV,5.156100,73.130200
SXK,-7.988610,131.306000
MLZ,-32.337898,-54.216702
PDU,-32.363300,-58.061901
ATI,-30.400700,-56.507900
HSM,-36.669701,142.173004
SWH,-35.375801,143.533005
TTL,-16.966000,177.368000
KWB,-5.800910,110.478380
KOO,-5.394440,26.990000
AOU,14.814715,106.821699
SQX,-26.781601,-53.503502
LDM,43.962502,-86.407898
RHV,37.332901,-121.819000
OHS,24.386040,56.625410
KCF,27.166700,69.316704
RZS,26.966200,68.878098
TMF,2.211000,73.153300
IFU,5.708300,73.025000
KZF,-7.500250,146.033833
OGU,40.966047,38.080994
YKO,37.549700,44.238100
BUT,27.562200,90.747100
TLI,1.123428,120.793658
TQL,64.930801,77.818100
JIC,38.542222,102.348333
BPL,44.895000,82.300000
FYN,46.804169,89.512006
ACS,56.268299,90.570801
LFQ,36.132629,111.641236
YJP,53.319199,-117.752998
WVI,36.935699,-121.790001
GLU,26.884560,90.464120
HLI,36.893299,-121.410004
DLK,-29.013300,138.481003
YBS,52.606701,-90.376900
RIZ,35.405033,119.324403
SQJ,26.426300,117.833600
XTO,-25.801701,149.899994
YSE,49.781700,-123.162003
YAH,53.754700,-73.675301
YAL,50.582199,-126.916000
YCE,43.285599,-81.508301
YCQ,55.687199,-121.626999
XRR,61.970600,-132.423004
YDO,48.778500,-72.375000
YEY,48.563903,-78.249702
YHE,49.368301,-121.498001
YHT,60.789200,-137.546005
YDG,44.545845,-65.785425
YJF,60.235802,-123.469002
YKJ,57.256100,-105.617996
YLR,56.513302,-99.985298
YME,48.856899,-67.453300
YML,47.597500,-70.223900
YOS,44.590302,-80.837502
YPS,45.656700,-61.368099
YQS,42.770000,-81.110802
YRO,45.460300,-75.646103
YSH,44.945801,-75.940598
YSL,47.157501,-67.834702
YVE,50.248100,-119.331001
YXQ,62.410301,-140.867004
YSN,50.682802,-119.228996
KES,56.037498,-96.509697
XPK,55.749199,-101.265999
ZGF,49.015598,-118.431000
ZJG,54.518902,-98.046097
YTD,55.318901,-97.707802
PIW,55.588902,-97.164200
XPP,52.996526,-97.274194
WPC,49.520599,-113.997002
ZST,55.935410,-129.982435
ZUC,49.429699,-91.717796
FNB,53.602200,13.306000
FSS,57.649399,-3.560640
BXP,52.000780,23.132528
DGP,55.944721,26.665001
LMR,-28.360100,23.439100
SXN,-20.553400,26.115801
NDD,-11.167900,13.847500
MAI,-14.483000,35.266998
ADI,-22.462200,14.980000
MWE,18.443333,31.843333
ALN,38.890301,-90.045998
AXN,45.866299,-95.394699
CLU,39.261902,-85.896301
BBD,31.179300,-99.323898
BIH,37.373100,-118.363998
BKE,44.837299,-117.808998
BPI,42.585098,-110.111000
WMH,36.368900,-92.470497
BTL,42.307301,-85.251503
BYI,42.542599,-113.772003
CCY,43.072601,-92.610802
CNU,37.668800,-95.485100
CRG,30.336300,-81.514397
CSV,35.951302,-85.084999
DAA,38.715000,-77.181000
DAG,34.853699,-116.787003
DMN,32.262299,-107.721001
DRA,36.619400,-116.032997
EED,34.766300,-114.623001
EGI,30.650400,-86.522903
EKA,40.803398,-124.112999
HYR,46.025200,-91.444298
JCT,30.511299,-99.763496
LOL,40.066399,-118.565002
MBG,45.546501,-100.407997
MCB,31.178499,-90.471901
MDH,37.778099,-89.251999
MMT,33.920799,-80.801300
NHZ,43.892200,-69.938599
NRB,30.391100,-81.424698
OGB,33.456799,-80.859497
OTM,41.106602,-92.447899
OZR,31.275700,-85.713402
PWY,42.795502,-109.806999
POU,41.626598,-73.884201
RSL,38.872101,-98.811798
RWF,44.547199,-95.082298
SNS,36.662800,-121.606003
TPH,38.060200,-117.086998
UKI,39.125999,-123.200996
UOX,34.384300,-89.536797
HTV,30.746901,-95.587196
VTN,42.857800,-100.547996
WMC,40.896599,-117.806000
WWR,36.438000,-99.522667
ZZV,39.944401,-81.892097
ECV,40.370701,-3.785140
CDT,40.213889,0.073333
TEV,40.403000,-1.218300
QLP,44.088001,9.987950
BJY,44.935299,20.257500
RUV,15.992000,-90.445297
XPL,14.382400,-87.621201
UPL,10.892200,-85.016197
QSN,22.756100,-81.920898
SNJ,22.095301,-84.152000
DWD,24.449900,44.121201
KMX,18.297300,42.803501
XXN,24.709801,46.725201
KNR,27.820499,52.352200
PYK,35.776100,50.826698
XIJ,28.934799,47.791901
ATG,33.869099,72.400902
SGI,32.048599,72.665001
RQW,35.767200,43.125099
ENN,64.547302,-149.074005
WWA,61.571701,-149.539993
IWK,34.143902,132.235992
IEJ,26.722000,127.785004
AAV,6.366820,124.750999
BPH,8.195950,126.321999
MXI,6.949091,126.273680
BAT,-20.584499,-48.594101
QHP,-23.040100,-45.515999
TOQ,-22.141100,-70.062897
CNR,-26.332500,-70.607300
TLX,-35.377800,-71.601700
ZIC,-38.245602,-72.348602
TTC,-25.564301,-70.375900
API,4.076070,-73.562700
CVE,9.400920,-75.691300
PAL,5.483610,-74.657400
PZA,5.876150,-71.886600
TQS,0.745900,-75.234000
RIJ,-6.067860,-77.160004
JAE,-5.592480,-78.774002
IKU,42.587920,76.713046
VYI,63.756668,121.693336
BGN,68.556602,146.231506
GVN,48.926998,140.033997
NLI,53.154999,140.649994
VLK,47.682098,42.072800
INA,66.054832,60.110321
ZIX,66.796501,123.361000
RTC,17.013599,73.327797
HIM,8.049810,80.981400
RDP,23.622500,87.243000
PUT,14.149300,77.791100
LNX,54.824000,32.025000
ABH,-23.646099,146.584000
ARY,-37.309399,142.988998
BLN,-36.551899,146.007004
BZD,-34.623600,143.578003
BWQ,-29.973900,146.817001
CVC,-33.709702,136.505005
CWW,-35.994701,146.356995
CYG,-36.182800,147.888000
CMD,-34.623901,148.028000
DRN,-28.591700,148.216995
DNQ,-35.559399,144.945999
DYA,-22.622200,148.363998
ECH,-36.157200,144.761993
FRB,-33.363602,147.934998
GUH,-30.961100,150.251007
HXX,-34.531399,144.830002
HTU,-35.715302,142.360001
KRA,-35.751400,143.938995
KPS,-31.074400,152.770004
KGY,-26.580799,151.841003
TGN,-38.207199,146.470001
MRG,-17.069201,145.419006
RPM,-14.722800,134.746994
QRM,-32.214699,148.225006
PPI,-33.238899,137.994995
SIO,-40.834999,145.084000
SNB,-11.422800,130.654007
SWC,-37.071701,142.740997
TYB,-29.451099,142.057999
TUM,-35.262798,148.240997
WGT,-36.415798,146.307007
WKB,-36.321098,142.419006
QRR,-31.733299,147.802994
SXE,-38.090827,146.965335
WWY,-33.937199,147.190994
NGA,-34.255600,148.248001
LHK,32.389400,111.695000
WDS,32.591667,110.907778
HTT,38.201984,90.841495
UUN,46.660301,113.285004
BFU,32.847733,117.320244
RUG,32.257885,120.501656
WHU,31.390600,118.408997
SXJ,42.911701,90.247498
YKH,40.542524,122.358600
BQG,52.380000,140.448000
HYD,17.231318,78.429855
PKO,9.357690,2.609680
KDC,11.144790,2.940381
HMG,-23.930000,132.804993
BIB,3.102220,43.628601
KCS,-24.423300,131.835007
BMR,53.724724,7.373333
MVW,48.470901,-122.420998
GOO,-28.521400,150.320007
APT,35.060699,-85.585297
DCU,34.652699,-86.945396
GLW,37.031799,-85.953697
DKV,-24.860001,129.070007
RNZ,40.947899,-87.182602
SBT,71.219167,72.052222
AXF,38.748310,105.588580
NIS,-2.662222,151.997778
BUL,-7.216287,146.649542
TBR,32.482700,-81.736900
AMT,-26.108299,131.207001
EDD,-25.205799,133.253998
FIK,-25.594700,134.582993
JJG,-28.675300,-49.059600
WKI,-18.362967,26.519791
KLJ,55.711899,21.242800
ETB,43.422199,-88.127899
GLR,45.013500,-84.703598
AID,40.108601,-85.612999
QND,45.385799,19.839199
GUU,64.991402,-23.224701
PCD,43.019299,-91.123703
OTJ,-20.434700,16.660801
TSM,36.458199,-105.671997
RTN,36.741501,-104.501999
PPA,35.612999,-100.996002
FLP,36.290901,-92.590302
BGD,35.700901,-101.393997
HLE,-15.957725,-5.645943
BNJ,50.768890,7.163333
NGK,51.780102,143.139008
SQA,34.606800,-120.075996
HXD,37.125286,97.268658
BAR,19.138240,110.454775
ZBO,-20.018299,148.214996
UCB,41.129722,113.108056
KEO,9.500000,-7.567000
GII,11.433000,-9.167000
NZE,7.806019,-8.701797
OCM,-22.540000,117.275000
WGN,26.802000,110.642000
TXF,-17.524500,-39.668499
SPA,34.915699,-81.956497
BJW,-8.707435,121.057427
NBN,-1.410277,5.621944
OLL,-1.226666,15.910000
PPF,37.329899,-95.506203
PCQ,21.647500,101.900000
AYS,31.249100,-82.395500
DSS,14.670000,-17.073333
PMH,38.840500,-82.847298
NAC,-36.985298,140.725006
PGZ,-25.184700,-50.144100
PQM,17.533153,-92.015484
CUD,-26.799999,153.100006
CLP,58.833698,-158.529007
JOJ,68.125275,-106.585281
ECI,11.427542,-86.033361
QGQ,67.940663,-53.621870
QPW,68.312657,-53.460208
QJE,68.857926,-53.123295
XIQ,69.080915,-51.114315
QQT,69.995861,-51.300917
QJI,68.634253,-51.832262
QFG,60.619720,-45.914062
QRY,68.140881,-53.441459
NPR,-7.125833,-55.400833
SMT,-12.479177,-55.672341
ENO,-27.227366,-55.837495
UZR,47.091150,81.665210
NYR,63.294998,118.336998
SUK,67.792000,130.394000
UKG,70.011002,135.645004
VHV,63.458057,120.269165
DEE,43.958401,145.682999
EKS,49.190300,142.082993
TLK,59.876389,111.044444
RDB,68.032097,-162.899002
ION,1.617000,18.066999
EBH,33.721667,1.092500
ZIS,31.774878,12.250060
MYZ,-14.083600,34.919701
BCU,10.482833,9.744000
GMO,10.298333,10.896389
KDA,12.898500,-14.968100
SHO,-26.358611,31.716944
KIY,-8.911230,39.508619
QSI,-3.363330,37.326900
MNS,-11.137000,28.872601
GZI,33.531200,68.412903
DBC,45.505278,123.019722
LNL,33.788000,105.797000
SQD,28.379700,117.964300
YSQ,44.938114,124.550178
JSJ,47.110000,132.660278
WMT,27.816380,106.332680
LLB,25.452500,107.961667
CDE,41.122500,118.073889
DTU,48.445000,126.133000
EJN,42.015500,101.000500
RHT,39.225000,101.546000
HUO,45.487222,119.407222
GMQ,34.418066,100.301144
QSZ,38.281055,77.075192
TEI,27.941200,96.134399
CWJ,23.273889,99.373611
JMJ,22.415833,99.786389
NLH,27.540300,100.759300
PBQ,-11.641600,-61.179100
WUT,38.597456,112.969173
NZL,47.865833,122.767503
AIP,31.433800,75.758797
VDY,15.174967,76.634947
SAG,19.688611,74.378889
PYB,18.879999,82.552002
SUP,-7.024200,113.890230
RKO,-2.099120,99.700699
PPR,0.845431,100.370003
TJB,1.052700,103.393100
KRC,-2.093000,101.468300
NRE,-3.854800,126.701200
NAM,-3.235570,127.099998
DOB,-5.772220,134.212006
SQN,-2.080510,125.967003
AYW,-1.159300,132.463300
BYQ,3.455720,117.866997
UOL,1.102700,121.414100
RAQ,-4.760557,122.569371
JSK,25.653601,57.799301
ZBY,19.243600,101.709300
BGL,28.212799,83.666298
RJB,26.510066,86.733902
DQM,19.501944,57.634167
CKI,-11.165000,132.483002
BYP,-22.673901,119.166000
LUC,-16.748100,-179.667007
YAS,-16.758900,177.544998
WIK,-36.808899,175.085999
DEX,-4.855700,139.482006
NAU,-14.176800,-141.266998
FAC,-16.686701,-145.328995
NUK,-19.285000,-138.772003
VHZ,-18.780001,-138.852997
HHZ,-17.544701,-142.613998
RRR,-16.045000,-142.476944
KHZ,-15.780800,-145.123993
TKV,-17.355301,-138.445007
TDS,-7.621700,142.868000
TMH,-6.099220,140.298004
NKB,-18.494699,124.851997
AEI,36.128880,-5.441118
KSE,0.183000,30.100000
NCJ,-30.957500,-61.528300
IST,41.275278,28.751944
SOV,59.442402,-151.703995
YSG,62.418303,-110.681998
DWA,-12.518300,34.131901
HGI,10.529167,32.500556
KQH,26.601473,74.814147
CNN,11.918614,75.547211
ZCO,-38.925900,-72.651500
ASS,-24.744165,31.522499
VDI,32.192699,-82.371201
ISB,33.560713,72.851613
MHE,43.774799,-98.038597
GIT,-2.813667,32.172472
GID,-3.417209,29.911308
RMU,37.803000,-1.125000
CQS,-12.421100,-64.251602
ZXT,40.495542,49.976807
JAM,42.454899,26.352200
YUA,25.737499,101.882004
XEN,40.580299,120.697998
GEC,35.235947,33.724358
MBI,-8.919942,33.273981
UGU,-3.739560,137.031998
ETM,29.723694,35.011416
MNH,23.640556,57.487500
CGY,8.612203,124.456496
CPO,-27.261200,-70.779198
