origin_iata,destination_iata,distance_km,est_duration_min,optional_price,source
AAE,ALG,409.468,64.961,,openflights
AAE,ORY,1394.657,137.048,,openflights
AAL,OSL,343.820,60.158,,openflights
AAR,AGP,2457.743,214.835,,openflights
AAR,OSL,425.624,66.143,,openflights
AAR,PMI,1949.656,177.658,,openflights
ABJ,LFW,581.960,77.582,,openflights
ABQ,DEN,562.663,76.170,,openflights
ABQ,SEA,1897.321,173.828,,openflights
ABV,ADD,3462.459,288.351,,openflights
ABV,ENU,283.521,55.745,,openflights
ABV,QRW,411.384,65.101,,openflights
ABZ,MME,303.225,57.187,,openflights
ABZ,SYY,270.110,54.764,,openflights
ACC,BEY,4829.519,388.379,,openflights
ACC,COO,294.259,56.531,,openflights
ACC,LHR,5100.074,408.176,,openflights
ACC,MAD,3891.795,319.765,,openflights
ACC,TML,446.094,67.641,,openflights
ACE,BLK,2890.997,246.536,,openflights
ACE,CGN,2989.899,253.773,,openflights
ACE,EIN,2957.129,251.375,,openflights
ACE,HAJ,3239.285,272.021,,openflights
ACE,HAM,3345.824,279.816,,openflights
ACE,HHN,2922.508,248.842,,openflights
ACE,LUX,2843.610,243.069,,openflights
ACE,MUC,3058.006,258.757,,openflights
ACE,NCL,3054.037,258.466,,openflights
ACE,NRN,3004.260,254.824,,openflights
ACE,SXF,3427.380,285.784,,openflights
ACH,VIE,527.941,73.630,,openflights
ACY,DTW,798.861,93.453,,openflights
ADA,SAW,675.239,84.408,,openflights
ADB,ATH,283.807,55.766,,openflights
ADB,FRA,1965.596,178.824,,openflights
ADB,MQM,1189.459,122.034,,openflights
ADD,AXU,574.764,77.056,,openflights
ADD,BOM,3834.695,315.587,,openflights
ADD,CDG,5580.726,443.346,,openflights
ADD,COO,4021.901,329.285,,openflights
ADD,FRA,5348.752,426.372,,openflights
ADD,GDQ,421.140,65.815,,openflights
ADD,HRE,3109.583,262.530,,openflights
ADD,KRT,1000.213,108.186,,openflights
ADD,MCT,2633.141,227.669,,openflights
ADD,MPM,3938.541,323.186,,openflights
ADD,PVG,8830.820,681.158,,openflights
ADD,SSG,3373.955,281.875,,openflights
ADE,MGQ,1202.963,123.022,,openflights
ADL,DRW,2621.305,226.803,,openflights
ADL,DXB,11006.461,840.351,,openflights
ADL,KGC,125.318,44.170,,openflights
ADL,OOL,1604.186,152.379,,openflights
ADQ,KLN,91.488,41.694,,openflights
ADZ,BAQ,777.622,91.899,,openflights
AEB,CAN,647.102,82.349,,openflights
AEP,BRC,1335.253,132.701,,openflights
AEP,CWB,1340.011,133.050,,openflights
AEP,LUQ,746.350,89.611,,openflights
AEP,PMY,1080.131,114.034,,openflights
AEP,SCL,1147.276,118.947,,openflights
AER,EVN,519.734,73.029,,openflights
AES,ALC,2737.618,235.313,,openflights
AES,RIX,1174.563,120.944,,openflights
AFA,LUQ,238.879,52.479,,openflights
AGA,AMS,2704.907,232.920,,openflights
AGA,CMN,379.595,62.775,,openflights
AGA,LGW,2437.794,213.375,,openflights
AGA,LIL,2478.723,216.370,,openflights
AGA,LUX,2513.737,218.932,,openflights
AGA,ORY,2275.953,201.533,,openflights
AGA,SXF,3083.177,260.598,,openflights
AGP,AAL,2506.843,218.428,,openflights
AGP,BIO,749.083,89.811,,openflights
AGP,BRE,2092.531,188.112,,openflights
AGP,BTS,2180.632,194.558,,openflights
AGP,BUD,2283.608,202.093,,openflights
AGP,EMA,1813.398,167.688,,openflights
AGP,HAJ,2075.868,186.893,,openflights
AGP,HEL,3352.638,280.315,,openflights
AGP,NTE,1189.162,122.012,,openflights
AGP,NUE,1898.581,173.921,,openflights
AGP,STN,1731.824,161.719,,openflights
AGP,SVO,3781.209,311.674,,openflights
AGS,CLT,225.500,51.500,,openflights
AGT,ASU,270.095,54.763,,openflights
AGU,LAX,2081.806,187.327,,openflights
AGU,TIJ,1881.677,172.684,,openflights
AHB,MED,765.506,91.013,,openflights
AHB,SAH,349.468,60.571,,openflights
AHO,BLL,1681.134,158.010,,openflights
AHU,CMN,399.019,64.197,,openflights
AJA,CDG,926.170,102.769,,openflights
AJA,GVA,525.718,73.467,,openflights
AJA,MPL,435.734,66.883,,openflights
AJU,MCZ,215.422,50.763,,openflights
AJU,SSA,253.680,53.562,,openflights
AKL,APW,2890.997,246.536,,openflights
AKL,BKK,9555.379,734.174,,openflights
AKL,KAT,254.556,53.626,,openflights
AKL,KUL,8703.353,671.831,,openflights
AKL,WAG,329.106,59.081,,openflights
AKL,WRE,143.060,45.468,,openflights
AKN,WSN,20.954,36.533,,openflights
ALA,AKX,1686.024,158.368,,openflights
ALA,DMB,468.951,69.313,,openflights
ALA,GYD,2246.648,199.389,,openflights
ALA,ICN,4172.396,340.297,,openflights
ALA,IKA,2381.355,209.246,,openflights
ALA,KUF,2262.052,200.516,,openflights
ALA,PLX,815.089,94.641,,openflights
ALA,TBS,2620.416,226.738,,openflights
ALA,TSE,950.542,104.552,,openflights
ALA,UKK,851.203,97.283,,openflights
ALA,URC,841.453,96.570,,openflights
ALB,CLE,680.344,84.781,,openflights
ALB,IAD,522.729,73.248,,openflights
ALB,LAS,3591.516,297.794,,openflights
ALC,BFS,1870.186,171.843,,openflights
ALC,BHX,1578.503,150.500,,openflights
ALC,BLQ,1206.173,123.257,,openflights
ALC,BOH,1393.358,136.953,,openflights
ALC,BVA,1260.389,127.224,,openflights
ALC,CPH,2164.540,193.381,,openflights
ALC,DME,3424.929,285.605,,openflights
ALC,FCO,1156.117,119.594,,openflights
ALC,HEL,3029.944,256.703,,openflights
ALC,KRK,2074.304,186.778,,openflights
ALC,LTN,1511.489,145.597,,openflights
ALC,PIK,1939.064,176.883,,openflights
ALC,RYG,2480.411,216.493,,openflights
ALC,SOU,1410.023,138.172,,openflights
ALC,TRD,2902.757,247.397,,openflights
ALC,UME,3155.490,265.890,,openflights
ALC,ZRH,1260.382,127.223,,openflights
ALG,BEY,2933.849,249.672,,openflights
ALG,FRA,1544.441,148.008,,openflights
ALG,IST,2256.523,200.111,,openflights
ALG,LIS,1109.794,116.204,,openflights
ALG,MUW,321.667,58.537,,openflights
ALG,MXP,1095.259,115.141,,openflights
ALG,NIM,2582.822,223.987,,openflights
ALG,PMI,320.814,58.474,,openflights
ALG,TLM,459.772,68.642,,openflights
ALG,TLS,787.303,92.608,,openflights
ALO,ORD,375.417,62.470,,openflights
AMA,DFW,501.525,71.697,,openflights
AMD,MAA,1374.951,135.606,,openflights
AMM,BAH,1545.755,148.104,,openflights
AMM,BGW,791.450,92.911,,openflights
AMM,CDG,3381.239,282.408,,openflights
AMM,DWC,2020.420,182.836,,openflights
AMM,OSM,832.947,95.947,,openflights
AMM,SAH,1989.595,180.580,,openflights
AMS,AMM,3401.996,283.927,,openflights
AMS,ASR,2795.433,239.544,,openflights
AMS,BCN,1241.136,125.815,,openflights
AMS,BKK,9207.552,708.723,,openflights
AMS,BOM,6859.514,536.916,,openflights
AMS,BRE,283.330,55.731,,openflights
AMS,BRI,1538.045,147.540,,openflights
AMS,BRN,631.221,81.187,,openflights
AMS,CDG,398.270,64.142,,openflights
AMS,CPT,9687.087,743.811,,openflights
AMS,DBV,1480.698,143.344,,openflights
AMS,DFW,7900.105,613.056,,openflights
AMS,DMM,4704.767,379.251,,openflights
AMS,DTW,6323.605,497.703,,openflights
AMS,DUB,750.160,89.890,,openflights
AMS,EZE,11462.164,873.695,,openflights
AMS,GVA,681.993,84.902,,openflights
AMS,IST,2183.758,194.787,,openflights
AMS,KBP,1818.648,168.072,,openflights
AMS,LIN,831.082,95.811,,openflights
AMS,LPL,523.869,73.332,,openflights
AMS,NBO,6677.440,523.593,,openflights
AMS,NWI,239.168,52.500,,openflights
AMS,SIN,10513.913,804.311,,openflights
AMS,SKG,1904.808,174.376,,openflights
AMS,SVQ,1852.068,170.517,,openflights
AMS,TBS,3219.955,270.606,,openflights
AMS,TUN,1771.155,164.597,,openflights
AMS,VRN,889.026,100.051,,openflights
AMS,YVR,7707.258,598.946,,openflights
ANC,BET,639.467,81.790,,openflights
ANC,FAI,418.939,65.654,,openflights
ANC,KSM,708.896,86.870,,openflights
ANF,CJC,189.674,48.879,,openflights
ANI,HCR,68.548,40.016,,openflights
ANU,SJU,468.585,69.287,,openflights
ANU,TAB,673.723,84.297,,openflights
ANU,UVF,389.013,63.464,,openflights
ANU,YYZ,3394.398,283.371,,openflights
AOG,PVG,1111.686,116.343,,openflights
AOJ,NKM,692.805,85.693,,openflights
AOO,IAD,167.558,47.260,,openflights
APL,JNB,1678.673,157.830,,openflights
APN,DTW,319.086,58.348,,openflights
AQG,WUH,272.691,54.953,,openflights
ARH,MMK,581.308,77.535,,openflights
ARK,ZNZ,427.987,66.316,,openflights
ARN,ATH,2452.288,214.436,,openflights
ARN,BGO,709.171,86.891,,openflights
ARN,BRU,1287.764,129.227,,openflights
ARN,CHQ,2719.667,234.000,,openflights
ARN,CMN,3467.931,288.751,,openflights
ARN,EVG,326.741,58.908,,openflights
ARN,FLL,7962.132,617.595,,openflights
ARN,HAM,825.504,95.403,,openflights
ARN,KID,472.752,69.592,,openflights
ARN,LCA,2981.656,253.170,,openflights
ARN,LGW,1475.346,142.952,,openflights
ARN,MAN,1415.278,138.557,,openflights
ARN,SVO,1219.764,124.251,,openflights
ARN,TLV,3320.526,277.965,,openflights
ARN,UME,476.804,69.888,,openflights
ASB,URC,2517.713,219.223,,openflights
ASE,LAX,1184.503,121.671,,openflights
ASJ,HND,1235.020,125.367,,openflights
ASJ,ITM,890.253,100.140,,openflights
ASM,JED,710.752,87.006,,openflights
ASP,ADL,1316.762,131.348,,openflights
ASP,CNS,1454.668,141.439,,openflights
ASR,AMS,2795.433,239.544,,openflights
ASU,GRU,1136.680,118.172,,openflights
ASU,LIM,2528.466,220.010,,openflights
ASW,CAI,698.841,86.135,,openflights
ATH,ADB,283.807,55.766,,openflights
ATH,BCN,1904.508,174.354,,openflights
ATH,BEG,822.936,95.215,,openflights
ATH,DME,2206.304,196.437,,openflights
ATH,GVA,1731.286,161.679,,openflights
ATH,IOA,333.823,59.426,,openflights
ATH,JIK,212.939,50.581,,openflights
ATH,JSH,358.566,61.237,,openflights
ATH,LXS,246.963,53.070,,openflights
ATH,OSL,2628.943,227.362,,openflights
ATH,RIX,2111.281,189.484,,openflights
ATH,TIA,529.267,73.727,,openflights
ATH,VCE,1275.957,128.363,,openflights
ATL,ALB,1372.142,135.401,,openflights
ATL,AZO,961.118,105.326,,openflights
ATL,BON,2899.384,247.150,,openflights
ATL,CHO,734.756,88.763,,openflights
ATL,DEN,1926.618,175.972,,openflights
ATL,EWN,696.317,85.950,,openflights
ATL,FLL,936.441,103.520,,openflights
ATL,FWA,819.174,94.940,,openflights
ATL,GRB,1247.534,126.283,,openflights
ATL,ICT,1255.679,126.879,,openflights
ATL,LHR,6760.764,529.690,,openflights
ATL,LIR,2564.836,222.671,,openflights
ATL,LIT,727.160,88.207,,openflights
ATL,MCI,1113.375,116.466,,openflights
ATL,MEI,428.523,66.355,,openflights
ATL,MGA,2396.675,210.366,,openflights
ATL,MLI,1020.041,109.637,,openflights
ATL,PAP,2062.926,185.946,,openflights
ATL,PDX,3489.161,290.304,,openflights
ATL,RIC,773.180,91.574,,openflights
ATL,SGF,904.973,101.218,,openflights
ATL,TTN,1127.894,117.529,,openflights
ATM,ORX,433.209,66.698,,openflights
ATY,MSP,309.771,57.666,,openflights
AUA,LRM,672.005,84.171,,openflights
AUA,MAR,285.485,55.889,,openflights
AUG,BOS,238.448,52.447,,openflights
AUH,ADE,1639.430,154.958,,openflights
AUH,CGK,6574.692,516.075,,openflights
AUH,COK,2795.137,239.522,,openflights
AUH,DEL,2277.385,201.638,,openflights
AUH,DUB,5940.780,469.691,,openflights
AUH,JED,1613.625,153.070,,openflights
AUH,KUL,5588.375,443.905,,openflights
AUH,LCA,2332.872,205.698,,openflights
AUH,MEL,11651.651,887.560,,openflights
AUH,PEK,5954.875,470.723,,openflights
AUH,SIN,5885.751,465.665,,openflights
AUH,TSE,3288.074,275.591,,openflights
AUH,YYZ,11122.330,848.829,,openflights
AUS,BWI,2157.038,192.832,,openflights
AUS,CLT,1659.032,156.393,,openflights
AUS,CUN,1484.307,143.608,,openflights
AUS,DTW,1848.525,170.258,,openflights
AUS,LAS,1751.124,163.131,,openflights
AUS,LAX,1994.348,180.928,,openflights
AUS,MEX,1204.559,123.138,,openflights
AUS,SJC,2371.412,208.518,,openflights
AVP,SFB,1483.282,143.533,,openflights
AXD,ATH,367.764,61.910,,openflights
AXT,ITM,683.696,85.027,,openflights
AYT,BRE,2474.879,216.089,,openflights
AYT,BRS,3082.546,260.552,,openflights
AYT,FMO,2475.731,216.151,,openflights
AYT,IST,517.731,72.883,,openflights
AYT,LEJ,2178.774,194.423,,openflights
AYT,TZX,900.305,100.876,,openflights
AZA,DLH,2226.192,197.892,,openflights
AZO,ATL,961.118,105.326,,openflights
AZO,MSP,684.155,85.060,,openflights
AZR,ALG,1034.892,110.724,,openflights
AZR,CZL,1135.849,118.111,,openflights
AZS,JFK,2407.426,211.153,,openflights
AZS,YUL,2936.875,249.893,,openflights
AZS,YYZ,2866.658,244.755,,openflights
BAH,AMM,1545.755,148.104,,openflights
BAH,MHD,1398.740,137.347,,openflights
BAV,SHE,1135.208,118.064,,openflights
BAV,URC,1885.055,172.931,,openflights
BAV,XIY,688.515,85.379,,openflights
BBI,BOM,1361.684,134.635,,openflights
BBO,ADE,271.517,54.867,,openflights
BCI,LRE,105.736,42.737,,openflights
BCN,ACE,1974.126,179.448,,openflights
BCN,ATH,1904.508,174.354,,openflights
BCN,BGO,2123.203,190.356,,openflights
BCN,BLQ,831.320,95.828,,openflights
BCN,BRI,1226.700,124.759,,openflights
BCN,BRN,759.375,90.564,,openflights
BCN,BSL,822.237,95.164,,openflights
BCN,CIA,876.388,99.126,,openflights
BCN,DBV,1344.587,133.384,,openflights
BCN,DKR,3504.098,291.397,,openflights
BCN,FEZ,1027.728,110.200,,openflights
BCN,FUE,2031.892,183.675,,openflights
BCN,GOA,650.530,82.600,,openflights
BCN,LEI,626.443,80.837,,openflights
BCN,LPL,1388.158,136.573,,openflights
BCN,NAP,1023.608,109.898,,openflights
BCN,OSL,2181.733,194.639,,openflights
BCN,OVD,711.582,87.067,,openflights
BCN,PIK,1653.301,155.973,,openflights
BCN,SVG,1970.502,179.183,,openflights
BCN,SVQ,809.278,94.215,,openflights
BCN,TRF,2068.901,186.383,,openflights
BCN,TUN,859.164,97.866,,openflights
BCN,WAW,1869.689,171.806,,openflights
BCN,ZRH,856.530,97.673,,openflights
BDA,BOS,1243.710,126.003,,openflights
BDA,JFK,1226.744,124.762,,openflights
BDA,LGW,5540.637,440.412,,openflights
BDL,CVG,1062.092,112.714,,openflights
BDL,MIA,1925.770,175.910,,openflights
BDL,PHL,314.670,58.025,,openflights
BDO,DPS,861.040,98.003,,openflights
BDO,PKU,1064.274,112.874,,openflights
BDS,BGY,869.853,98.648,,openflights
BDS,CIA,465.154,69.036,,openflights
BDS,GVA,1137.596,118.239,,openflights
BDS,MXP,929.171,102.988,,openflights
BEB,GLA,253.032,53.515,,openflights
BEG,AUH,3828.699,315.149,,openflights
BEG,MMX,1288.451,129.277,,openflights
BEG,OSL,1809.383,167.394,,openflights
BEG,SKG,525.126,73.424,,openflights
BEG,SOF,343.083,60.104,,openflights
BEG,STR,946.776,104.276,,openflights
BEG,TGD,286.371,55.954,,openflights
BEL,BVS,220.541,51.137,,openflights
BEL,MEU,461.905,68.798,,openflights
BEL,MIA,4561.953,368.801,,openflights
BEL,PBM,1064.288,112.875,,openflights
BES,MRS,929.296,102.997,,openflights
BET,KWK,124.319,44.097,,openflights
BEY,ALG,2933.849,249.672,,openflights
BEY,ATH,1135.212,118.064,,openflights
BEY,EBL,816.755,94.763,,openflights
BEY,FCO,2217.689,197.270,,openflights
BEY,IST,1018.934,109.556,,openflights
BEY,SHJ,2149.535,192.283,,openflights
BEY,SVO,2467.591,215.555,,openflights
BEY,TUN,2309.200,203.966,,openflights
BFI,ESD,138.565,45.139,,openflights
BFJ,NAY,1717.635,160.681,,openflights
BFL,LAX,176.100,47.885,,openflights
BFL,PHX,683.084,84.982,,openflights
BFS,BRS,432.664,66.658,,openflights
BFS,FAO,1966.347,178.879,,openflights
BFS,KRK,1825.381,168.564,,openflights
BFS,NCL,292.654,56.414,,openflights
BGG,ESB,667.076,83.810,,openflights
BGI,GND,275.948,55.191,,openflights
BGI,KIN,1929.205,176.161,,openflights
BGO,HAM,794.825,93.158,,openflights
BGO,MAN,895.038,100.491,,openflights
BGO,OSL,322.679,58.611,,openflights
BGR,DCA,948.374,104.393,,openflights
BGR,LGA,608.240,79.505,,openflights
BGR,PHL,760.447,90.642,,openflights
BGW,BAH,992.408,107.615,,openflights
BGW,DOH,1139.736,118.395,,openflights
BGW,ESB,1258.037,127.051,,openflights
BGY,CTA,1015.183,109.282,,openflights
BGY,GDN,1150.658,119.195,,openflights
BGY,KGS,1751.592,163.165,,openflights
BGY,LPP,2086.272,187.654,,openflights
BGY,OMO,698.117,86.082,,openflights
BGY,OTP,1288.775,129.301,,openflights
BGY,PMI,887.160,99.914,,openflights
BGY,PMO,879.329,99.341,,openflights
BGY,RYG,1525.620,146.631,,openflights
BGY,TPS,893.314,100.364,,openflights
BHD,EXT,462.494,68.841,,openflights
BHH,RUH,693.684,85.757,,openflights
BHM,ATL,215.523,50.770,,openflights
BHM,HOU,916.924,102.092,,openflights
BHM,LGA,1392.628,136.900,,openflights
BHM,MCO,771.178,91.428,,openflights
BHM,TPA,740.474,89.181,,openflights
BHQ,DBO,669.311,83.974,,openflights
BHX,ASB,4818.672,387.586,,openflights
BHX,DEL,6798.842,532.476,,openflights
BHX,DUS,598.364,78.783,,openflights
BHX,FCO,1582.908,150.823,,openflights
BHX,FRA,766.206,91.064,,openflights
BHX,FUE,2849.980,243.535,,openflights
BHX,IST,2603.564,225.505,,openflights
BHX,MAH,1472.318,142.731,,openflights
BHX,MXP,1074.411,113.615,,openflights
BHX,NBE,2057.126,185.521,,openflights
BHX,NCL,287.307,56.022,,openflights
BIA,CDG,896.458,100.594,,openflights
BIA,MRS,360.343,61.367,,openflights
BIL,MSP,1199.942,122.801,,openflights
BIL,OLF,339.670,59.854,,openflights
BIL,PDX,1090.414,114.786,,openflights
BIO,BCN,466.811,69.157,,openflights
BIO,LHR,926.781,102.813,,openflights
BIO,MXP,958.251,105.116,,openflights
BIO,ORY,727.891,88.260,,openflights
BIO,PMI,628.755,81.006,,openflights
BIO,VCE,1234.989,125.365,,openflights
BIQ,LIL,862.696,98.124,,openflights
BIQ,SXB,903.533,101.112,,openflights
BJM,EBB,510.620,72.362,,openflights
BJV,NCL,2965.278,251.972,,openflights
BKC,DRG,73.709,40.393,,openflights
BKI,JHB,1454.060,141.395,,openflights
BKI,LWY,140.371,45.271,,openflights
BKI,PEN,1746.954,162.826,,openflights
BKI,PVG,2866.294,244.729,,openflights
BKI,SBW,608.555,79.528,,openflights
BKI,TWU,291.958,56.363,,openflights
BKK,ADD,6757.835,529.476,,openflights
BKK,AKL,9555.379,734.174,,openflights
BKK,CAI,7279.769,567.666,,openflights
BKK,DME,7058.741,551.493,,openflights
BKK,DOH,5279.962,421.339,,openflights
BKK,FOC,2397.454,210.423,,openflights
BKK,HDY,751.329,89.975,,openflights
BKK,KMG,1290.308,129.413,,openflights
BKK,MUC,8799.707,678.881,,openflights
BKK,MXP,9079.593,699.360,,openflights
BKK,SVO,7104.610,554.850,,openflights
BKK,SZX,1700.436,159.422,,openflights
BKO,CKY,699.849,86.208,,openflights
BKO,CMN,2316.923,204.531,,openflights
BKO,DKR,1059.573,112.530,,openflights
BKO,TUN,3255.051,273.174,,openflights
BKS,BTH,588.516,78.062,,openflights
BKZ,MWZ,174.816,47.791,,openflights
BLA,PTY,1614.757,153.153,,openflights
BLI,LAS,1536.258,147.409,,openflights
BLK,AGP,1904.458,174.351,,openflights
BLK,FAO,1901.637,174.144,,openflights
BLL,AGP,2356.127,207.400,,openflights
BLL,AHO,1681.134,158.010,,openflights
BLL,ALC,2071.465,186.571,,openflights
BLL,CFU,1961.738,178.542,,openflights
BLL,CIA,1570.065,149.883,,openflights
BLL,CPH,220.094,51.104,,openflights
BLL,LCY,761.636,90.729,,openflights
BLL,OSL,499.786,71.570,,openflights
BLL,RIX,921.080,102.396,,openflights
BLL,STN,724.689,88.026,,openflights
BLQ,BDS,694.559,85.821,,openflights
BLQ,EDI,1635.632,154.680,,openflights
BLQ,IAS,1295.860,129.819,,openflights
BLQ,LGW,1126.698,117.441,,openflights
BLQ,PMO,722.903,87.895,,openflights
BLQ,STN,1154.660,119.487,,openflights
BLQ,SUF,748.619,89.777,,openflights
BLQ,TIA,768.227,91.212,,openflights
BLQ,VIE,567.609,76.532,,openflights
BLR,AMD,1221.888,124.406,,openflights
BLR,AUH,2723.103,234.251,,openflights
BLR,BOM,834.163,96.036,,openflights
BLR,CMB,710.219,86.967,,openflights
BLR,DEL,1710.049,160.126,,openflights
BLR,JAI,1527.960,146.802,,openflights
BLR,LKO,1544.116,147.984,,openflights
BLR,PNQ,722.687,87.880,,openflights
BME,DRW,1112.603,116.410,,openflights
BMI,DFW,1110.237,116.237,,openflights
BMY,GEA,405.991,64.707,,openflights
BNA,AUS,1215.976,123.974,,openflights
BNA,BWI,943.646,104.047,,openflights
BNA,CLT,527.791,73.619,,openflights
BNA,LAS,2548.862,221.502,,openflights
BNA,MCI,789.620,92.777,,openflights
BNA,MCO,993.000,107.659,,openflights
BNA,TTN,1133.685,117.953,,openflights
BND,RAS,1289.982,129.389,,openflights
BND,SRY,1089.237,114.700,,openflights
BND,TBZ,1538.718,147.589,,openflights
BNE,CTL,688.197,85.356,,openflights
BNE,DRW,2850.739,243.591,,openflights
BNE,EMD,652.413,82.738,,openflights
BNE,HNL,7552.439,587.617,,openflights
BNE,LDH,738.893,89.065,,openflights
BNE,MEL,1380.854,136.038,,openflights
BNE,TSV,1112.260,116.385,,openflights
BNE,ZQN,2401.225,210.699,,openflights
BNN,SSJ,56.307,39.120,,openflights
BOB,MAU,52.616,38.850,,openflights
BOC,PAC,298.681,56.855,,openflights
BOD,AGP,960.708,105.296,,openflights
BOD,CDG,527.142,73.571,,openflights
BOD,CIA,1126.807,117.449,,openflights
BOD,CLY,805.891,93.968,,openflights
BOD,LIL,698.088,86.080,,openflights
BOD,MRS,498.208,71.454,,openflights
BOD,MUC,1031.065,110.444,,openflights
BOD,MXP,744.462,89.473,,openflights
BOD,TUN,1276.201,128.381,,openflights
BOG,AUA,978.884,106.626,,openflights
BOG,CDG,8644.694,667.539,,openflights
BOG,CUN,2277.750,201.665,,openflights
BOG,LET,1093.780,115.033,,openflights
BOG,MIA,2434.892,213.163,,openflights
BOG,PDA,698.389,86.102,,openflights
BOG,PUJ,1664.849,156.818,,openflights
BOG,SCL,4250.684,346.026,,openflights
BOG,SDQ,1602.146,152.230,,openflights
BOG,UIO,712.226,87.114,,openflights
BOH,AGP,1582.601,150.800,,openflights
BOH,CHQ,2681.125,231.180,,openflights
BOJ,BRU,1973.070,179.371,,openflights
BOJ,LTN,2326.668,205.244,,openflights
BOM,AGR,1036.910,110.871,,openflights
BOM,BDQ,363.024,61.563,,openflights
BOM,CDG,6993.626,546.729,,openflights
BOM,HYD,622.839,80.574,,openflights
BOM,IXE,714.752,87.299,,openflights
BOM,JNB,6963.999,544.561,,openflights
BOM,LHR,7213.041,562.783,,openflights
BOM,MRU,4695.333,378.561,,openflights
BOM,NRT,6786.191,531.551,,openflights
BOM,SAH,3064.635,259.242,,openflights
BOM,TRV,1257.707,127.027,,openflights
BOM,UDR,623.877,80.650,,openflights
BOO,MJF,172.822,47.645,,openflights
BOO,SVJ,109.067,42.981,,openflights
BOS,ACK,146.290,45.704,,openflights
BOS,ACY,441.009,67.269,,openflights
BOS,CDG,5534.268,439.946,,openflights
BOS,CLE,903.305,101.096,,openflights
BOS,FCO,6568.678,515.635,,openflights
BOS,MAD,5474.383,435.565,,openflights
BOS,NRT,10760.785,822.375,,openflights
BOS,RAI,5450.944,433.850,,openflights
BOS,SJC,4316.669,350.854,,openflights
BOS,SYR,424.727,66.078,,openflights
BPL,URC,425.400,66.127,,openflights
BPN,KUL,1745.908,162.749,,openflights
BPN,PLW,337.551,59.699,,openflights
BPS,CGH,1124.184,117.257,,openflights
BQL,ISA,253.695,53.563,,openflights
BQS,KHV,599.767,78.885,,openflights
BRE,ADB,2161.850,193.184,,openflights
BRE,CPH,380.181,62.818,,openflights
BRE,HAU,734.172,88.720,,openflights
BRE,IBZ,1674.905,157.554,,openflights
BRE,IST,1985.845,180.306,,openflights
BRE,LEJ,296.221,56.675,,openflights
BRE,TMP,1282.983,128.877,,openflights
BRI,AMS,1538.045,147.540,,openflights
BRI,BCN,1226.700,124.759,,openflights
BRI,STR,1027.173,110.159,,openflights
BRI,SVQ,1987.265,180.410,,openflights
BRL,ORD,299.763,56.934,,openflights
BRN,HAM,767.389,91.150,,openflights
BRN,VIE,693.817,85.767,,openflights
BRS,AMS,523.993,73.341,,openflights
BRS,FUE,2713.927,233.580,,openflights
BRS,GCI,216.733,50.859,,openflights
BRS,IBZ,1427.006,139.415,,openflights
BRS,LIS,1487.604,143.849,,openflights
BRS,MAD,1214.954,123.899,,openflights
BRS,MJV,1520.486,146.255,,openflights
BRS,MXP,1056.439,112.300,,openflights
BRS,TLS,914.711,101.930,,openflights
BRS,WMI,1600.263,152.092,,openflights
BRU,ABJ,5134.849,410.721,,openflights
BRU,ALG,1583.340,150.854,,openflights
BRU,BLL,620.656,80.414,,openflights
BRU,BLQ,871.078,98.737,,openflights
BRU,BOM,6866.058,537.395,,openflights
BRU,DME,2260.692,200.416,,openflights
BRU,FLR,936.177,103.501,,openflights
BRU,KGL,6362.006,500.513,,openflights
BRU,KGS,2379.992,209.146,,openflights
BRU,LIS,1717.469,160.668,,openflights
BRU,MLA,1853.622,170.631,,openflights
BRU,OPO,1473.397,142.810,,openflights
BRU,SXB,346.526,60.356,,openflights
BRU,TIV,1435.641,140.047,,openflights
BRU,VLC,1326.509,132.062,,openflights
BRU,VNO,1453.571,141.359,,openflights
BRU,ZAG,1029.022,110.294,,openflights
BSA,BBO,470.038,69.393,,openflights
BSA,GLK,533.272,74.020,,openflights
BSB,MAB,1175.141,120.986,,openflights
BSB,PTY,4437.342,359.684,,openflights
BSD,KMG,378.795,62.717,,openflights
BSL,BDS,1132.047,117.833,,openflights
BSL,BRU,429.363,66.417,,openflights
BSL,BUD,880.503,99.427,,openflights
BSL,EDI,1191.625,122.192,,openflights
BSL,NAP,918.924,102.238,,openflights
BSL,TLS,650.755,82.616,,openflights
BTH,BPN,1445.043,140.735,,openflights
BTH,CGK,853.588,97.458,,openflights
BTH,DPS,1644.080,155.299,,openflights
BTH,JOG,1213.055,123.760,,openflights
BTH,SUB,1348.331,133.658,,openflights
BTH,SZB,362.595,61.531,,openflights
BTK,DME,3834.242,315.554,,openflights
BTS,BGY,633.832,81.378,,openflights
BTT,FAI,286.873,55.991,,openflights
BUD,BCN,1522.188,146.380,,openflights
BUD,BGY,755.883,90.309,,openflights
BUD,CDG,1247.871,126.308,,openflights
BUD,DOH,3755.600,309.800,,openflights
BUD,IEV,880.908,99.457,,openflights
BUD,LCA,1836.505,169.378,,openflights
BUD,MUC,566.485,76.450,,openflights
BUD,OTP,615.184,80.013,,openflights
BUD,TLV,2165.077,193.420,,openflights
BUD,ZRH,804.884,93.894,,openflights
BUF,CLE,308.022,57.538,,openflights
BUF,PHL,448.466,67.815,,openflights
BUF,TPA,1698.765,159.300,,openflights
BUR,SMF,577.267,77.239,,openflights
BUW,UPG,337.164,59.671,,openflights
BVA,BDS,1576.904,150.383,,openflights
BVA,CIA,1176.393,121.078,,openflights
BVA,DUB,728.735,88.322,,openflights
BVA,GSE,1124.640,117.291,,openflights
BVA,KRK,1268.160,127.792,,openflights
BVA,TFS,2862.463,244.449,,openflights
BVA,TPS,1527.668,146.781,,openflights
BVA,WAW,1354.461,134.107,,openflights
BVG,BJF,38.582,37.823,,openflights
BVG,VDS,94.561,41.919,,openflights
BWI,CVG,690.098,85.495,,openflights
BWI,MCO,1268.998,127.853,,openflights
BWI,MEM,1264.920,127.555,,openflights
BWI,ORF,256.890,53.797,,openflights
BWI,PUJ,2427.163,212.597,,openflights
BWI,PWM,726.472,88.156,,openflights
BWI,SAN,3685.609,304.679,,openflights
BWI,SDF,794.654,93.145,,openflights
BWI,SLC,2993.492,254.036,,openflights
BWN,JED,8335.841,644.940,,openflights
BWN,MNL,1255.266,126.849,,openflights
BZE,RTB,233.525,52.087,,openflights
BZG,STN,1205.661,123.219,,openflights
BZN,SEA,871.327,98.756,,openflights
BZV,COO,1852.727,170.565,,openflights
BZV,DLA,1105.020,115.855,,openflights
BZV,JNB,2799.570,239.847,,openflights
CAE,DTW,940.432,103.812,,openflights
CAE,IAH,1410.413,138.201,,openflights
CAG,BVA,1260.327,127.219,,openflights
CAG,CGN,1300.041,130.125,,openflights
CAG,CIA,412.022,65.148,,openflights
CAG,GOA,574.246,77.018,,openflights
CAG,KRK,1469.650,142.535,,openflights
CAG,KUN,2075.101,186.837,,openflights
CAG,PMF,628.100,80.959,,openflights
CAG,PSR,557.529,75.795,,openflights
CAG,STR,1049.587,111.799,,openflights
CAH,SGN,243.641,52.827,,openflights
CAI,ASM,1818.446,168.057,,openflights
CAI,BEN,1082.151,114.182,,openflights
CAI,BEY,563.352,76.221,,openflights
CAI,DAR,4197.538,342.137,,openflights
CAI,DXB,2415.445,211.740,,openflights
CAI,GVA,2824.400,241.663,,openflights
CAI,JED,1216.665,124.024,,openflights
CAI,MUC,2623.169,226.939,,openflights
CAI,RUH,1611.719,152.931,,openflights
CAI,SXF,2873.826,245.280,,openflights
CAN,ACX,866.118,98.374,,openflights
CAN,CIH,1429.519,139.599,,openflights
CAN,CKG,965.641,105.657,,openflights
CAN,DYG,695.839,85.915,,openflights
CAN,HKT,2331.791,205.619,,openflights
CAN,HZH,530.372,73.808,,openflights
CAN,IKA,6069.195,479.087,,openflights
CAN,JED,7526.113,585.691,,openflights
CAN,JNG,1355.607,134.191,,openflights
CAN,KWL,387.730,63.370,,openflights
CAN,LZO,995.280,107.825,,openflights
CAN,MXZ,307.203,57.478,,openflights
CAN,NGB,1081.224,114.114,,openflights
CAN,SHA,1175.599,121.019,,openflights
CAN,SIN,2648.421,228.787,,openflights
CAN,SJW,1660.813,156.523,,openflights
CAN,TPE,825.857,95.429,,openflights
CAN,WNZ,908.345,101.464,,openflights
CAN,YBP,1060.442,112.593,,openflights
CBB,CIJ,763.009,90.830,,openflights
CBB,TJA,485.061,70.492,,openflights
CCC,VRA,324.909,58.774,,openflights
CCF,BLL,1476.104,143.008,,openflights
CCF,DUB,1297.833,129.963,,openflights
CCJ,BAH,3142.683,264.952,,openflights
CCJ,CJB,119.327,43.731,,openflights
CCJ,DMM,3226.898,271.115,,openflights
CCJ,IXE,233.613,52.094,,openflights
CCJ,SHJ,2666.988,230.145,,openflights
CCP,PMC,518.864,72.966,,openflights
CCS,ATL,3117.397,263.102,,openflights
CCS,BLA,257.308,53.827,,openflights
CCS,GYE,2011.969,182.217,,openflights
CCS,HAV,2139.259,191.531,,openflights
CCS,MDE,1050.363,111.856,,openflights
CCU,DIB,851.908,97.335,,openflights
CCU,IMF,602.156,79.060,,openflights
CCU,IXR,328.189,59.014,,openflights
CCU,NAG,985.178,107.086,,openflights
CCU,PBH,537.114,74.301,,openflights
CCV,ULB,40.885,37.992,,openflights
CDB,ANC,995.465,107.839,,openflights
CDB,KFP,59.135,39.327,,openflights
CDG,AJA,926.170,102.769,,openflights
CDG,ATL,7055.726,551.273,,openflights
CDG,BFS,868.661,98.561,,openflights
CDG,BIO,761.296,90.705,,openflights
CDG,BLL,871.143,98.742,,openflights
CDG,DFW,7944.057,616.272,,openflights
CDG,DJE,1814.899,167.798,,openflights
CDG,DKR,4225.962,344.217,,openflights
CDG,DUS,392.771,63.739,,openflights
CDG,FCO,1100.694,115.539,,openflights
CDG,HAV,7743.947,601.630,,openflights
CDG,KIX,9625.579,739.311,,openflights
CDG,LFW,4765.951,383.728,,openflights
CDG,LGW,307.540,57.503,,openflights
CDG,LIS,1469.964,142.558,,openflights
CDG,LPA,2800.879,239.942,,openflights
CDG,NDJ,4259.114,346.642,,openflights
CDG,NKC,3797.187,312.843,,openflights
CDG,OLB,1054.728,112.175,,openflights
CDG,ORK,841.932,96.605,,openflights
CDG,OTP,1850.133,170.376,,openflights
CDG,OVD,894.668,100.464,,openflights
CDG,PIT,6275.770,494.203,,openflights
CDG,PNR,6053.561,477.944,,openflights
CDG,RAK,2128.629,190.753,,openflights
CDG,SFA,1724.123,161.155,,openflights
CDG,STR,489.333,70.805,,openflights
CDG,SVX,3877.010,318.684,,openflights
CDG,TIV,1450.645,141.145,,openflights
CDG,TUN,1487.914,143.872,,openflights
CDG,VNO,1673.650,157.462,,openflights
CDG,YUL,5523.481,439.157,,openflights
CDG,ZRH,476.309,69.852,,openflights
CDV,YAK,341.517,59.989,,openflights
CEB,CRK,657.014,83.074,,openflights
CEB,DGT,131.374,44.613,,openflights
CEB,MNL,566.945,76.484,,openflights
CEB,SIN,2422.518,212.257,,openflights
CEB,ZAM,431.482,66.572,,openflights
CEK,OSS,1832.466,169.083,,openflights
CEK,PRG,3171.466,267.059,,openflights
CEK,TAS,1662.234,156.627,,openflights
CEM,IRC,43.141,38.157,,openflights
CFE,AMS,734.407,88.737,,openflights
CFE,CDG,361.736,61.469,,openflights
CFU,AMS,1827.498,168.719,,openflights
CFU,BLL,1961.738,178.542,,openflights
CFU,BRE,1717.390,160.663,,openflights
CFU,DUB,2500.822,217.987,,openflights
CFU,EIN,1730.849,161.648,,openflights
CFU,HAJ,1629.689,154.246,,openflights
CFU,STN,2036.640,184.022,,openflights
CFU,TXL,1527.145,146.742,,openflights
CFU,VIE,983.049,106.930,,openflights
CGB,GIG,1566.514,149.623,,openflights
CGB,GRU,1329.533,132.283,,openflights
CGB,OAL,738.841,89.062,,openflights
CGB,OPS,422.870,65.942,,openflights
CGD,HAK,1006.081,108.616,,openflights
CGD,KMG,961.266,105.337,,openflights
CGD,XMN,807.072,94.054,,openflights
CGH,CWB,331.121,59.228,,openflights
CGH,POA,837.750,96.299,,openflights
CGH,RAO,299.846,56.940,,openflights
CGH,UDI,551.816,75.377,,openflights
CGK,BPN,1257.583,127.018,,openflights
CGK,BTH,853.588,97.458,,openflights
CGK,DJJ,3773.954,311.143,,openflights
CGK,FOC,3831.514,315.355,,openflights
CGK,JED,7971.475,618.279,,openflights
CGK,PEK,5237.663,418.244,,openflights
CGK,PLW,1580.353,150.636,,openflights
CGK,PVG,4445.965,360.315,,openflights
CGK,SUB,691.205,85.576,,openflights
CGK,SYD,5518.922,438.824,,openflights
CGN,BUD,959.192,105.185,,openflights
CGN,CTA,1616.158,153.255,,openflights
CGN,ESB,2324.149,205.060,,openflights
CGN,FAO,1950.513,177.720,,openflights
CGN,HAM,363.279,61.581,,openflights
CGN,KTW,841.469,96.571,,openflights
CGN,OLB,1123.284,117.192,,openflights
CGN,PMI,1303.916,130.409,,openflights
CGN,RAK,2478.391,216.346,,openflights
CGN,RLG,486.220,70.577,,openflights
CGN,SAW,2030.344,183.562,,openflights
CGN,SKP,1482.640,143.486,,openflights
CGN,WAW,965.929,105.678,,openflights
CGO,SHE,1155.770,119.569,,openflights
CGO,SWA,1246.556,126.211,,openflights
CGO,WNZ,991.535,107.551,,openflights
CGQ,CAN,2554.813,221.938,,openflights
CGQ,TSN,879.491,99.353,,openflights
CGQ,YNT,818.166,94.866,,openflights
CGR,MGF,432.783,66.667,,openflights
CHC,AKL,745.691,89.563,,openflights
CHC,SIN,8403.249,649.872,,openflights
CHG,PEK,362.272,61.508,,openflights
CHQ,BOH,2681.125,231.180,,openflights
CHQ,CIA,1219.786,124.253,,openflights
CHQ,CPH,2398.609,210.508,,openflights
CHQ,CRL,2292.744,202.762,,openflights
CHQ,DUB,3086.996,260.878,,openflights
CHQ,DUS,2233.522,198.428,,openflights
CHQ,NRN,2288.771,202.471,,openflights
CHQ,TSF,1508.140,145.352,,openflights
CHS,HOU,1491.227,144.114,,openflights
CIA,BRI,354.731,60.956,,openflights
CIA,FMM,712.706,87.149,,openflights
CIA,POZ,1223.161,124.500,,openflights
CIA,TSR,830.621,95.777,,openflights
CIF,HET,609.099,79.568,,openflights
CIF,HLD,778.275,91.947,,openflights
CIH,WUH,615.747,80.055,,openflights
CIY,STN,2002.868,181.551,,openflights
CJC,CPO,562.371,76.149,,openflights
CJJ,SHE,647.464,82.375,,openflights
CJS,MTY,896.480,100.596,,openflights
CJU,KUV,266.271,54.483,,openflights
CJU,MWX,164.892,47.065,,openflights
CJU,NGO,959.838,105.232,,openflights
CKG,CAN,965.641,105.657,,openflights
CKG,FOC,1346.823,133.548,,openflights
CKG,HGH,1328.879,132.235,,openflights
CKG,HKT,2554.658,221.926,,openflights
CKG,KHN,902.576,101.042,,openflights
CKG,KMG,630.694,81.148,,openflights
CKG,KWE,354.021,60.904,,openflights
CKG,NKG,1188.766,121.983,,openflights
CKG,PZI,591.959,78.314,,openflights
CKG,URC,2313.153,204.255,,openflights
CKG,XMN,1273.043,128.149,,openflights
CKG,YIH,474.422,69.714,,openflights
CKY,BKO,699.849,86.208,,openflights
CKY,CDG,4635.517,374.184,,openflights
CLE,ALB,680.344,84.781,,openflights
CLE,CLT,693.666,85.756,,openflights
CLE,MKE,526.554,73.528,,openflights
CLE,ORD,506.565,72.066,,openflights
CLE,PHX,2790.760,239.202,,openflights
CLE,RIC,582.869,77.649,,openflights
CLE,SDF,489.607,70.825,,openflights
CLE,TPA,1495.329,144.414,,openflights
CLJ,BGY,1081.135,114.107,,openflights
CLJ,BLQ,994.244,107.750,,openflights
CLO,BAQ,835.723,96.150,,openflights
CLO,CTG,773.113,91.569,,openflights
CLO,MAD,8302.807,642.522,,openflights
CLO,PUU,338.069,59.737,,openflights
CLQ,TIJ,1988.573,180.505,,openflights
CLT,ATL,364.567,61.676,,openflights
CLT,BUF,879.994,99.390,,openflights
CLT,CAK,635.545,81.503,,openflights
CLT,CHS,270.551,54.796,,openflights
CLT,CUR,2830.351,242.099,,openflights
CLT,DFW,1503.207,144.991,,openflights
CLT,GNV,626.733,80.859,,openflights
CLT,HHH,333.203,59.381,,openflights
CLT,MIA,1049.400,111.785,,openflights
CLT,MSY,1047.219,111.626,,openflights
CLT,MUC,7350.665,572.854,,openflights
CLT,ROC,922.895,102.529,,openflights
CLT,SFO,3686.971,304.778,,openflights
CLT,SJU,2376.298,208.875,,openflights
CLT,STL,924.375,102.637,,openflights
CLT,SYR,971.669,106.098,,openflights
CLT,UVF,3116.511,263.037,,openflights
CLT,YOW,1209.103,123.471,,openflights
CMB,DAC,2165.760,193.470,,openflights
CMB,DMM,3835.403,315.639,,openflights
CMB,DXB,3288.158,275.597,,openflights
CMB,IXM,354.749,60.957,,openflights
CMB,JED,4653.749,375.518,,openflights
CMB,KCT,140.516,45.282,,openflights
CMB,KMG,3156.151,265.938,,openflights
CMB,RUH,4040.475,330.645,,openflights
CMH,FPO,1543.931,147.971,,openflights
CMH,LAX,3204.066,269.444,,openflights
CMH,MIA,1597.851,151.916,,openflights
CMH,MSP,1005.518,108.574,,openflights
CMN,BLQ,2042.688,184.465,,openflights
CMN,EUN,877.144,99.181,,openflights
CMN,GVA,1843.135,169.864,,openflights
CMN,LGW,2066.202,186.185,,openflights
CMN,NCE,1718.232,160.724,,openflights
CMN,OUZ,1273.374,128.174,,openflights
CMN,RBA,108.625,42.948,,openflights
CMN,TIP,1933.016,176.440,,openflights
CMW,YUL,2700.356,232.587,,openflights
CMX,ORD,578.927,77.361,,openflights
CND,IST,343.923,60.165,,openflights
CNF,CKS,1637.479,154.816,,openflights
CNF,GYN,646.729,82.322,,openflights
CNF,IMP,1611.901,152.944,,openflights
CNF,MOC,324.819,58.767,,openflights
CNF,REC,1607.722,152.638,,openflights
CNS,AUU,584.546,77.772,,openflights
CNS,CUQ,448.278,67.801,,openflights
CNX,MFM,1569.046,149.808,,openflights
COK,MCT,2434.335,213.122,,openflights
COK,RUH,3540.287,294.045,,openflights
COO,CDG,4743.108,382.057,,openflights
COO,DLA,853.271,97.434,,openflights
COR,AEP,649.131,82.497,,openflights
COS,DFW,952.566,104.700,,openflights
COS,ORD,1462.905,142.042,,openflights
CPH,AGP,2471.544,215.845,,openflights
CPH,ALC,2164.540,193.381,,openflights
CPH,AMS,633.385,81.345,,openflights
CPH,BEG,1316.659,131.341,,openflights
CPH,BHX,1001.988,108.316,,openflights
CPH,DUS,618.991,80.292,,openflights
CPH,FAE,1344.067,133.346,,openflights
CPH,FAO,2584.224,224.090,,openflights
CPH,GDN,395.271,63.922,,openflights
CPH,IAD,6539.258,513.482,,openflights
CPH,KRP,232.414,52.006,,openflights
CPH,LPA,3804.542,313.381,,openflights
CPH,LUX,795.483,93.206,,openflights
CPH,OTP,1552.083,148.567,,openflights
CPH,RIX,712.672,87.147,,openflights
CPH,TXL,342.539,60.064,,openflights
CPR,DEN,370.200,62.088,,openflights
CPT,GRJ,348.271,60.483,,openflights
CPT,MPM,1613.673,153.074,,openflights
CPT,MUB,1627.180,154.062,,openflights
CPT,UTN,668.477,83.913,,openflights
CPT,WVB,1280.880,128.723,,openflights
CRK,MFM,1066.502,113.037,,openflights
CRL,LJU,875.514,99.062,,openflights
CRL,NYO,1221.264,124.361,,openflights
CRL,OTP,1743.553,162.577,,openflights
CRL,PEG,1021.965,109.778,,openflights
CRL,PGF,866.717,98.418,,openflights
CRL,PMI,1220.240,124.286,,openflights
CRL,SKG,1809.512,167.403,,openflights
CRL,TPS,1533.129,147.180,,openflights
CRP,IAH,323.759,58.690,,openflights
CSX,FOC,685.325,85.146,,openflights
CSX,HAK,959.578,105.213,,openflights
CSX,HGH,735.825,88.841,,openflights
CSX,HKG,657.579,83.116,,openflights
CSX,JJN,654.016,82.855,,openflights
CSX,KMG,1078.368,113.905,,openflights
CSX,KWE,659.828,83.280,,openflights
CSX,LYI,906.847,101.355,,openflights
CSX,LZH,584.684,77.782,,openflights
CSX,NKG,671.722,84.150,,openflights
CSX,NNG,801.150,93.621,,openflights
CSX,PUS,1675.231,157.578,,openflights
CSX,TEN,385.347,63.196,,openflights
CSX,TYN,1064.194,112.868,,openflights
CSX,XIY,814.826,94.621,,openflights
CTA,BRU,1711.742,160.249,,openflights
CTA,CGN,1616.158,153.255,,openflights
CTA,CPH,2026.405,183.274,,openflights
CTA,NAP,386.026,63.246,,openflights
CTA,OTP,1214.027,123.831,,openflights
CTA,VIE,1189.778,122.057,,openflights
CTG,PTY,450.708,67.979,,openflights
CTS,AOJ,241.605,52.678,,openflights
CTS,PUS,1386.202,136.429,,openflights
CTS,UUS,464.489,68.987,,openflights
CTU,KTM,1831.318,168.999,,openflights
CTU,LUM,869.835,98.646,,openflights
CTU,NAY,1522.306,146.388,,openflights
CTU,TPE,1804.065,167.005,,openflights
CTU,XNN,684.576,85.091,,openflights
CTU,YTY,1509.040,145.418,,openflights
CUF,CMN,1804.259,167.019,,openflights
CUF,OTP,1459.590,141.799,,openflights
CUM,CCS,313.197,57.917,,openflights
CUN,BOS,2796.180,239.599,,openflights
CUN,BZE,416.879,65.503,,openflights
CUN,EZE,6894.647,539.486,,openflights
CUN,FCO,9183.225,706.943,,openflights
CUN,GDL,1708.713,160.028,,openflights
CUN,LGW,7976.735,618.664,,openflights
CUN,SLC,3227.161,271.134,,openflights
CUN,TGZ,815.780,94.691,,openflights
CUR,AUA,119.792,43.765,,openflights
CUR,CCS,277.866,55.332,,openflights
CVG,BNA,370.262,62.092,,openflights
CVG,BOS,1207.621,123.363,,openflights
CVG,DFW,1304.762,130.470,,openflights
CVG,JAX,989.241,107.383,,openflights
CVG,JFK,945.659,104.195,,openflights
CVG,LAX,3050.928,258.239,,openflights
CVG,RDU,627.234,80.895,,openflights
CWB,CFC,224.990,51.463,,openflights
CWB,EZE,1368.741,135.152,,openflights
CWB,IGU,532.585,73.970,,openflights
CWB,MGF,366.413,61.811,,openflights
CWB,SDU,675.542,84.430,,openflights
CWL,ALC,1474.423,142.885,,openflights
CWL,LCA,3463.780,288.447,,openflights
CYB,GCM,160.697,46.758,,openflights
CYO,HAV,176.584,47.921,,openflights
CYO,SCU,621.171,80.452,,openflights
CZE,CCS,307.200,57.478,,openflights
CZL,AZR,1135.849,118.111,,openflights
CZL,CDG,1454.306,141.413,,openflights
CZL,NCE,822.446,95.179,,openflights
CZM,DEN,2733.463,235.009,,openflights
CZM,IAH,1349.201,133.722,,openflights
CZM,MEX,1274.771,128.276,,openflights
CZU,BOG,530.064,73.785,,openflights
CZX,DLC,799.487,93.499,,openflights
CZX,DYG,947.215,104.308,,openflights
DAC,AUH,3617.706,299.710,,openflights
DAC,DXB,3536.933,293.800,,openflights
DAC,JED,5231.028,417.758,,openflights
DAC,KTM,661.786,83.423,,openflights
DAC,LHR,8014.979,621.462,,openflights
DAD,HAN,628.397,80.980,,openflights
DAD,MFM,884.090,99.690,,openflights
DAL,ELP,902.206,101.015,,openflights
DAL,HRL,740.030,89.149,,openflights
DAL,LBB,471.028,69.465,,openflights
DAL,MAF,512.242,72.481,,openflights
DAL,OKC,291.372,56.320,,openflights
DAL,SEA,2684.395,231.419,,openflights
DAR,MYW,399.614,64.240,,openflights
DAT,PEK,264.038,54.320,,openflights
DAU,POM,442.074,67.347,,openflights
DAY,ATL,696.961,85.997,,openflights
DAY,DTW,266.921,54.531,,openflights
DAY,MSP,922.736,102.517,,openflights
DAY,ORD,386.102,63.251,,openflights
DBO,BHQ,669.311,83.974,,openflights
DBV,BCN,1344.587,133.384,,openflights
DBV,CGN,1251.173,126.549,,openflights
DBV,GVA,1047.544,111.650,,openflights
DBV,RJK,418.246,65.603,,openflights
DBV,TRF,1928.915,176.140,,openflights
DBV,VCE,574.947,77.069,,openflights
DCA,BHM,1050.591,111.872,,openflights
DCA,CHS,715.029,87.319,,openflights
DCA,CLT,532.637,73.973,,openflights
DCA,CRW,399.333,64.219,,openflights
DCA,DSM,1440.864,140.429,,openflights
DCA,HHH,807.748,94.103,,openflights
DCA,LIT,1425.832,139.329,,openflights
DCA,MEM,1224.019,124.562,,openflights
DCA,MIA,1483.602,143.556,,openflights
DCA,MSN,1135.559,118.090,,openflights
DCA,NAS,1536.473,147.425,,openflights
DCA,OMA,1623.997,153.829,,openflights
DCA,PDX,3773.226,311.090,,openflights
DCA,RSW,1438.264,140.239,,openflights
DCA,SDF,760.254,90.628,,openflights
DCM,AJA,561.893,76.114,,openflights
DCM,ORY,574.590,77.043,,openflights
DDC,LBL,118.786,43.692,,openflights
DED,DEL,208.494,50.256,,openflights
DED,LKO,464.174,68.964,,openflights
DEL,AMS,6363.454,500.619,,openflights
DEL,ASB,2027.058,183.321,,openflights
DEL,ATQ,413.869,65.283,,openflights
DEL,BAH,2619.784,226.692,,openflights
DEL,BHO,587.465,77.985,,openflights
DEL,BLR,1710.049,160.126,,openflights
DEL,DAC,1425.410,139.298,,openflights
DEL,GOI,1504.246,145.067,,openflights
DEL,GOP,657.164,83.085,,openflights
DEL,HYD,1267.684,127.757,,openflights
DEL,IXD,575.517,77.111,,openflights
DEL,KTM,815.165,94.646,,openflights
DEL,MCT,1956.594,178.165,,openflights
DEL,PNQ,1156.465,119.619,,openflights
DEL,SIN,4159.415,339.347,,openflights
DEN,BHM,1740.021,162.319,,openflights
DEN,BNA,1627.584,154.092,,openflights
DEN,BUR,1366.146,134.962,,openflights
DEN,DDC,469.787,69.375,,openflights
DEN,DRO,403.293,64.509,,openflights
DEN,ELP,908.657,101.487,,openflights
DEN,GEG,1342.920,133.262,,openflights
DEN,HDN,226.936,51.605,,openflights
DEN,IDA,736.004,88.854,,openflights
DEN,ILG,2473.230,215.968,,openflights
DEN,LBB,734.353,88.733,,openflights
DEN,LHR,7496.472,583.522,,openflights
DEN,LIT,1238.673,125.635,,openflights
DEN,MCK,349.522,60.575,,openflights
DEN,MDT,2366.820,208.182,,openflights
DEN,MSO,1091.420,114.860,,openflights
DEN,MSP,1092.352,114.928,,openflights
DEN,PDX,1592.175,151.501,,openflights
DEN,PIR,619.168,80.305,,openflights
DEN,PVR,2133.612,191.118,,openflights
DEN,SAN,1371.324,135.341,,openflights
DEN,SNA,1359.686,134.489,,openflights
DEN,YWG,1259.998,127.195,,openflights
DFW,AEX,457.264,68.458,,openflights
DFW,AMA,501.525,71.697,,openflights
DFW,BWI,1954.769,178.032,,openflights
DFW,BZE,1918.195,175.356,,openflights
DFW,CMH,1488.692,143.929,,openflights
DFW,EZE,8533.648,659.413,,openflights
DFW,GDL,1509.632,145.461,,openflights
DFW,GPT,803.120,93.765,,openflights
DFW,LEX,1261.120,127.277,,openflights
DFW,LGA,2231.360,198.270,,openflights
DFW,LHR,7627.239,593.091,,openflights
DFW,MCI,741.655,89.267,,openflights
DFW,MCO,1582.416,150.787,,openflights
DFW,MOB,866.335,98.390,,openflights
DFW,MSY,719.440,87.642,,openflights
DFW,MYR,1683.395,158.175,,openflights
DFW,ONT,1908.342,174.635,,openflights
DFW,PBC,1533.425,147.202,,openflights
DFW,PBI,1772.119,164.667,,openflights
DFW,ROW,699.278,86.167,,openflights
DFW,TRC,1022.427,109.812,,openflights
DFW,TXK,290.255,56.238,,openflights
DGT,MNL,626.574,80.847,,openflights
DIE,NOS,150.587,46.019,,openflights
DIG,CAN,1449.977,141.096,,openflights
DIG,JHG,656.261,83.019,,openflights
DIN,HAN,290.614,56.264,,openflights
DIY,ESB,670.074,84.030,,openflights
DJE,NBE,246.638,53.047,,openflights
DJE,NTE,1805.218,167.089,,openflights
DJE,SXB,1651.224,155.821,,openflights
DJE,TIP,259.317,53.974,,openflights
DJE,TUN,334.629,59.485,,openflights
DJJ,MKQ,660.958,83.363,,openflights
DKR,ACC,2148.776,192.228,,openflights
DKR,IST,5325.472,424.669,,openflights
DKR,LIS,2795.776,239.569,,openflights
DKR,NKC,428.800,66.376,,openflights
DKR,TUN,3681.292,304.363,,openflights
DLA,IST,4557.965,368.510,,openflights
DLC,CIF,425.967,66.168,,openflights
DLC,CKG,1707.230,159.919,,openflights
DLC,FOC,1459.488,141.792,,openflights
DLC,FUK,997.201,107.966,,openflights
DLC,KHN,1237.132,125.522,,openflights
DLC,NGO,1429.910,139.628,,openflights
DLC,WEF,334.176,59.452,,openflights
DLC,XMN,1635.364,154.661,,openflights
DLC,YTY,730.531,88.453,,openflights
DLH,LAS,2243.757,199.177,,openflights
DLI,DAD,477.804,69.961,,openflights
DLM,DUS,2376.644,208.901,,openflights
DLM,VIE,1612.328,152.975,,openflights
DLU,JHG,411.151,65.084,,openflights
DMD,BUC,78.318,40.731,,openflights
DME,AAQ,1157.845,119.720,,openflights
DME,AGP,3793.544,312.576,,openflights
DME,ALC,3424.929,285.605,,openflights
DME,AMM,2638.050,228.028,,openflights
DME,AUH,3706.728,306.224,,openflights
DME,BRU,2260.692,200.416,,openflights
DME,EGO,537.080,74.299,,openflights
DME,FEG,2982.362,253.222,,openflights
DME,FRA,2046.744,184.762,,openflights
DME,GOA,2388.199,209.746,,openflights
DME,HER,2434.028,213.100,,openflights
DME,KGF,2450.086,214.275,,openflights
DME,KVD,1743.950,162.606,,openflights
DME,MAD,3437.405,286.517,,openflights
DME,MLA,2808.384,240.492,,openflights
DME,MRV,1296.925,129.897,,openflights
DME,NBC,892.383,100.296,,openflights
DME,NJC,2306.720,203.784,,openflights
DME,NRT,7513.169,584.744,,openflights
DME,NUX,2356.113,207.399,,openflights
DME,OSS,3025.192,256.355,,openflights
DME,PKC,6774.729,530.712,,openflights
DME,RTW,686.828,85.256,,openflights
DME,SCO,1591.449,151.448,,openflights
DME,SGN,7684.060,597.248,,openflights
DME,SLY,1954.781,178.033,,openflights
DME,TIV,2001.080,181.420,,openflights
DME,UKK,3007.211,255.040,,openflights
DME,UKS,1230.914,125.067,,openflights
DMK,DPS,2988.406,253.664,,openflights
DMK,HGH,2723.572,234.286,,openflights
DMK,PEN,958.677,105.147,,openflights
DMK,TST,720.242,87.701,,openflights
DMK,UNN,509.685,72.294,,openflights
DMK,UTH,451.350,68.026,,openflights
DMK,XIY,2425.750,212.494,,openflights
DMM,AHB,1172.803,120.815,,openflights
DMM,AMM,1461.348,141.928,,openflights
DMM,FRA,4367.493,354.573,,openflights
DMM,HBE,2018.890,182.724,,openflights
DMM,ISB,2349.234,206.895,,openflights
DMM,MAA,3501.372,291.198,,openflights
DMM,YNB,1207.132,123.327,,openflights
DNH,HGH,2564.568,222.651,,openflights
DNR,STN,401.862,64.405,,openflights
DOH,AUH,320.919,58.482,,openflights
DOH,BOM,2291.262,202.653,,openflights
DOH,CKG,5400.585,430.165,,openflights
DOH,COK,3108.301,262.437,,openflights
DOH,DAC,3912.672,321.293,,openflights
DOH,DEL,2549.212,221.528,,openflights
DOH,FRA,4587.532,370.673,,openflights
DOH,HYD,2913.500,248.183,,openflights
DOH,ICN,7052.495,551.036,,openflights
DOH,MAA,3286.408,275.469,,openflights
DOH,MAD,5329.899,424.993,,openflights
DOH,MAN,5409.379,430.808,,openflights
DOH,MLE,3312.320,277.365,,openflights
DOH,MUC,4301.901,349.773,,openflights
DOH,MXP,4422.761,358.617,,openflights
DOH,PHL,10918.610,833.923,,openflights
DOH,RUH,495.489,71.255,,openflights
DOH,TRV,3265.453,273.936,,openflights
DOH,TXL,4405.601,357.361,,openflights
DOH,VCE,4149.664,338.634,,openflights
DOH,VIE,3968.549,325.382,,openflights
DOH,ZRH,4494.972,363.900,,openflights
DOU,VCP,804.780,93.886,,openflights
DPS,CAN,3579.637,296.925,,openflights
DPS,LOP,121.957,43.924,,openflights
DPS,SIN,1671.498,157.305,,openflights
DPS,SYD,4622.149,373.206,,openflights
DPS,TIM,2443.675,213.805,,openflights
DRK,SJO,154.822,46.328,,openflights
DRS,DUS,487.763,70.690,,openflights
DRS,STR,423.793,66.009,,openflights
DRS,TFS,3606.002,298.854,,openflights
DRV,HAQ,176.648,47.925,,openflights
DRV,MLE,115.978,43.486,,openflights
DRW,GOV,645.530,82.234,,openflights
DSK,PZH,148.858,45.892,,openflights
DSM,MDW,491.727,70.980,,openflights
DSM,PHX,1847.154,170.158,,openflights
DSN,CSX,1294.025,129.685,,openflights
DSN,KMG,1726.007,161.293,,openflights
DSN,WUH,1045.294,111.485,,openflights
DTM,BCN,1212.277,123.703,,openflights
DTM,BUD,955.066,104.883,,openflights
DTM,OTP,1569.278,149.825,,openflights
DTW,ABE,681.797,84.888,,openflights
DTW,AMS,6323.605,497.703,,openflights
DTW,AVL,756.741,90.371,,openflights
DTW,AVP,639.910,81.823,,openflights
DTW,BTV,861.602,98.044,,openflights
DTW,CLT,805.696,93.953,,openflights
DTW,DAY,266.921,54.531,,openflights
DTW,IND,371.371,62.173,,openflights
DTW,LGA,805.135,93.912,,openflights
DTW,LIT,1133.946,117.972,,openflights
DTW,MHT,978.351,106.587,,openflights
DTW,MLI,598.615,78.801,,openflights
DTW,PBI,1752.037,163.198,,openflights
DTW,PIT,323.166,58.646,,openflights
DTW,ROA,615.199,80.015,,openflights
DTW,SCE,482.523,70.307,,openflights
DTW,SLC,2377.892,208.992,,openflights
DTW,SWF,769.602,91.312,,openflights
DTW,TYS,713.945,87.240,,openflights
DUB,ADB,3044.533,257.771,,openflights
DUB,AGP,1867.156,171.621,,openflights
DUB,ATH,2875.692,245.416,,openflights
DUB,BGY,1433.506,139.891,,openflights
DUB,CIY,2433.507,213.061,,openflights
DUB,DXB,5918.528,468.063,,openflights
DUB,EIN,818.203,94.869,,openflights
DUB,GDN,1615.755,153.226,,openflights
DUB,HAJ,1072.199,113.454,,openflights
DUB,HHN,1007.763,108.739,,openflights
DUB,KIR,258.552,53.918,,openflights
DUB,KIV,2579.267,223.727,,openflights
DUB,KTW,1758.285,163.655,,openflights
DUB,LPL,227.067,51.615,,openflights
DUB,MJV,1789.538,165.942,,openflights
DUB,RYG,1235.684,125.416,,openflights
DUB,SCQ,1180.949,121.411,,openflights
DUB,SDR,1125.735,117.371,,openflights
DUB,SEN,514.181,72.623,,openflights
DUB,STN,470.666,69.439,,openflights
DUB,SVQ,1779.722,165.224,,openflights
DUB,TLS,1223.780,124.545,,openflights
DUB,VLC,1610.047,152.808,,openflights
DUR,MQP,470.495,69.426,,openflights
DUS,BCN,1167.415,120.421,,openflights
DUS,CWL,701.778,86.350,,openflights
DUS,DUB,915.106,101.959,,openflights
DUS,EBL,3373.241,281.823,,openflights
DUS,FLR,895.488,100.523,,openflights
DUS,GCI,695.259,85.873,,openflights
DUS,GOT,792.547,92.991,,openflights
DUS,HRG,3510.762,291.885,,openflights
DUS,JFK,6017.223,475.285,,openflights
DUS,MIA,7603.569,591.359,,openflights
DUS,MJT,2053.676,185.269,,openflights
DUS,NCE,849.206,97.137,,openflights
DUS,NCL,700.402,86.249,,openflights
DUS,OTP,1614.836,153.159,,openflights
DUS,SAW,2073.915,186.750,,openflights
DUS,SVO,2068.031,186.319,,openflights
DUS,VKO,2057.602,185.556,,openflights
DUS,WRO,704.851,86.574,,openflights
DWC,JED,1672.204,157.356,,openflights
DWC,KUF,3208.302,269.754,,openflights
DWC,LED,4330.958,351.899,,openflights
DWC,TJM,3681.784,304.399,,openflights
DXB,AHB,1525.269,146.605,,openflights
DXB,AWZ,935.305,103.437,,openflights
DXB,BHX,5603.411,445.006,,openflights
DXB,BND,240.791,52.619,,openflights
DXB,BOS,10702.118,818.082,,openflights
DXB,BUZ,607.824,79.475,,openflights
DXB,CGK,6547.083,514.055,,openflights
DXB,CMN,6080.497,479.914,,openflights
DXB,CPH,4818.382,387.565,,openflights
DXB,DME,3641.987,301.487,,openflights
DXB,EBB,3731.342,308.025,,openflights
DXB,FRU,2635.418,227.835,,openflights
DXB,HBE,2589.209,224.454,,openflights
DXB,HGA,2116.762,189.885,,openflights
DXB,KBL,1686.395,158.395,,openflights
DXB,KBP,3488.659,290.268,,openflights
DXB,KTM,2990.546,253.820,,openflights
DXB,KUL,5549.193,441.038,,openflights
DXB,MAD,5648.830,448.329,,openflights
DXB,MNL,6906.038,540.320,,openflights
DXB,NRT,7979.177,618.842,,openflights
DXB,SKP,3600.882,298.479,,openflights
DXB,SVO,3711.666,306.585,,openflights
DXB,SVX,3528.697,293.197,,openflights
DXB,TIF,1568.786,149.789,,openflights
DXB,TIP,4160.449,339.423,,openflights
DXB,VCE,4430.408,359.176,,openflights
DXB,VIE,4222.897,343.992,,openflights
DXB,ZBR,504.641,71.925,,openflights
DYU,DME,2961.540,251.698,,openflights
DYU,FRU,691.591,85.604,,openflights
DYU,GOJ,2694.856,232.185,,openflights
DYU,KJA,2623.448,226.960,,openflights
DYU,KRR,2546.187,221.306,,openflights
DYU,KZN,2388.871,209.795,,openflights
DYU,SGC,2554.880,221.942,,openflights
DYU,SVX,2107.667,189.220,,openflights
DYU,UFA,2030.170,183.549,,openflights
DYU,URC,1665.258,156.848,,openflights
DZA,DIE,438.186,67.062,,openflights
DZA,HAH,260.128,54.034,,openflights
EAM,RUH,850.255,97.214,,openflights
EBA,ACH,528.048,73.638,,openflights
EBB,KSE,261.053,54.101,,openflights
EBB,LHR,6496.975,510.388,,openflights
EBB,MGQ,1446.515,140.843,,openflights
EBB,RUA,375.004,62.439,,openflights
EBL,ADA,779.141,92.010,,openflights
EBL,ARN,3202.865,269.356,,openflights
EBL,FRA,3214.263,270.190,,openflights
ECN,GZT,409.723,64.980,,openflights
EDI,BRU,764.685,90.953,,openflights
EDI,CFU,2492.651,217.389,,openflights
EDI,DUB,337.203,59.673,,openflights
EDI,FRA,1032.854,110.575,,openflights
EDI,GDN,1392.186,136.867,,openflights
EDI,GSE,946.313,104.242,,openflights
EDI,JER,753.864,90.161,,openflights
EDI,KEF,1384.630,136.314,,openflights
EDI,KRK,1670.992,157.268,,openflights
EDI,MAH,1873.490,172.085,,openflights
EDI,MUC,1330.337,132.342,,openflights
EDI,POZ,1365.961,134.948,,openflights
EDI,SYY,308.849,57.599,,openflights
EFL,STN,2195.257,195.629,,openflights
EGO,KUF,978.937,106.630,,openflights
EGO,LED,1093.215,114.991,,openflights
EGO,ROV,426.154,66.182,,openflights
EIN,BDS,1538.725,147.590,,openflights
EIN,BLQ,885.247,99.774,,openflights
EIN,BUD,1096.818,115.255,,openflights
EIN,DEB,1250.251,126.482,,openflights
EIN,FEZ,2119.332,190.073,,openflights
EIN,KRK,1023.218,109.870,,openflights
EIN,NCE,877.270,99.190,,openflights
EIN,OPO,1560.288,149.167,,openflights
EIN,OTP,1711.983,160.267,,openflights
EIN,REU,1189.815,122.060,,openflights
EIN,RIX,1348.525,133.673,,openflights
EIN,RTM,85.718,41.272,,openflights
EIN,SKP,1620.827,153.597,,openflights
EIN,SVQ,1793.895,166.261,,openflights
EIN,TPS,1605.190,152.453,,openflights
EIS,STT,46.960,38.436,,openflights
ELD,HOT,142.192,45.404,,openflights
ELF,KRT,808.141,94.132,,openflights
ELH,FLL,353.670,60.878,,openflights
ELI,KKA,64.114,39.691,,openflights
ELM,SFB,1538.624,147.582,,openflights
ELP,ORD,1987.562,180.431,,openflights
ELP,PHX,557.712,75.808,,openflights
ELQ,DXB,1165.960,120.314,,openflights
ELQ,MED,452.549,68.113,,openflights
ELU,ALG,479.471,70.083,,openflights
EMA,ACE,2840.210,242.820,,openflights
EMA,DUB,336.140,59.596,,openflights
EMA,IBZ,1565.825,149.573,,openflights
EMA,LEI,1779.544,165.211,,openflights
EMA,LIG,795.715,93.223,,openflights
EMA,LPA,3001.484,254.621,,openflights
EMA,NOC,510.953,72.387,,openflights
EMA,PRG,1119.156,116.889,,openflights
EMA,PSA,1333.552,132.577,,openflights
EMA,RIX,1670.391,157.224,,openflights
EMA,RZE,1637.580,154.823,,openflights
ENU,ABV,283.521,55.745,,openflights
EOH,IBE,206.340,50.098,,openflights
EOH,NQU,195.782,49.325,,openflights
EQS,BRC,195.353,49.294,,openflights
ERF,LGW,778.536,91.966,,openflights
ERZ,SAW,1008.632,108.802,,openflights
ESB,AJI,856.953,97.704,,openflights
ESB,ERZ,695.942,85.923,,openflights
ESB,GYD,1444.349,140.684,,openflights
ESB,MUC,1912.154,174.914,,openflights
ETZ,MRS,621.392,80.468,,openflights
EUG,AZA,1562.673,149.342,,openflights
EUG,PDX,169.840,47.427,,openflights
EVN,PRG,2587.129,224.302,,openflights
EWB,ACK,88.289,41.460,,openflights
EWR,AUS,2416.910,211.847,,openflights
EWR,BOG,4002.007,327.830,,openflights
EWR,BRU,5907.225,467.236,,openflights
EWR,BTV,428.384,66.345,,openflights
EWR,CMH,742.984,89.365,,openflights
EWR,CVG,913.860,101.868,,openflights
EWR,DUB,5124.465,409.961,,openflights
EWR,FPO,1625.891,153.968,,openflights
EWR,GCM,2475.914,216.164,,openflights
EWR,HNL,7973.390,618.419,,openflights
EWR,LHR,5561.648,441.950,,openflights
EWR,MCI,1753.012,163.269,,openflights
EWR,OSL,5933.102,469.129,,openflights
EWR,PVR,3680.147,304.279,,openflights
EWR,SDQ,2512.534,218.844,,openflights
EWR,SFO,4118.401,336.346,,openflights
EWR,SJO,3553.653,295.023,,openflights
EWR,SYR,313.102,57.910,,openflights
EWR,TLV,9140.241,703.798,,openflights
EWR,YEG,3248.010,272.659,,openflights
EWR,YQB,713.719,87.223,,openflights
EXT,DUS,714.321,87.267,,openflights
EXT,EDI,579.955,77.436,,openflights
EXT,EGC,719.513,87.647,,openflights
EXT,NQY,116.330,43.512,,openflights
EYP,BOG,206.996,50.146,,openflights
EYW,FLL,233.498,52.085,,openflights
EYW,MIA,201.927,49.775,,openflights
EYW,RSW,220.177,51.111,,openflights
EYW,TPA,387.962,63.387,,openflights
EZE,BCN,10480.857,801.892,,openflights
EZE,BRC,1308.981,130.779,,openflights
EZE,COR,656.063,83.005,,openflights
EZE,DFW,8533.648,659.413,,openflights
EZE,FCO,11154.768,851.203,,openflights
EZE,FRA,11502.557,876.651,,openflights
EZE,MDZ,972.488,106.158,,openflights
EZE,SCL,1138.232,118.285,,openflights
EZE,VVI,1963.661,178.683,,openflights
EZS,IST,945.514,104.184,,openflights
FAE,BGO,696.882,85.991,,openflights
FAI,GAL,430.044,66.467,,openflights
FAO,EDI,2133.556,191.114,,openflights
FAO,GLA,2113.575,189.652,,openflights
FAO,HAJ,2199.905,195.969,,openflights
FAO,LGW,1687.572,158.481,,openflights
FAO,MUC,2038.213,184.138,,openflights
FAO,NCL,2059.765,185.715,,openflights
FAO,OPO,474.788,69.741,,openflights
FAO,TXL,2390.951,209.948,,openflights
FAR,AZA,1963.766,178.690,,openflights
FAR,DFW,1559.500,149.110,,openflights
FCO,ADD,4481.394,362.907,,openflights
FCO,AGP,1546.849,148.184,,openflights
FCO,AMM,2383.144,209.376,,openflights
FCO,ATL,8085.347,626.611,,openflights
FCO,BDS,493.869,71.137,,openflights
FCO,BHX,1582.908,150.823,,openflights
FCO,BKK,8877.104,684.544,,openflights
FCO,BOD,1099.414,115.445,,openflights
FCO,CTA,539.193,74.453,,openflights
FCO,DOH,4038.721,330.516,,openflights
FCO,GIG,9171.030,706.051,,openflights
FCO,GYD,3144.209,265.064,,openflights
FCO,HAJ,1200.866,122.868,,openflights
FCO,LRM,7934.090,615.543,,openflights
FCO,MPL,704.306,86.535,,openflights
FCO,OPO,1738.373,162.198,,openflights
FCO,OTP,1162.487,120.060,,openflights
FCO,PMO,409.481,64.962,,openflights
FCO,RTM,1273.862,128.209,,openflights
FCO,VLC,1102.432,115.666,,openflights
FDF,BGI,234.594,52.165,,openflights
FDH,FRA,271.513,54.867,,openflights
FDH,IST,1678.178,157.794,,openflights
FEN,NAT,390.244,63.554,,openflights
FEZ,HHN,2043.118,184.496,,openflights
FEZ,MRS,1377.092,135.763,,openflights
FEZ,NTE,1497.538,144.576,,openflights
FEZ,ORY,1754.157,163.353,,openflights
FIH,DLA,1129.276,117.630,,openflights
FIH,NBO,2409.786,211.326,,openflights
FKB,STN,654.722,82.907,,openflights
FKQ,KNG,177.911,48.018,,openflights
FKQ,MKW,300.142,56.962,,openflights
FLL,ACY,1576.105,150.325,,openflights
FLL,ALB,1942.111,177.106,,openflights
FLL,ARN,7962.132,617.595,,openflights
FLL,BNA,1277.948,128.508,,openflights
FLL,CLT,1019.274,109.581,,openflights
FLL,CVG,1503.078,144.981,,openflights
FLL,DCA,1450.484,141.133,,openflights
FLL,DFW,1798.924,166.629,,openflights
FLL,EWR,1716.833,160.622,,openflights
FLL,GUA,1672.257,157.360,,openflights
FLL,ISP,1761.445,163.886,,openflights
FLL,JFK,1723.289,161.094,,openflights
FLL,LEX,1394.445,137.033,,openflights
FLL,NAS,292.973,56.437,,openflights
FLL,PIT,1603.326,152.317,,openflights
FLL,SAL,1683.988,158.219,,openflights
FLL,SDQ,1372.329,135.414,,openflights
FLL,SJU,1683.716,158.199,,openflights
FLL,TCB,284.994,55.853,,openflights
FLL,YUL,2231.312,198.267,,openflights
FLR,CAG,537.517,74.331,,openflights
FLR,CTA,776.711,91.833,,openflights
FLR,DUS,895.488,100.523,,openflights
FLR,ZRH,455.766,68.349,,openflights
FLS,LST,174.418,47.762,,openflights
FMM,AGP,1740.732,162.371,,openflights
FMM,IEV,1488.176,143.891,,openflights
FMM,STN,835.800,96.156,,openflights
FMO,AGP,1966.730,178.907,,openflights
FMO,GRO,1196.884,122.577,,openflights
FMO,MUC,511.480,72.425,,openflights
FMO,PMI,1449.792,141.082,,openflights
FNC,CGN,2806.404,240.347,,openflights
FNC,FRA,2836.042,242.515,,openflights
FNC,HAJ,3052.658,258.365,,openflights
FNC,HAM,3145.889,265.187,,openflights
FNC,LGW,2455.537,214.673,,openflights
FNC,LIS,965.138,105.620,,openflights
FNC,PDL,984.919,107.067,,openflights
FNC,TXL,3262.866,273.746,,openflights
FNJ,SHE,326.189,58.868,,openflights
FNT,MSP,787.925,92.653,,openflights
FOC,CTU,1621.802,153.668,,openflights
FOC,CZX,665.553,83.699,,openflights
FOR,RAI,2658.687,229.538,,openflights
FPO,EWR,1625.891,153.968,,openflights
FRA,ABV,4563.546,368.918,,openflights
FRA,ABZ,1065.169,112.939,,openflights
FRA,ALG,1544.441,148.008,,openflights
FRA,BCN,1093.614,115.021,,openflights
FRA,BRU,304.839,57.305,,openflights
FRA,CAI,2921.705,248.783,,openflights
FRA,CFU,1461.358,141.929,,openflights
FRA,CHQ,2044.786,184.619,,openflights
FRA,CTU,7810.377,606.491,,openflights
FRA,FDH,271.513,54.867,,openflights
FRA,FLR,720.224,87.699,,openflights
FRA,FNC,2836.042,242.515,,openflights
FRA,GOT,882.225,99.553,,openflights
FRA,HAJ,280.871,55.552,,openflights
FRA,HEL,1537.938,147.532,,openflights
FRA,IAH,8402.589,649.824,,openflights
FRA,JFK,6189.438,487.886,,openflights
FRA,KIV,1534.754,147.299,,openflights
FRA,KRK,799.872,93.527,,openflights
FRA,KTW,748.165,89.744,,openflights
FRA,KUF,2846.441,243.276,,openflights
FRA,LHR,654.760,82.909,,openflights
FRA,LIN,512.907,72.530,,openflights
FRA,LNZ,454.890,68.285,,openflights
FRA,LOS,4856.822,390.377,,openflights
FRA,MEX,9551.972,733.925,,openflights
FRA,MUC,299.078,56.884,,openflights
FRA,OPO,1652.746,155.933,,openflights
FRA,OSL,1132.544,117.869,,openflights
FRA,OTP,1449.051,141.028,,openflights
FRA,PEK,7787.378,604.808,,openflights
FRA,PRN,1263.987,127.487,,openflights
FRA,PUY,698.520,86.111,,openflights
FRA,SIN,10279.256,787.141,,openflights
FRA,SSA,8353.964,646.266,,openflights
FRA,TAB,7593.472,590.620,,openflights
FRA,TFS,3238.799,271.985,,openflights
FRA,TXL,431.682,66.587,,openflights
FRA,VNO,1241.663,125.853,,openflights
FRE,HIR,155.946,46.411,,openflights
FRO,HOV,86.150,41.304,,openflights
FRU,DYU,691.591,85.604,,openflights
FRU,KJA,1940.143,176.962,,openflights
FRU,KRR,2807.915,240.457,,openflights
FRU,OSS,306.295,57.412,,openflights
FRU,SVO,2986.618,253.533,,openflights
FRU,URC,1051.665,111.951,,openflights
FSC,LIL,1108.531,116.112,,openflights
FSC,NTE,1057.040,112.344,,openflights
FSD,LAS,1774.122,164.814,,openflights
FSD,ORD,742.530,89.331,,openflights
FSM,ATL,929.935,103.044,,openflights
FTA,TAH,105.884,42.748,,openflights
FUE,BHX,2849.980,243.535,,openflights
FUE,EMA,2900.035,247.198,,openflights
FUE,GLA,3139.864,264.746,,openflights
FUE,HAM,3406.038,284.222,,openflights
FUE,LPA,160.080,46.713,,openflights
FUE,LPL,2909.623,247.899,,openflights
FUE,MAN,2926.549,249.138,,openflights
FUE,PIK,3098.536,261.722,,openflights
FUE,TXL,3487.448,290.179,,openflights
FUG,XMN,955.998,104.951,,openflights
FUK,HAN,2783.432,238.666,,openflights
FUK,ISG,1186.121,121.789,,openflights
FUK,SHE,1084.815,114.377,,openflights
FUK,SIN,4520.709,365.784,,openflights
FYU,VEE,68.955,40.045,,openflights
GAE,TUN,330.896,59.212,,openflights
GAF,TOE,84.646,41.194,,openflights
GAL,FAI,430.044,66.467,,openflights
GAL,HSL,110.368,43.076,,openflights
GAN,KDM,132.554,44.699,,openflights
GAU,BLR,2039.387,184.223,,openflights
GAU,IXA,249.197,53.234,,openflights
GBE,FRW,409.852,64.989,,openflights
GCC,SLC,659.043,83.223,,openflights
GCI,STN,337.888,59.724,,openflights
GCM,HAV,425.232,66.115,,openflights
GCM,MIA,731.058,88.492,,openflights
GCN,PGA,125.029,44.148,,openflights
GDL,CJS,1274.277,128.240,,openflights
GDL,CUL,636.422,81.567,,openflights
GDL,FAT,2406.904,211.115,,openflights
GDL,MTY,669.963,84.022,,openflights
GDL,MXL,1791.768,166.105,,openflights
GDL,ORD,2789.379,239.101,,openflights
GDL,SLC,2398.044,210.467,,openflights
GDL,SNA,2048.674,184.903,,openflights
GDL,TIJ,1902.389,174.199,,openflights
GDN,FRA,828.284,95.606,,openflights
GDN,LBC,508.947,72.240,,openflights
GDN,LPL,1397.435,137.251,,openflights
GDN,MUC,813.910,94.554,,openflights
GDN,ORK,1809.871,167.430,,openflights
GDN,PSA,1324.776,131.935,,openflights
GDN,STN,1243.673,126.000,,openflights
GEG,OAK,1164.898,120.236,,openflights
GEG,SEA,358.920,61.262,,openflights
GEO,PBM,358.481,61.230,,openflights
GEO,POS,567.807,76.547,,openflights
GEO,PZO,535.269,74.166,,openflights
GEO,YYZ,4630.298,373.802,,openflights
GEV,ARN,843.976,96.754,,openflights
GFK,TVF,74.858,40.477,,openflights
GGG,DFW,225.173,51.476,,openflights
GGT,GHB,196.904,49.408,,openflights
GGT,YYZ,2262.827,200.573,,openflights
GHA,ALG,481.827,70.256,,openflights
GHA,CZL,504.546,71.918,,openflights
GIB,LGW,1717.381,160.662,,openflights
GIB,LTN,1792.106,166.130,,openflights
GIB,MAN,1927.720,176.053,,openflights
GIG,AEP,1969.179,179.086,,openflights
GIG,BOG,4541.065,367.273,,openflights
GIG,CGB,1566.514,149.623,,openflights
GIG,CGR,1208.539,123.430,,openflights
GIG,JPA,1955.227,178.065,,openflights
GIG,LIM,3776.646,311.340,,openflights
GIG,MAO,2847.565,243.358,,openflights
GIG,MIA,6717.237,526.505,,openflights
GIG,MVD,1823.896,168.456,,openflights
GIG,SCL,2934.105,249.691,,openflights
GIG,VCP,398.404,64.152,,openflights
GIS,AKL,334.864,59.502,,openflights
GJT,PHX,705.274,86.605,,openflights
GKA,MAG,106.714,42.808,,openflights
GLA,AYT,3368.162,281.451,,openflights
GLA,LCA,3703.586,305.994,,openflights
GLA,LPA,3227.432,271.154,,openflights
GLA,PMI,1889.944,173.289,,openflights
GLA,RHO,3258.415,273.421,,openflights
GLA,SOU,583.859,77.721,,openflights
GLO,IOM,293.716,56.491,,openflights
GLV,OME,116.645,43.535,,openflights
GMB,ADD,475.271,69.776,,openflights
GMP,PEK,926.958,102.826,,openflights
GMP,USN,316.250,58.140,,openflights
GNV,MIA,475.132,69.766,,openflights
GOA,BCN,650.530,82.600,,openflights
GOA,CAG,574.246,77.018,,openflights
GOA,FCO,400.763,64.324,,openflights
GOA,NAP,593.681,78.440,,openflights
GOA,TIA,946.008,104.220,,openflights
GOI,BLR,482.935,70.337,,openflights
GOI,DEL,1504.246,145.067,,openflights
GOI,DME,5401.546,430.235,,openflights
GOM,FKI,495.330,71.244,,openflights
GOQ,XNN,648.957,82.485,,openflights
GOT,BLE,358.206,61.210,,openflights
GOT,CDG,1156.163,119.597,,openflights
GOT,FCO,1763.834,164.061,,openflights
GOT,IKA,3780.775,311.642,,openflights
GOT,LGW,1081.485,114.133,,openflights
GOT,NCE,1596.499,151.817,,openflights
GOT,TXL,571.031,76.783,,openflights
GOV,GTE,193.575,49.164,,openflights
GPT,CLT,928.162,102.914,,openflights
GRO,AHO,483.165,70.354,,openflights
GRO,BOH,1048.099,111.690,,openflights
GRO,FKB,870.037,98.661,,openflights
GRO,RBA,1205.516,123.208,,openflights
GRO,SFT,2781.233,238.505,,openflights
GRR,CLE,344.022,60.172,,openflights
GRR,IAD,806.339,94.000,,openflights
GRR,LGA,992.321,107.609,,openflights
GRU,AUH,12120.963,921.900,,openflights
GRU,CMN,7539.738,586.688,,openflights
GRU,DTW,8223.664,636.732,,openflights
GRU,FCO,9432.581,725.189,,openflights
GRU,JFK,7663.979,595.779,,openflights
GRU,LAX,9918.573,760.749,,openflights
GRU,LFW,6136.653,484.023,,openflights
GRU,LIS,7935.276,615.630,,openflights
GRU,PLU,476.222,69.845,,openflights
GRU,VIX,729.613,88.386,,openflights
GSE,EDI,946.313,104.242,,openflights
GSE,GDN,556.529,75.722,,openflights
GSO,PHL,587.625,77.997,,openflights
GSP,BWI,684.710,85.101,,openflights
GSP,MDW,905.005,101.220,,openflights
GSP,PGD,887.102,99.910,,openflights
GSP,SFB,686.577,85.237,,openflights
GTE,GOV,193.575,49.164,,openflights
GTF,LAS,1305.592,130.531,,openflights
GUA,ATL,2205.931,196.410,,openflights
GUA,IAD,2995.905,254.213,,openflights
GUA,IAH,1782.082,165.396,,openflights
GUA,SAP,295.881,56.650,,openflights
GUA,TAP,199.565,49.602,,openflights
GUW,URA,448.450,67.813,,openflights
GUW,VKO,1376.636,135.729,,openflights
GVA,BOD,553.998,75.536,,openflights
GVA,DXB,4919.422,394.958,,openflights
GVA,FLR,482.874,70.332,,openflights
GVA,HEL,1990.630,180.656,,openflights
GVA,IAD,6566.304,515.461,,openflights
GVA,JED,4040.400,330.639,,openflights
GVA,KBP,1880.111,172.569,,openflights
GVA,LED,2187.023,195.026,,openflights
GVA,NTE,597.216,78.699,,openflights
GVA,OLB,653.989,82.853,,openflights
GVA,RAK,2029.067,183.468,,openflights
GVA,SCQ,1207.036,123.320,,openflights
GVA,SEN,712.472,87.132,,openflights
GVA,SVO,2410.894,211.407,,openflights
GVA,WAW,1261.271,127.288,,openflights
GWD,MCT,448.306,67.803,,openflights
GWT,MUC,766.921,91.116,,openflights
GWT,TXL,417.400,65.541,,openflights
GXF,SAH,492.014,71.001,,openflights
GYD,ASB,767.060,91.126,,openflights
GYD,MRV,708.245,86.823,,openflights
GYD,NBC,1685.427,158.324,,openflights
GYD,PEK,5502.620,437.631,,openflights
GYD,RIX,2617.614,226.533,,openflights
GYD,TSE,2022.643,182.998,,openflights
GYN,CNF,646.729,82.322,,openflights
GYN,GIG,928.369,102.929,,openflights
GYN,GRU,809.059,94.199,,openflights
GYS,HGH,1418.842,138.818,,openflights
GZP,CPH,2610.790,226.033,,openflights
GZP,HEL,2721.379,234.125,,openflights
GZT,IST,892.904,100.334,,openflights
HAD,ARN,444.478,67.523,,openflights
HAH,NBO,1334.194,132.624,,openflights
HAJ,CTA,1718.994,160.780,,openflights
HAJ,IBZ,1640.612,155.045,,openflights
HAJ,JER,907.984,101.438,,openflights
HAJ,KGS,2208.822,196.621,,openflights
HAJ,ZRH,561.465,76.083,,openflights
HAK,CIH,1832.413,169.079,,openflights
HAK,KHN,1135.144,118.059,,openflights
HAK,SHA,1658.826,156.378,,openflights
HAK,SIN,2182.845,194.720,,openflights
HAK,SWA,742.461,89.326,,openflights
HAK,TSN,2233.531,198.429,,openflights
HAK,XMN,940.770,103.837,,openflights
HAM,BIA,1232.346,125.172,,openflights
HAM,FMM,627.565,80.919,,openflights
HAM,MAH,1591.463,151.449,,openflights
HAM,PRG,489.781,70.838,,openflights
HAM,RIX,956.171,104.964,,openflights
HAM,SKG,1752.364,163.222,,openflights
HAM,STR,551.942,75.386,,openflights
HAN,CAN,807.516,94.087,,openflights
HAN,FRA,8711.720,672.443,,openflights
HAN,LPQ,407.122,64.789,,openflights
HAN,RGN,1123.747,117.225,,openflights
HAN,SIN,2218.283,197.313,,openflights
HAN,UIH,877.599,99.215,,openflights
HAN,VCL,715.578,87.359,,openflights
HAU,ALC,2377.754,208.982,,openflights
HAV,CDG,7743.947,601.630,,openflights
HAV,SNU,258.805,53.937,,openflights
HAV,SVO,9577.279,735.777,,openflights
HAV,YYZ,2314.475,204.352,,openflights
HBA,MEL,616.988,80.145,,openflights
HBE,ATH,941.539,103.893,,openflights
HBE,DOH,2234.759,198.519,,openflights
HBE,IST,1154.810,119.498,,openflights
HBE,TIP,1573.382,150.126,,openflights
HDF,DUS,575.666,77.122,,openflights
HDF,FRA,573.353,76.953,,openflights
HDG,SHA,870.216,98.674,,openflights
HDM,MHD,1013.989,109.194,,openflights
HDN,DEN,226.936,51.605,,openflights
HDY,BKK,751.329,89.975,,openflights
HDY,CNX,1324.904,131.944,,openflights
HEA,MHD,325.468,58.815,,openflights
HEH,THL,328.449,59.033,,openflights
HEL,ADB,2453.880,214.552,,openflights
HEL,ATH,2489.664,217.171,,openflights
HEL,AYT,2636.739,227.932,,openflights
HEL,GVA,1990.630,180.656,,openflights
HEL,KRK,1184.166,121.646,,openflights
HEL,LIS,3363.878,281.137,,openflights
HEL,MAN,1811.506,167.549,,openflights
HEL,OSL,767.287,91.143,,openflights
HEL,POR,213.219,50.601,,openflights
HEL,VNO,632.224,81.260,,openflights
HER,DRS,1979.285,179.826,,openflights
HER,EDI,3147.242,265.286,,openflights
HER,FRA,2114.392,189.712,,openflights
HER,MXP,1795.313,166.364,,openflights
HER,NCL,3002.247,254.677,,openflights
HER,ORY,2384.200,209.454,,openflights
HER,SZG,1711.261,160.214,,openflights
HER,ZRH,1926.644,175.974,,openflights
HET,CGO,726.018,88.123,,openflights
HET,DLC,854.242,97.506,,openflights
HET,HGH,1413.186,138.404,,openflights
HET,WUA,441.850,67.331,,openflights
HET,XIY,761.611,90.728,,openflights
HFE,CGQ,1542.967,147.900,,openflights
HFE,KHH,1066.753,113.055,,openflights
HFE,LJG,1746.749,162.811,,openflights
HFE,SYX,1694.672,159.000,,openflights
HGA,MGQ,845.135,96.839,,openflights
HGH,AMS,8922.030,687.831,,openflights
HGH,CGQ,1599.128,152.009,,openflights
HGH,CNX,2511.851,218.794,,openflights
HGH,FOC,483.464,70.375,,openflights
HGH,KWL,1164.288,120.192,,openflights
HGH,TYN,1102.123,115.643,,openflights
HGH,XFN,803.254,93.775,,openflights
HGH,YNT,802.192,93.697,,openflights
HGR,SFB,1257.138,126.986,,openflights
HGU,LAE,281.037,55.564,,openflights
HHN,NDR,1861.344,171.196,,openflights
HHN,TSF,603.271,79.142,,openflights
HHN,VOL,1707.083,159.909,,openflights
HHN,ZAD,891.787,100.253,,openflights
HIA,CAN,1287.918,129.238,,openflights
HIA,CKG,1263.016,127.416,,openflights
HIA,PEK,734.774,88.764,,openflights
HIA,SHA,355.120,60.984,,openflights
HIJ,CTS,1198.968,122.729,,openflights
HIJ,SDJ,826.265,95.458,,openflights
HIR,IRA,231.628,51.948,,openflights
HIR,MUA,330.220,59.162,,openflights
HIR,NNB,306.411,57.420,,openflights
HIR,POM,1407.798,138.010,,openflights
HKG,BKI,1834.845,169.257,,openflights
HKG,CJU,1751.806,163.181,,openflights
HKG,DLC,1988.612,180.508,,openflights
HKG,DPS,3456.084,287.884,,openflights
HKG,DXB,5919.684,468.148,,openflights
HKG,ILO,1568.604,149.776,,openflights
HKG,KMG,1160.380,119.906,,openflights
HKG,MXP,9357.354,719.684,,openflights
HKG,PNH,1536.091,147.397,,openflights
HKG,POM,5063.531,405.502,,openflights
HKG,TNN,649.547,82.528,,openflights
HKK,CHC,152.365,46.149,,openflights
HKT,AUH,4974.203,398.966,,openflights
HKT,HKG,2296.524,203.038,,openflights
HKT,KWE,2235.942,198.606,,openflights
HKT,SZX,2312.822,204.231,,openflights
HLH,NAY,846.488,96.938,,openflights
HLN,GTF,107.800,42.888,,openflights
HLZ,WLG,387.428,63.348,,openflights
HMA,URJ,254.411,53.615,,openflights
HMO,CJS,525.424,73.446,,openflights
HMO,MXL,560.899,76.041,,openflights
HMO,PHX,491.024,70.929,,openflights
HND,AKJ,931.052,103.126,,openflights
HND,CDG,9706.827,745.256,,openflights
HND,HNL,6191.746,488.055,,openflights
HND,OKJ,545.784,74.935,,openflights
HND,SHA,1776.705,165.003,,openflights
HND,TKS,497.701,71.417,,openflights
HND,UKB,426.893,66.236,,openflights
HNL,APW,4200.086,342.323,,openflights
HNL,DFW,6080.920,479.945,,openflights
HNL,IAH,6272.484,493.962,,openflights
HNL,JHM,135.724,44.931,,openflights
HNL,MKK,87.844,41.428,,openflights
HNL,SJC,3885.852,319.331,,openflights
HNL,SYD,8170.534,632.844,,openflights
HNM,OGG,44.719,38.272,,openflights
HOF,SHJ,606.327,79.365,,openflights
HOG,CUN,1097.242,115.286,,openflights
HOG,FRA,7895.203,612.698,,openflights
HOG,MXP,7998.327,620.243,,openflights
HOI,GMR,840.701,96.515,,openflights
HOU,ECP,916.376,102.052,,openflights
HOU,EWR,2269.033,201.027,,openflights
HOU,GSP,1358.074,134.371,,openflights
HOU,JFK,2296.092,203.007,,openflights
HOU,MAF,708.713,86.857,,openflights
HOU,MEM,779.614,92.045,,openflights
HOU,OAK,2638.378,228.052,,openflights
HOU,OKC,675.106,84.398,,openflights
HOU,SAN,2108.422,189.275,,openflights
HPN,CLT,907.074,101.371,,openflights
HPN,DCA,375.731,62.492,,openflights
HPN,DTW,811.165,94.354,,openflights
HPN,MCO,1565.887,149.577,,openflights
HPN,ORD,1184.896,121.700,,openflights
HRB,CIF,697.891,86.065,,openflights
HRB,CTU,2554.649,221.926,,openflights
HRB,HEK,511.848,72.452,,openflights
HRB,HET,1280.998,128.732,,openflights
HRB,HGH,1784.854,165.599,,openflights
HRB,HLD,625.980,80.803,,openflights
HRB,JXA,387.215,63.333,,openflights
HRB,TNA,1231.472,125.108,,openflights
HRB,WUH,1952.083,177.835,,openflights
HRE,ADD,3109.583,262.530,,openflights
HRE,DUR,1299.054,130.053,,openflights
HRG,DME,3156.511,265.964,,openflights
HRG,DRS,3151.948,265.630,,openflights
HSN,JJN,681.874,84.893,,openflights
HSN,SZX,1175.911,121.042,,openflights
HSV,ATL,242.964,52.778,,openflights
HSV,DTW,893.293,100.363,,openflights
HTA,IKT,608.643,79.535,,openflights
HTS,MYR,614.823,79.987,,openflights
HTY,ECN,285.021,55.855,,openflights
HTY,SAW,787.732,92.639,,openflights
HUH,MOZ,160.944,46.776,,openflights
HUN,KHH,206.447,50.106,,openflights
HUN,TNA,1487.658,143.853,,openflights
HUS,FAI,325.918,58.848,,openflights
HUX,IAH,1582.774,150.813,,openflights
HVG,MEH,66.691,39.880,,openflights
HYD,DMM,3119.877,263.284,,openflights
HYD,JED,4136.559,337.675,,openflights
HYD,MAA,507.214,72.113,,openflights
HYD,MCT,2212.682,196.904,,openflights
HYD,SHJ,2534.384,220.443,,openflights
HYG,KTN,72.477,40.303,,openflights
IAD,AUS,2084.363,187.514,,openflights
IAD,CHS,711.329,87.048,,openflights
IAD,DOH,11127.340,849.196,,openflights
IAD,DTW,616.290,80.094,,openflights
IAD,GSP,617.850,80.209,,openflights
IAD,LNS,164.392,47.029,,openflights
IAD,MIA,1486.163,143.744,,openflights
IAD,MSP,1458.701,141.734,,openflights
IAD,OMA,1586.385,151.077,,openflights
IAD,ORD,945.405,104.176,,openflights
IAD,PUJ,2429.680,212.781,,openflights
IAD,PVD,597.931,78.751,,openflights
IAD,ROA,284.532,55.819,,openflights
IAD,SAV,830.135,95.742,,openflights
IAD,SJU,2533.868,220.405,,openflights
IAH,ACY,2162.883,193.260,,openflights
IAH,AMA,832.853,95.940,,openflights
IAH,AMS,8049.292,623.973,,openflights
IAH,BON,3423.602,285.507,,openflights
IAH,CAE,1410.413,138.201,,openflights
IAH,CDG,8071.346,625.586,,openflights
IAH,DME,9532.441,732.496,,openflights
IAH,FRA,8402.589,649.824,,openflights
IAH,GPT,604.469,79.229,,openflights
IAH,HSV,956.363,104.978,,openflights
IAH,LAX,2215.073,197.079,,openflights
IAH,LBB,736.196,88.868,,openflights
IAH,LCH,204.460,49.960,,openflights
IAH,LEX,1332.706,132.515,,openflights
IAH,LIM,5062.451,405.423,,openflights
IAH,MEX,1231.679,125.123,,openflights
IAH,MIA,1549.406,148.371,,openflights
IAH,MID,1156.073,119.591,,openflights
IAH,MLU,421.330,65.829,,openflights
IAH,MSY,489.535,70.820,,openflights
IAH,ORD,1490.652,144.072,,openflights
IAH,ORF,1930.478,176.254,,openflights
IAH,SAN,2093.150,188.157,,openflights
IAH,SHV,309.402,57.639,,openflights
IAH,SJU,3227.931,271.190,,openflights
IAH,UIO,3800.869,313.112,,openflights
IAH,VSA,1357.235,134.310,,openflights
IAN,ORV,30.885,37.260,,openflights
IAS,BLQ,1295.860,129.819,,openflights
IAS,VIE,833.602,95.995,,openflights
IBZ,AGP,570.911,76.774,,openflights
IBZ,FMO,1553.036,148.637,,openflights
IBZ,GRO,356.611,61.093,,openflights
IBZ,LPL,1639.848,154.989,,openflights
IBZ,NUE,1409.806,138.157,,openflights
IBZ,SEN,1412.989,138.389,,openflights
IBZ,VLC,173.935,47.727,,openflights
IBZ,ZRH,1117.538,116.771,,openflights
ICN,CAN,2005.479,181.742,,openflights
ICN,CGK,5264.323,420.194,,openflights
ICN,CMB,5767.876,457.040,,openflights
ICN,CSX,1607.346,152.611,,openflights
ICN,CTU,2204.208,196.284,,openflights
ICN,DEL,4652.473,375.425,,openflights
ICN,HRB,906.870,101.356,,openflights
ICN,HSG,593.828,78.451,,openflights
ICN,KHH,1755.870,163.478,,openflights
ICN,KHV,1418.056,138.760,,openflights
ICN,KIJ,1114.973,116.583,,openflights
ICN,KMI,771.413,91.445,,openflights
ICN,MAD,9965.197,764.161,,openflights
ICN,NAN,8131.316,629.974,,openflights
ICN,OKJ,729.985,88.414,,openflights
ICN,RGN,3741.677,308.781,,openflights
ICN,TLV,8038.957,623.216,,openflights
ICN,TOY,956.589,104.994,,openflights
ICN,XIY,1625.461,153.936,,openflights
IDA,AZA,1135.518,118.087,,openflights
IDA,DEN,736.004,88.854,,openflights
IEV,FMM,1488.176,143.891,,openflights
IFN,AWZ,331.690,59.270,,openflights
IFN,KWI,539.565,74.480,,openflights
IFN,MED,1494.026,144.319,,openflights
IFO,KBP,475.707,69.808,,openflights
IKA,DOH,1128.699,117.588,,openflights
IKA,DYU,1605.163,152.451,,openflights
IKA,EVN,792.847,93.013,,openflights
IKA,IST,2052.350,185.172,,openflights
IKA,KHI,1927.979,176.072,,openflights
IKA,MSQ,2724.863,234.380,,openflights
IKI,NGS,93.298,41.827,,openflights
IKT,KCK,655.185,82.940,,openflights
IKT,PEK,1643.960,155.290,,openflights
IKT,SVO,4210.944,343.118,,openflights
ILG,TPA,1448.917,141.018,,openflights
ILM,LGA,805.833,93.963,,openflights
ILO,GES,603.168,79.134,,openflights
IMT,RHI,107.069,42.834,,openflights
IND,CLE,419.992,65.731,,openflights
IND,FLL,1620.856,153.599,,openflights
IND,MBJ,2492.404,217.371,,openflights
IND,MCI,723.560,87.943,,openflights
INH,JNB,764.215,90.918,,openflights
IOM,LGW,442.686,67.392,,openflights
IOS,CNF,748.868,89.795,,openflights
IOS,GRU,1236.075,125.444,,openflights
IOS,SDU,999.265,108.117,,openflights
IPL,SAN,151.016,46.050,,openflights
IQQ,SCL,1430.968,139.705,,openflights
IRA,NNB,75.198,40.502,,openflights
ISA,BNE,1571.340,149.976,,openflights
ISA,DRW,1296.964,129.900,,openflights
ISA,TSV,776.405,91.810,,openflights
ISB,CPH,5154.947,412.191,,openflights
ISB,KDU,315.466,58.083,,openflights
ISB,SKT,181.274,48.264,,openflights
ISB,SKZ,756.362,90.344,,openflights
ISG,KIX,1540.339,147.708,,openflights
ISP,BOS,246.575,53.042,,openflights
IST,ACC,4894.566,393.139,,openflights
IST,AGP,2901.277,247.289,,openflights
IST,ARN,2176.002,194.220,,openflights
IST,BHX,2603.564,225.505,,openflights
IST,BKK,7512.181,584.672,,openflights
IST,BLQ,1464.663,142.170,,openflights
IST,CND,343.923,60.165,,openflights
IST,CPH,1977.913,179.725,,openflights
IST,DXB,3028.336,256.586,,openflights
IST,EZS,945.514,104.184,,openflights
IST,GRU,10559.407,807.640,,openflights
IST,GVA,1892.938,173.508,,openflights
IST,HRG,1633.950,154.557,,openflights
IST,IKA,2052.350,185.172,,openflights
IST,JED,2387.531,209.697,,openflights
IST,KGL,4810.551,386.992,,openflights
IST,KSY,1208.050,123.394,,openflights
IST,KUL,8387.160,648.695,,openflights
IST,KVD,1472.661,142.756,,openflights
IST,LAX,11002.305,840.047,,openflights
IST,LTN,2495.070,217.566,,openflights
IST,MED,2117.765,189.958,,openflights
IST,MLE,6063.426,478.665,,openflights
IST,MLX,856.884,97.699,,openflights
IST,MQM,1116.528,116.697,,openflights
IST,NAP,1211.464,123.644,,openflights
IST,NSI,4514.639,365.339,,openflights
IST,PRG,1488.745,143.933,,openflights
IST,SJJ,898.692,100.758,,openflights
IST,SOF,468.745,69.298,,openflights
IST,SYZ,2511.253,218.750,,openflights
IST,TGD,796.015,93.245,,openflights
IST,TZX,924.287,102.631,,openflights
IST,VLC,2472.365,215.905,,openflights
ISU,ARN,3325.956,278.363,,openflights
ITH,DTW,567.291,76.509,,openflights
ITM,ASJ,890.253,100.140,,openflights
ITM,HKD,907.301,101.388,,openflights
ITM,MSJ,839.099,96.398,,openflights
ITM,MYJ,273.119,54.984,,openflights
IXA,CCU,316.554,58.163,,openflights
IXE,AUH,2479.099,216.398,,openflights
IXE,BLR,306.154,57.401,,openflights
IXE,SHJ,2450.751,214.323,,openflights
IXJ,BOM,1524.973,146.583,,openflights
JAN,IAH,563.836,76.256,,openflights
JAX,FLL,514.096,72.617,,openflights
JAX,HOU,1310.466,130.888,,openflights
JAX,IAH,1312.044,131.003,,openflights
JDO,BSB,1345.895,133.480,,openflights
JDZ,CAN,765.585,91.018,,openflights
JDZ,SZX,817.198,94.795,,openflights
JED,AHB,529.156,73.719,,openflights
JED,ATZ,1017.709,109.466,,openflights
JED,CCJ,4084.390,333.858,,openflights
JED,CDG,4427.103,358.934,,openflights
JED,CMN,4747.447,382.374,,openflights
JED,DEL,3879.718,318.882,,openflights
JED,EAM,712.859,87.160,,openflights
JED,ISB,3552.967,294.973,,openflights
JED,JFK,10225.400,783.200,,openflights
JED,KWI,1218.560,124.163,,openflights
JED,LGW,4714.357,379.953,,openflights
JED,LXR,792.503,92.988,,openflights
JED,MAD,4515.802,365.425,,openflights
JED,MUX,3349.365,280.076,,openflights
JED,TBZ,1951.031,177.758,,openflights
JER,DUS,677.454,84.570,,openflights
JER,HUY,502.074,71.737,,openflights
JER,MAN,461.025,68.734,,openflights
JER,NWI,456.046,68.369,,openflights
JER,SEN,333.226,59.382,,openflights
JFK,ATL,1222.093,124.421,,openflights
JFK,BCN,6150.227,485.017,,openflights
JFK,BDA,1226.744,124.762,,openflights
JFK,BNA,1229.761,124.983,,openflights
JFK,BUF,483.697,70.392,,openflights
JFK,BUR,3958.412,324.640,,openflights
JFK,DEN,2609.782,225.960,,openflights
JFK,EZE,8534.825,659.499,,openflights
JFK,IST,8026.797,622.327,,openflights
JFK,JED,10225.400,783.200,,openflights
JFK,LAX,3974.197,325.795,,openflights
JFK,MCO,1521.389,146.321,,openflights
JFK,PLS,2102.661,188.853,,openflights
JFK,SAL,3369.831,281.573,,openflights
JFK,SJC,4124.783,336.813,,openflights
JFK,STI,2380.321,209.170,,openflights
JFK,STL,1432.826,139.841,,openflights
JFK,STT,2618.770,226.617,,openflights
JFK,UVF,3241.269,272.166,,openflights
JFK,VCE,6668.241,522.920,,openflights
JFK,VKO,7500.768,583.837,,openflights
JFK,YVR,3930.387,322.589,,openflights
JFR,UAK,242.493,52.743,,openflights
JGN,XIY,1100.256,115.507,,openflights
JHB,MYY,1183.682,121.611,,openflights
JHB,SBW,926.615,102.801,,openflights
JHG,DLU,411.151,65.084,,openflights
JHG,KMG,412.140,65.157,,openflights
JIB,MGQ,1086.086,114.470,,openflights
JIJ,DIR,120.490,43.816,,openflights
JIK,ATH,212.939,50.581,,openflights
JIU,CAN,720.909,87.749,,openflights
JJN,SHA,761.068,90.688,,openflights
JKH,RHO,275.641,55.169,,openflights
JMK,CGN,2072.284,186.631,,openflights
JMK,LGW,2519.329,219.341,,openflights
JMU,TAO,1442.502,140.549,,openflights
JNB,DOH,6242.533,491.771,,openflights
JNB,GBE,292.805,56.425,,openflights
JNB,GRJ,1040.565,111.139,,openflights
JNB,IST,7496.329,583.512,,openflights
JNB,RCB,477.181,69.916,,openflights
JNB,SYD,11023.823,841.621,,openflights
JNB,WDH,1164.717,120.223,,openflights
JNB,ZRH,8418.989,651.024,,openflights
JNG,HRB,1419.432,138.861,,openflights
JNG,SHA,649.891,82.553,,openflights
JNG,XIY,699.035,86.149,,openflights
JNU,HNH,56.692,39.148,,openflights
JNU,KTN,376.099,62.519,,openflights
JNU,PSG,198.195,49.502,,openflights
JNU,SIT,152.743,46.176,,openflights
JOI,GRU,388.810,63.449,,openflights
JOI,VCP,395.238,63.920,,openflights
JRO,DAR,450.091,67.933,,openflights
JRO,EBB,643.339,82.074,,openflights
JRO,MBA,287.573,56.042,,openflights
JRO,WIL,236.134,52.278,,openflights
JSH,KSJ,76.842,40.623,,openflights
JSH,PVK,627.679,80.928,,openflights
JTC,MII,90.271,41.605,,openflights
JTR,LGW,2610.547,226.016,,openflights
JTR,LHR,2644.469,228.498,,openflights
JUH,CTU,1313.417,131.104,,openflights
KAN,ABV,365.158,61.719,,openflights
KBL,DYU,443.616,67.460,,openflights
KBL,IKA,1645.622,155.411,,openflights
KBL,MZR,299.030,56.880,,openflights
KBP,DME,733.065,88.639,,openflights
KBP,GYD,1846.224,170.090,,openflights
KBP,NCE,1932.910,176.432,,openflights
KBP,ROV,731.368,88.515,,openflights
KBP,SAW,1057.536,112.381,,openflights
KBP,TBS,1448.182,140.965,,openflights
KBR,PEN,243.108,52.788,,openflights
KBV,DMK,670.178,84.037,,openflights
KBV,USM,199.801,49.620,,openflights
KCO,ESB,255.511,53.696,,openflights
KCT,CMB,140.516,45.282,,openflights
KDH,DXB,1238.019,125.587,,openflights
KDM,GAN,132.554,44.699,,openflights
KEF,ALC,3208.067,269.737,,openflights
KEF,BLL,1967.381,178.955,,openflights
KEF,BRS,1817.486,167.987,,openflights
KEF,BRU,2148.114,192.179,,openflights
KEF,CDG,2241.077,198.981,,openflights
KEF,MAN,1653.089,155.958,,openflights
KEJ,SVO,2994.439,254.105,,openflights
KGA,FIH,795.943,93.240,,openflights
KGA,TSH,194.553,49.236,,openflights
KGC,ADL,125.318,44.170,,openflights
KGD,EGO,1171.881,120.747,,openflights
KGF,KZO,803.538,93.795,,openflights
KGI,MEL,2274.293,201.412,,openflights
KGL,JNB,2695.257,232.214,,openflights
KGS,LEJ,2005.050,181.711,,openflights
KGS,LUX,2200.513,196.013,,openflights
KGS,STR,1960.665,178.463,,openflights
KHG,CTU,2716.448,233.764,,openflights
KHH,CTU,1855.028,170.734,,openflights
KHH,KIX,1958.955,178.338,,openflights
KHH,NKG,1029.628,110.339,,openflights
KHH,XMN,314.829,58.036,,openflights
KHI,AUH,1264.706,127.539,,openflights
KHI,CTU,3658.369,302.686,,openflights
KHI,LHE,1021.520,109.745,,openflights
KHI,MED,2768.489,237.572,,openflights
KHN,DMK,2290.982,202.633,,openflights
KHN,HET,1383.286,136.216,,openflights
KHN,NNG,1040.201,111.112,,openflights
KHN,SHE,1576.949,150.387,,openflights
KHN,SJW,1052.863,112.039,,openflights
KHS,MCT,353.053,60.833,,openflights
KHV,BQS,599.767,78.885,,openflights
KHV,DME,6149.923,484.994,,openflights
KHV,JMU,400.004,64.269,,openflights
KHV,OVB,3596.628,298.168,,openflights
KHV,PKC,1704.141,159.693,,openflights
KID,ARN,472.752,69.592,,openflights
KIF,YXL,352.048,60.760,,openflights
KIJ,NGO,401.943,64.410,,openflights
KIJ,PVG,1753.691,163.319,,openflights
KIN,JFK,2540.956,220.924,,openflights
KIN,MIA,945.386,104.175,,openflights
KIN,SDQ,753.980,90.169,,openflights
KIR,FAO,1690.839,158.720,,openflights
KIV,BVA,1996.912,181.115,,openflights
KIV,SGC,3223.324,270.853,,openflights
KIV,VRN,1396.820,137.206,,openflights
KIX,CDG,9625.579,739.311,,openflights
KIX,CGK,5416.749,431.347,,openflights
KIX,CJU,813.140,94.498,,openflights
KIX,CTS,1083.447,114.277,,openflights
KIX,HNL,6613.664,518.927,,openflights
KIX,HRB,1459.473,141.791,,openflights
KIX,ISG,1540.339,147.708,,openflights
KIX,KOJ,512.477,72.498,,openflights
KIX,MFM,2512.777,218.862,,openflights
KIX,NGS,520.960,73.119,,openflights
KIX,OOL,7220.016,563.294,,openflights
KIX,SDJ,654.721,82.906,,openflights
KIX,TNA,1648.781,155.643,,openflights
KJA,DYU,2623.448,226.960,,openflights
KJA,EVN,3884.545,319.235,,openflights
KJA,FRU,1940.143,176.962,,openflights
KJA,IAA,1288.569,129.286,,openflights
KJA,LED,3553.530,295.014,,openflights
KJA,MJZ,1401.501,137.549,,openflights
KJA,OSS,2244.236,199.212,,openflights
KJA,PEK,2504.688,218.270,,openflights
KKC,BKK,379.153,62.743,,openflights
KKE,AKL,209.539,50.332,,openflights
KKN,ALF,251.141,53.376,,openflights
KKN,OSL,1377.027,135.758,,openflights
KLG,ANI,42.559,38.114,,openflights
KLG,BET,116.287,43.509,,openflights
KLG,RSH,58.270,39.264,,openflights
KLV,SVX,3181.749,267.811,,openflights
KLX,ARN,2528.301,219.998,,openflights
KLX,MUC,1505.234,145.139,,openflights
KMG,CKG,630.694,81.148,,openflights
KMG,CMB,3156.151,265.938,,openflights
KMG,DAC,1275.464,128.327,,openflights
KMG,JIQ,761.766,90.739,,openflights
KMG,KHH,1792.606,166.166,,openflights
KMG,KWL,715.604,87.361,,openflights
KMG,MFM,1134.374,118.003,,openflights
KMG,PVG,1965.965,178.851,,openflights
KMG,TCZ,448.063,67.785,,openflights
KMG,TPE,1841.833,169.768,,openflights
KMG,XIY,1180.754,121.397,,openflights
KMG,XNN,1273.260,128.165,,openflights
KMG,ZYI,490.970,70.925,,openflights
KMI,HND,871.758,98.787,,openflights
KNX,BME,729.958,88.412,,openflights
KOI,LSI,137.033,45.027,,openflights
KOI,WRY,43.719,38.199,,openflights
KOV,ALA,1236.815,125.499,,openflights
KOW,ZUH,450.884,67.992,,openflights
KQT,REN,1868.829,171.744,,openflights
KRK,BFS,1825.381,168.564,,openflights
KRK,BRS,1584.239,150.920,,openflights
KRK,EIN,1023.218,109.870,,openflights
KRK,LBA,1521.584,146.335,,openflights
KRK,MAD,2103.159,188.890,,openflights
KRK,RYG,1182.354,121.514,,openflights
KRK,STN,1378.974,135.901,,openflights
KRK,SVO,1343.565,133.310,,openflights
KRR,DME,1156.997,119.658,,openflights
KRR,EGO,652.652,82.755,,openflights
KRR,LED,1745.825,162.743,,openflights
KRR,NMA,2653.271,229.142,,openflights
KRR,PFO,1280.045,128.662,,openflights
KRR,SAW,923.901,102.603,,openflights
KRS,TRD,603.942,79.191,,openflights
KRT,AUH,2504.987,218.292,,openflights
KRT,DXB,2603.233,225.480,,openflights
KRT,EGN,1110.468,116.254,,openflights
KRT,JUB,1196.261,122.531,,openflights
KRT,MED,1244.891,126.090,,openflights
KRT,SHJ,2620.550,226.748,,openflights
KSN,ALA,1477.507,143.110,,openflights
KSQ,DME,2775.066,238.054,,openflights
KSU,ABZ,857.933,97.776,,openflights
KSY,IST,1208.050,123.394,,openflights
KTA,MEL,3292.363,275.905,,openflights
KTM,BDP,296.883,56.723,,openflights
KTM,DHI,482.521,70.306,,openflights
KTM,DXB,2990.546,253.820,,openflights
KTM,IST,5305.379,423.198,,openflights
KTM,PKR,146.419,45.714,,openflights
KTN,KLW,89.378,41.540,,openflights
KTS,OME,103.007,42.537,,openflights
KTS,WAA,81.860,40.990,,openflights
KTW,BCN,1658.603,156.361,,openflights
KTW,FRA,748.165,89.744,,openflights
KTW,HHN,841.966,96.607,,openflights
KTW,KUT,2008.165,181.939,,openflights
KUF,ALA,2262.052,200.516,,openflights
KUF,GOJ,508.108,72.179,,openflights
KUF,LBD,2081.731,187.322,,openflights
KUF,PRG,2470.560,215.773,,openflights
KUL,AOR,409.646,64.974,,openflights
KUL,BLR,2883.615,245.996,,openflights
KUL,BWN,1486.601,143.776,,openflights
KUL,CDG,10441.963,799.046,,openflights
KUL,HGH,3636.607,301.093,,openflights
KUL,JOG,1519.228,146.163,,openflights
KUL,KHI,4444.734,360.224,,openflights
KUL,LGK,455.028,68.295,,openflights
KUL,MCT,5208.994,416.146,,openflights
KUL,MRU,5446.535,433.527,,openflights
KUL,PNH,1037.801,110.937,,openflights
KUL,SIN,297.472,56.766,,openflights
KUL,SOC,1519.707,146.198,,openflights
KUL,SUB,1666.819,156.962,,openflights
KUL,SYD,6584.882,516.821,,openflights
KUL,TAS,5369.438,427.886,,openflights
KUL,UPG,2163.980,193.340,,openflights
KUN,ALC,2616.097,226.422,,openflights
KUN,PFO,2342.684,206.416,,openflights
KUN,STN,1608.503,152.695,,openflights
KUT,HRK,984.409,107.030,,openflights
KVG,MAS,380.352,62.831,,openflights
KVK,DME,1359.113,134.447,,openflights
KWA,MAJ,431.153,66.548,,openflights
KWE,CSX,659.828,83.280,,openflights
KWE,JJN,1196.834,122.573,,openflights
KWE,WUH,862.854,98.136,,openflights
KWI,ADD,2446.294,213.997,,openflights
KWI,AMS,4355.280,353.679,,openflights
KWI,AWZ,246.753,53.055,,openflights
KWI,DWC,859.370,97.881,,openflights
KWI,IFN,539.565,74.480,,openflights
KWI,LFM,550.989,75.316,,openflights
KWI,NJF,459.051,68.589,,openflights
KWI,TRV,3800.339,313.074,,openflights
KWL,CAN,387.730,63.370,,openflights
KWL,CKG,602.255,79.067,,openflights
KWL,LHW,1396.682,137.196,,openflights
KWL,SYX,771.652,91.462,,openflights
KWL,TNA,1462.539,142.015,,openflights
KWN,BET,113.942,43.337,,openflights
KWT,BET,21.415,36.567,,openflights
KZN,FEG,2360.730,207.736,,openflights
KZN,LBD,2272.751,201.299,,openflights
KZN,LED,1216.845,124.037,,openflights
KZO,KGF,803.538,93.795,,openflights
KZO,SCO,1156.587,119.628,,openflights
LAD,FRA,6564.063,515.297,,openflights
LAD,WDH,1580.816,150.669,,openflights
LAN,ATL,1016.639,109.388,,openflights
LAN,DTW,119.166,43.719,,openflights
LAN,ORD,286.625,55.973,,openflights
LAS,ABQ,781.117,92.155,,openflights
LAS,BWI,3381.120,282.399,,openflights
LAS,BZN,1129.028,117.612,,openflights
LAS,CLT,3076.588,260.116,,openflights
LAS,CMH,2842.791,243.009,,openflights
LAS,CPR,1062.905,112.774,,openflights
LAS,CVG,2694.381,232.150,,openflights
LAS,DEN,1009.365,108.856,,openflights
LAS,DFW,1694.800,159.010,,openflights
LAS,FAT,415.734,65.420,,openflights
LAS,GTF,1305.592,130.531,,openflights
LAS,IAD,3316.448,277.667,,openflights
LAS,LBB,1244.218,126.040,,openflights
LAS,LGB,371.509,62.184,,openflights
LAS,LRD,1756.840,163.549,,openflights
LAS,MEM,2273.847,201.379,,openflights
LAS,MFR,964.636,105.583,,openflights
LAS,MLI,2210.038,196.710,,openflights
LAS,MSY,2409.566,211.310,,openflights
LAS,ONT,316.730,58.175,,openflights
LAS,RAP,1355.344,134.171,,openflights
LAS,SEA,1395.109,137.081,,openflights
LAS,SHV,1996.750,181.104,,openflights
LAS,SLC,591.939,78.313,,openflights
LAS,XNA,1867.399,171.639,,openflights
LAU,MYD,141.142,45.327,,openflights
LAX,AGU,2081.806,187.327,,openflights
LAX,BNE,11533.395,878.907,,openflights
LAX,FLL,3763.223,310.358,,openflights
LAX,HND,8812.395,679.809,,openflights
LAX,ICN,9625.473,739.303,,openflights
LAX,LAS,379.994,62.804,,openflights
LAX,LIM,6720.590,526.751,,openflights
LAX,MCE,417.527,65.551,,openflights
LAX,MCO,3562.315,295.657,,openflights
LAX,MEL,12757.897,968.505,,openflights
LAX,MFR,1015.191,109.282,,openflights
LAX,MKE,2820.590,241.385,,openflights
LAX,MRY,428.573,66.359,,openflights
LAX,MSY,2682.855,231.306,,openflights
LAX,PEK,10037.129,769.424,,openflights
LAX,PPT,6611.416,518.762,,openflights
LAX,PWM,4243.087,345.470,,openflights
LAX,SBA,142.277,45.411,,openflights
LAX,SJO,4382.028,355.636,,openflights
LAX,XNA,2201.889,196.114,,openflights
LAX,YUL,3972.634,325.681,,openflights
LAX,YYC,1942.044,177.101,,openflights
LAX,YYZ,3493.948,290.655,,openflights
LBA,AMS,462.464,68.839,,openflights
LBA,IBZ,1682.917,158.140,,openflights
LBA,ISB,6083.642,480.145,,openflights
LBA,MLA,2359.889,207.675,,openflights
LBA,MPL,1215.308,123.925,,openflights
LBA,PSA,1431.877,139.772,,openflights
LBD,DME,2873.226,245.236,,openflights
LBD,KJA,2428.024,212.660,,openflights
LBE,FLL,1580.850,150.672,,openflights
LBF,DEN,365.399,61.737,,openflights
LBS,SUV,193.936,49.190,,openflights
LBV,CMN,4067.414,332.616,,openflights
LBV,COO,1018.918,109.555,,openflights
LBV,DLA,395.935,63.971,,openflights
LCA,ATH,930.218,103.065,,openflights
LCA,BEY,207.379,50.174,,openflights
LCA,BSL,2580.718,223.833,,openflights
LCA,CAI,567.986,76.560,,openflights
LCA,DOH,2028.322,183.414,,openflights
LCA,LBA,3452.889,287.650,,openflights
LCA,LTN,3288.111,275.593,,openflights
LCA,SVX,3174.991,267.316,,openflights
LCA,ZRH,2505.175,218.305,,openflights
LCE,RTB,72.950,40.338,,openflights
LCG,BIO,442.296,67.363,,openflights
LCH,DFW,474.998,69.756,,openflights
LCK,SFB,1236.882,125.504,,openflights
LCY,ABZ,649.948,82.557,,openflights
LCY,AMS,335.067,59.517,,openflights
LCY,BRN,742.868,89.356,,openflights
LCY,EDI,543.078,74.737,,openflights
LCY,GLA,568.148,76.572,,openflights
LCY,GVA,733.672,88.683,,openflights
LCY,MAD,1257.882,127.040,,openflights
LDE,ORY,643.448,82.082,,openflights
LDH,SYD,785.603,92.483,,openflights
LDS,DLC,1147.760,118.982,,openflights
LDS,HRB,317.193,58.209,,openflights
LDY,PIK,171.106,47.520,,openflights
LEC,SSA,323.978,58.706,,openflights
LED,ASF,1902.075,174.176,,openflights
LED,KJA,3553.530,295.014,,openflights
LED,MMK,1005.667,108.585,,openflights
LED,MSQ,671.784,84.155,,openflights
LED,MXP,2122.401,190.298,,openflights
LED,NCE,2371.265,208.507,,openflights
LED,PEK,6056.560,478.163,,openflights
LED,PUJ,8700.711,671.637,,openflights
LED,ROV,1505.750,145.177,,openflights
LED,SIP,1658.475,156.352,,openflights
LED,SKD,3383.100,282.544,,openflights
LED,UCT,1301.624,130.241,,openflights
LEI,LGW,1599.895,152.066,,openflights
LEI,MLN,181.724,48.297,,openflights
LEJ,ZRH,514.507,72.647,,openflights
LEQ,ISC,49.134,38.595,,openflights
LEX,ATL,489.497,70.817,,openflights
LEX,FLL,1394.445,137.033,,openflights
LGA,DCA,344.781,60.228,,openflights
LGA,FLL,1734.571,161.920,,openflights
LGA,GRR,992.321,107.609,,openflights
LGA,LEX,970.441,106.008,,openflights
LGA,MEM,1546.937,148.191,,openflights
LGA,MHT,313.301,57.924,,openflights
LGA,MSN,1303.457,130.375,,openflights
LGA,MSP,1638.069,154.859,,openflights
LGA,ORD,1177.055,121.126,,openflights
LGA,PHL,153.595,46.239,,openflights
LGA,RDU,693.008,85.708,,openflights
LGA,ROA,651.671,82.683,,openflights
LGA,XNA,1841.621,169.753,,openflights
LGA,YHZ,959.443,105.203,,openflights
LGA,YYZ,573.155,76.938,,openflights
LGB,PDX,1362.435,134.690,,openflights
LGB,SFO,569.082,76.640,,openflights
LGG,LIL,166.503,47.183,,openflights
LGG,RHO,2398.570,210.505,,openflights
LGI,NAS,317.419,58.226,,openflights
LGK,KUL,455.028,68.295,,openflights
LGK,PEN,129.855,44.502,,openflights
LGP,MNL,329.386,59.101,,openflights
LGW,ATH,2393.015,210.099,,openflights
LGW,BCN,1109.054,116.150,,openflights
LGW,BRI,1708.572,160.017,,openflights
LGW,FLR,1180.378,121.369,,openflights
LGW,FNC,2455.537,214.673,,openflights
LGW,KLX,2348.913,206.872,,openflights
LGW,KRK,1410.071,138.176,,openflights
LGW,LAS,8432.734,652.029,,openflights
LGW,LEI,1599.895,152.066,,openflights
LGW,LIS,1542.109,147.837,,openflights
LGW,LYS,717.066,87.468,,openflights
LGW,MAH,1300.462,130.156,,openflights
LGW,MLE,8513.812,657.962,,openflights
LGW,NBE,1877.311,172.364,,openflights
LGW,NOC,658.934,83.215,,openflights
LGW,PDL,2493.283,217.435,,openflights
LGW,PRN,1864.516,171.428,,openflights
LGW,PVK,2121.785,190.253,,openflights
LGW,SKG,2134.304,191.169,,openflights
LGW,SZG,1022.018,109.782,,openflights
LGW,TIV,1729.722,161.565,,openflights
LGW,TLV,3557.232,295.285,,openflights
LGW,TPA,7111.064,555.322,,openflights
LGW,VCE,1117.259,116.751,,openflights
LGW,VRN,1038.072,110.956,,openflights
LHE,BHV,353.108,60.837,,openflights
LHE,DEL,418.875,65.649,,openflights
LHE,LHR,6315.345,497.098,,openflights
LHE,RYK,528.674,73.683,,openflights
LHR,ACC,5100.074,408.176,,openflights
LHR,BAH,5093.739,407.713,,openflights
LHR,BCN,1147.713,118.979,,openflights
LHR,BKK,9577.981,735.828,,openflights
LHR,CAN,9495.835,729.817,,openflights
LHR,KWI,4674.743,377.054,,openflights
LHR,MCT,5833.604,461.849,,openflights
LHR,MEX,8903.858,686.502,,openflights
LHR,MIA,7108.929,555.166,,openflights
LHR,MNL,10767.161,822.841,,openflights
LHR,NCE,1041.066,111.176,,openflights
LHR,ORD,6343.751,499.177,,openflights
LHR,PEK,8153.296,631.583,,openflights
LHR,PHL,5689.790,451.326,,openflights
LHR,SEA,7702.083,598.567,,openflights
LHR,SOF,2040.888,184.333,,openflights
LHR,TIP,2365.482,208.084,,openflights
LHR,VIE,1275.061,128.297,,openflights
LHW,CAN,1729.352,161.538,,openflights
LHW,CGO,950.782,104.569,,openflights
LHW,JIC,251.742,53.420,,openflights
LHW,NKG,1497.861,144.600,,openflights
LHW,NNG,1607.239,152.603,,openflights
LHW,PEK,1197.462,122.619,,openflights
LHW,WUH,1167.890,120.455,,openflights
LHW,XIY,518.370,72.930,,openflights
LIG,NCE,535.741,74.201,,openflights
LIH,LAX,4203.018,342.538,,openflights
LIL,LGG,166.503,47.183,,openflights
LIL,SXB,397.422,64.080,,openflights
LIL,TLS,781.946,92.216,,openflights
LIM,AQP,765.517,91.013,,openflights
LIM,ATA,302.053,57.101,,openflights
LIM,GIG,3776.646,311.340,,openflights
LIM,JAU,180.501,48.207,,openflights
LIM,JUL,843.220,96.699,,openflights
LIM,MEX,4244.987,345.609,,openflights
LIM,TPP,618.403,80.249,,openflights
LIN,AHO,541.134,74.595,,openflights
LIN,AMS,831.082,95.811,,openflights
LIN,ARN,1681.020,158.001,,openflights
LIN,CDG,644.078,82.128,,openflights
LIN,LHR,980.636,106.754,,openflights
LIN,PMO,867.635,98.485,,openflights
LIN,SUF,925.662,102.731,,openflights
LIR,JFK,3535.324,293.682,,openflights
LIR,MIA,1778.260,165.117,,openflights
LIS,BOS,5124.081,409.933,,openflights
LIS,BSB,7293.530,568.673,,openflights
LIS,DKR,2795.776,239.569,,openflights
LIS,DUB,1642.475,155.181,,openflights
LIS,DUS,1861.726,171.224,,openflights
LIS,HEL,3363.878,281.137,,openflights
LIS,LTN,1606.448,152.545,,openflights
LIS,POA,8800.507,678.940,,openflights
LIS,REC,5857.306,463.583,,openflights
LIS,SID,2794.539,239.478,,openflights
LIS,VIE,2305.008,203.659,,openflights
LIS,WAW,2748.961,236.143,,openflights
LIT,IAH,603.319,79.145,,openflights
LIT,MDW,876.107,99.105,,openflights
LJG,CSX,1290.705,129.442,,openflights
LJG,SIN,2844.864,243.161,,openflights
LJG,TYN,1691.303,158.754,,openflights
LJG,XIY,1186.082,121.786,,openflights
LJU,AMS,974.429,106.300,,openflights
LJU,CPH,1052.099,111.983,,openflights
LJU,IST,1270.718,127.979,,openflights
LJU,TGD,574.449,77.033,,openflights
LKO,BLR,1544.116,147.984,,openflights
LKO,PAT,438.674,67.098,,openflights
LLA,UME,213.541,50.625,,openflights
LLF,SZX,467.743,69.225,,openflights
LLI,AXU,242.534,52.746,,openflights
LLI,GDQ,178.587,48.067,,openflights
LLW,NBO,1429.171,139.573,,openflights
LMM,TIJ,1080.251,114.043,,openflights
LMP,PMO,300.749,57.006,,openflights
LNE,SON,109.519,43.014,,openflights
LNY,HNL,117.213,43.577,,openflights
LNZ,FRA,454.890,68.285,,openflights
LOK,EDL,304.955,57.314,,openflights
LOP,JOG,652.088,82.714,,openflights
LOP,UPG,547.455,75.058,,openflights
LOS,ABB,371.860,62.209,,openflights
LOS,COO,106.361,42.782,,openflights
LOS,DKR,2446.227,213.992,,openflights
LOS,DOH,5527.525,439.453,,openflights
LOS,ENU,468.639,69.291,,openflights
LOS,IST,4606.248,372.043,,openflights
LOS,JFK,8444.432,652.885,,openflights
LOS,JOS,699.179,86.159,,openflights
LOS,LBV,958.896,105.163,,openflights
LOS,LHR,5004.060,401.151,,openflights
LOS,MAD,3830.695,315.295,,openflights
LOS,PHC,437.348,67.001,,openflights
LPA,AMS,3182.774,267.886,,openflights
LPA,ARN,4334.932,352.190,,openflights
LPA,BGY,2957.358,251.392,,openflights
LPA,BIO,2042.369,184.442,,openflights
LPA,EDI,3259.385,273.492,,openflights
LPA,FRA,3184.900,268.041,,openflights
LPA,FUE,160.080,46.713,,openflights
LPA,NKC,1071.561,113.407,,openflights
LPA,TXL,3616.540,299.625,,openflights
LPB,AQP,362.151,61.499,,openflights
LPD,LET,321.114,58.496,,openflights
LPL,ALC,1682.811,158.133,,openflights
LPL,FUE,2909.623,247.899,,openflights
LPL,IOM,143.465,45.497,,openflights
LPL,KGS,2948.626,250.753,,openflights
LPL,POZ,1320.114,131.594,,openflights
LPL,PSA,1445.586,140.775,,openflights
LPM,VLI,147.229,45.773,,openflights
LPQ,BKK,707.391,86.760,,openflights
LPQ,CNX,358.353,61.221,,openflights
LRD,LAS,1756.840,163.549,,openflights
LRE,BNE,989.896,107.431,,openflights
LRM,MIA,1427.235,139.432,,openflights
LRR,THR,937.160,103.573,,openflights
LSC,CPO,298.060,56.809,,openflights
LST,BWT,138.026,45.099,,openflights
LTN,ACE,2774.963,238.046,,openflights
LTN,BOJ,2326.668,205.244,,openflights
LTN,CRA,1975.357,179.538,,openflights
LTN,GIB,1792.106,166.130,,openflights
LTN,IBZ,1452.007,141.244,,openflights
LTN,KSC,1570.527,149.917,,openflights
LTN,MAD,1291.234,129.481,,openflights
LTN,OTP,2106.461,189.131,,openflights
LTN,PSA,1212.394,123.712,,openflights
LTX,GYE,197.979,49.486,,openflights
LUD,OMD,242.009,52.708,,openflights
LUH,DEL,277.634,55.315,,openflights
LUN,AMS,7859.881,610.113,,openflights
LUN,DUR,1611.555,152.919,,openflights
LUN,LVI,394.031,63.832,,openflights
LUX,AJA,879.424,99.348,,openflights
LUX,AYT,2424.933,212.434,,openflights
LUX,CTA,1526.358,146.685,,openflights
LUX,FAO,1804.785,167.057,,openflights
LUX,LCY,481.907,70.261,,openflights
LUX,LHR,513.627,72.582,,openflights
LUX,MXP,482.503,70.305,,openflights
LUX,OPO,1484.132,143.595,,openflights
LUX,PMI,1152.717,119.345,,openflights
LUX,SCN,79.696,40.831,,openflights
LUX,VIE,775.933,91.776,,openflights
LUZ,MXP,1202.732,123.005,,openflights
LWB,IAD,283.509,55.745,,openflights
LWO,KBP,498.463,71.473,,openflights
LWS,SLC,741.553,89.260,,openflights
LWY,BKI,140.371,45.271,,openflights
LXA,CTU,1263.353,127.440,,openflights
LXA,LHW,1430.246,139.652,,openflights
LXA,MIG,1346.825,133.548,,openflights
LXA,XIY,1776.307,164.974,,openflights
LXR,DOH,1896.351,173.757,,openflights
LXR,KWI,1555.724,148.833,,openflights
LXR,RUH,1408.040,138.027,,openflights
LXS,MJT,151.042,46.052,,openflights
LYG,HKG,1446.590,140.848,,openflights
LYG,NAY,619.811,80.352,,openflights
LYI,SHE,855.848,97.623,,openflights
LYI,YIW,652.003,82.708,,openflights
LYS,BJA,1002.262,108.336,,openflights
LYS,DUS,630.975,81.169,,openflights
LYS,FLR,528.113,73.642,,openflights
LYS,GOT,1415.163,138.549,,openflights
LYS,LRT,687.158,85.280,,openflights
LYS,MUC,585.840,77.866,,openflights
LYS,NCE,285.126,55.863,,openflights
LYS,ORN,1221.041,124.344,,openflights
LYS,ORY,390.756,63.592,,openflights
LYS,PIS,379.967,62.802,,openflights
LYS,SXB,367.302,61.876,,openflights
LYS,TLM,1311.904,130.993,,openflights
LYS,TLS,375.071,62.444,,openflights
LYS,TUN,1075.813,113.718,,openflights
LYS,VIE,910.960,101.656,,openflights
LZH,KMG,660.481,83.328,,openflights
LZO,CSX,768.107,91.203,,openflights
LZY,CTU,936.621,103.533,,openflights
MAA,DEL,1760.861,163.843,,openflights
MAA,DMM,3501.372,291.198,,openflights
MAA,HRI,752.924,90.092,,openflights
MAA,MLE,1220.232,124.285,,openflights
MAA,SIN,2925.315,249.047,,openflights
MAA,VTZ,619.684,80.343,,openflights
MAD,AGP,429.979,66.462,,openflights
MAD,AMS,1460.654,141.877,,openflights
MAD,ARN,2601.348,225.343,,openflights
MAD,BKK,10193.410,780.859,,openflights
MAD,BOG,8031.378,622.662,,openflights
MAD,CTA,1641.520,155.111,,openflights
MAD,EIN,1400.257,137.458,,openflights
MAD,FLR,1270.902,127.993,,openflights
MAD,GRU,8377.585,647.994,,openflights
MAD,GUA,8709.015,672.245,,openflights
MAD,ICN,9965.197,764.161,,openflights
MAD,KBP,2873.289,245.241,,openflights
MAD,LEI,416.483,65.474,,openflights
MAD,LPA,1764.684,164.123,,openflights
MAD,LPL,1431.159,139.719,,openflights
MAD,MDE,8031.796,622.692,,openflights
MAD,PMO,1452.790,141.302,,openflights
MAD,RJL,244.120,52.862,,openflights
MAD,SCQ,484.695,70.465,,openflights
MAD,SOF,2247.427,199.446,,openflights
MAD,SSA,6932.234,542.237,,openflights
MAD,SSG,4264.090,347.007,,openflights
MAD,TRN,1053.277,112.069,,openflights
MAD,VGO,465.699,69.076,,openflights
MAH,LCY,1333.827,132.597,,openflights
MAH,LGW,1300.462,130.156,,openflights
MAN,BVA,529.525,73.746,,openflights
MAN,CUN,7794.526,605.331,,openflights
MAN,DBV,1932.334,176.390,,openflights
MAN,DME,2575.611,223.459,,openflights
MAN,DXB,5655.267,448.800,,openflights
MAN,FUE,2926.549,249.138,,openflights
MAN,GCI,436.328,66.926,,openflights
MAN,GVA,992.655,107.633,,openflights
MAN,HER,2929.362,249.344,,openflights
MAN,JTR,2854.943,243.898,,openflights
MAN,MAH,1578.408,150.493,,openflights
MAN,MBJ,7420.286,577.948,,openflights
MAN,SKG,2368.651,208.316,,openflights
MAN,VLC,1547.638,148.242,,openflights
MAN,WAT,348.654,60.511,,openflights
MAN,YVR,7337.414,571.884,,openflights
MAN,YYC,6776.288,530.826,,openflights
MAO,FOR,2389.704,209.856,,openflights
MAO,GRU,2697.463,232.375,,openflights
MAQ,DMK,380.723,62.858,,openflights
MAR,CUR,352.028,60.758,,openflights
MBA,IST,5157.096,412.348,,openflights
MBA,KGL,1074.658,113.634,,openflights
MBA,NBO,422.940,65.947,,openflights
MBJ,AMS,7898.421,612.933,,openflights
MBJ,FRA,8195.561,634.675,,openflights
MBJ,GCM,372.807,62.279,,openflights
MBJ,IAH,2175.087,194.153,,openflights
MBJ,PTY,1060.744,112.615,,openflights
MBJ,YHZ,3222.743,270.810,,openflights
MCE,LAX,417.527,65.551,,openflights
MCG,ANC,352.681,60.806,,openflights
MCI,CLT,1298.944,130.045,,openflights
MCI,IAD,1487.058,143.809,,openflights
MCI,ORD,647.005,82.342,,openflights
MCI,TPA,1686.848,158.428,,openflights
MCK,DEN,349.522,60.575,,openflights
MCO,BOS,1805.975,167.144,,openflights
MCO,EWR,1510.882,145.552,,openflights
MCO,KIN,1254.667,126.805,,openflights
MCO,LAS,3276.093,274.714,,openflights
MCO,SAL,1849.194,170.307,,openflights
MCO,SYR,1697.754,159.226,,openflights
MCO,YYT,3254.717,273.150,,openflights
MCT,AMM,2368.338,208.293,,openflights
MCT,AUH,380.652,62.853,,openflights
MCT,BLR,2348.652,206.853,,openflights
MCT,DWC,348.196,60.478,,openflights
MCT,GWD,448.306,67.803,,openflights
MCT,JED,1973.085,179.372,,openflights
MCT,SKT,1861.425,171.202,,openflights
MCX,SCO,301.370,57.051,,openflights
MCZ,AJU,215.422,50.763,,openflights
MDC,MNA,335.148,59.523,,openflights
MDE,CCS,1050.363,111.856,,openflights
MDE,CUR,975.498,106.378,,openflights
MDG,PEK,1174.818,120.962,,openflights
MDG,PVG,1634.757,154.616,,openflights
MDT,PHL,134.449,44.838,,openflights
MDT,SFB,1333.468,132.571,,openflights
MDT,YYZ,454.136,68.229,,openflights
MDU,POM,536.957,74.290,,openflights
MDW,AUS,1565.164,149.524,,openflights
MDW,MCI,649.805,82.547,,openflights
MDW,MEM,774.409,91.664,,openflights
MDW,MHT,1344.589,133.385,,openflights
MDW,MLM,2741.031,235.563,,openflights
MDW,PDX,2810.933,240.678,,openflights
MDW,PHL,1072.935,113.507,,openflights
MDW,PUJ,3167.673,266.781,,openflights
MDW,SDF,436.763,66.958,,openflights
MDW,SLC,2020.463,182.839,,openflights
MDW,TUS,2313.810,204.303,,openflights
MDZ,COR,463.335,68.903,,openflights
MDZ,SLA,943.355,104.026,,openflights
MED,GIZ,901.989,100.999,,openflights
MED,HBE,1211.926,123.678,,openflights
MED,LHE,3477.164,289.427,,openflights
MED,SAW,2057.631,185.558,,openflights
MEG,VHC,452.008,68.074,,openflights
MEH,BVG,47.225,38.455,,openflights
MEL,BNE,1380.854,136.038,,openflights
MEL,CAN,7548.481,587.328,,openflights
MEL,CFS,1117.096,116.739,,openflights
MEL,DPS,4381.968,355.632,,openflights
MEL,DXB,11645.111,887.081,,openflights
MEL,KNS,258.973,53.949,,openflights
MEL,KTA,3292.363,275.905,,openflights
MEL,MQL,456.289,68.387,,openflights
MEL,PHE,3173.882,267.235,,openflights
MEL,ZQN,2145.479,191.986,,openflights
MEM,ELD,330.403,59.176,,openflights
MEM,HOT,291.786,56.350,,openflights
MEM,HRO,317.511,58.232,,openflights
MEM,MKL,114.501,43.378,,openflights
MEM,MSY,562.041,76.125,,openflights
MEM,SAT,1005.571,108.578,,openflights
MEM,SLC,2026.584,183.287,,openflights
MEU,ORX,371.007,62.147,,openflights
MEX,ACA,306.506,57.427,,openflights
MEX,CUL,1048.557,111.724,,openflights
MEX,GUA,1056.364,112.295,,openflights
MEX,HUX,504.324,71.902,,openflights
MEX,LHR,8903.858,686.502,,openflights
MEX,MIA,2050.708,185.052,,openflights
MEX,SJD,1177.623,121.168,,openflights
MFE,IAH,509.980,72.316,,openflights
MFE,SLP,514.433,72.641,,openflights
MFM,CKG,1090.937,114.825,,openflights
MFM,HFE,1131.834,117.817,,openflights
MFM,KHH,696.501,85.963,,openflights
MFM,SIN,2535.168,220.500,,openflights
MFM,XMN,534.103,74.081,,openflights
MGA,ATL,2396.675,210.366,,openflights
MGA,MIA,1638.246,154.872,,openflights
MGA,PTY,816.241,94.725,,openflights
MGH,JNB,563.200,76.210,,openflights
MGM,ATL,236.013,52.269,,openflights
MGM,DFW,998.882,108.089,,openflights
MHD,HDM,1013.989,109.194,,openflights
MHD,RZR,803.470,93.790,,openflights
MHD,SHJ,1274.751,128.274,,openflights
MHD,SYZ,993.274,107.679,,openflights
MHD,ZBR,1202.076,122.957,,openflights
MHH,JAX,631.173,81.183,,openflights
MHK,DFW,695.106,85.861,,openflights
MHT,DCA,653.624,82.826,,openflights
MHT,MSP,1753.365,163.295,,openflights
MIA,ATL,959.065,105.175,,openflights
MIA,CUN,854.960,97.558,,openflights
MIA,CUR,1923.047,175.711,,openflights
MIA,DEN,2748.692,236.124,,openflights
MIA,FPO,180.495,48.207,,openflights
MIA,FRA,7763.553,603.065,,openflights
MIA,GNV,475.132,69.766,,openflights
MIA,GUA,1640.006,155.000,,openflights
MIA,GYE,3108.276,262.435,,openflights
MIA,POP,1200.760,122.860,,openflights
MIA,STX,1833.332,169.146,,openflights
MIG,CAN,1228.673,124.903,,openflights
MIG,KWE,579.405,77.396,,openflights
MIG,LJG,685.139,85.132,,openflights
MIG,SZX,1326.238,132.042,,openflights
MIG,XIY,502.706,71.783,,openflights
MIM,MEL,455.394,68.321,,openflights
MJF,MQN,80.983,40.926,,openflights
MJF,OSY,164.708,47.052,,openflights
MJV,EIN,1596.081,151.786,,openflights
MJV,LTN,1568.198,149.746,,openflights
MJV,STN,1571.089,149.958,,openflights
MJZ,DME,4171.478,340.230,,openflights
MKE,BOS,1380.522,136.014,,openflights
MKE,MCO,1719.002,160.781,,openflights
MKE,PHX,2346.525,206.697,,openflights
MKE,STL,511.046,72.394,,openflights
MKG,ORD,190.148,48.913,,openflights
MKW,SOQ,307.083,57.469,,openflights
MLA,BLQ,1002.004,108.317,,openflights
MLA,BRU,1853.622,170.631,,openflights
MLA,BUD,1346.083,133.494,,openflights
MLA,DME,2808.384,240.492,,openflights
MLA,GSE,2444.706,213.881,,openflights
MLA,LCA,1736.868,162.088,,openflights
MLA,LGW,2062.965,185.949,,openflights
MLA,LYS,1350.608,133.825,,openflights
MLA,ORY,1738.030,162.173,,openflights
MLE,AUH,3024.695,256.319,,openflights
MLE,BKK,3166.353,266.684,,openflights
MLE,DOH,3312.320,277.365,,openflights
MLE,KDO,259.381,53.979,,openflights
MLE,LGW,8513.812,657.962,,openflights
MLE,MXP,7735.002,600.976,,openflights
MLG,DPS,284.816,55.840,,openflights
MLI,AZA,2068.860,186.380,,openflights
MLI,ORD,223.923,51.385,,openflights
MLM,TIJ,2121.632,190.241,,openflights
MLU,IAH,421.330,65.829,,openflights
MLX,SAW,799.573,93.505,,openflights
MMK,TOS,553.231,75.480,,openflights
MMU,CVG,895.149,100.499,,openflights
MMU,LUK,872.801,98.863,,openflights
MMX,BMA,504.589,71.921,,openflights
MMY,HND,1832.751,169.104,,openflights
MMY,OKA,283.486,55.743,,openflights
MNG,MGT,71.891,40.260,,openflights
MNL,DGT,626.574,80.847,,openflights
MNL,SGN,1611.384,152.906,,openflights
MNL,SJI,238.765,52.471,,openflights
MOB,DFW,866.335,98.390,,openflights
MOF,KOE,231.785,51.960,,openflights
MOI,RAR,266.146,54.474,,openflights
MOL,CPH,849.238,97.139,,openflights
MOQ,TNR,370.261,62.092,,openflights
MOT,DEN,972.081,106.128,,openflights
MPH,MNL,304.605,57.288,,openflights
MPL,AJA,435.734,66.883,,openflights
MPL,BSL,525.428,73.446,,openflights
MPL,LBA,1215.308,123.925,,openflights
MPM,CPT,1613.673,153.074,,openflights
MPM,INH,365.339,61.732,,openflights
MPM,TET,1097.081,115.274,,openflights
MPM,UEL,1000.158,108.182,,openflights
MQM,ADB,1189.459,122.034,,openflights
MRS,ALG,769.477,91.303,,openflights
MRS,BES,929.296,102.997,,openflights
MRS,BRU,831.607,95.849,,openflights
MRS,CIA,630.034,81.100,,openflights
MRS,CMN,1577.730,150.444,,openflights
MRS,CZL,805.385,93.931,,openflights
MRS,EDI,1519.556,146.187,,openflights
MRS,IBZ,601.184,78.989,,openflights
MRS,LYS,254.466,53.619,,openflights
MRS,TXL,1176.769,121.105,,openflights
MRS,WMI,1519.163,146.158,,openflights
MRU,CPT,4117.506,336.281,,openflights
MRU,FRA,9199.583,708.140,,openflights
MRV,SVO,1366.240,134.969,,openflights
MRV,TLV,1533.797,147.229,,openflights
MRX,IFN,353.974,60.901,,openflights
MRY,SAN,603.745,79.176,,openflights
MSJ,ITM,839.099,96.398,,openflights
MSN,CVG,599.853,78.892,,openflights
MSN,ORD,174.477,47.767,,openflights
MSO,DEN,1091.420,114.860,,openflights
MSO,SLC,702.067,86.371,,openflights
MSP,ALB,1572.257,150.043,,openflights
MSP,AMS,6684.890,524.138,,openflights
MSP,BHM,1375.296,135.631,,openflights
MSP,BIS,619.441,80.325,,openflights
MSP,BMI,602.959,79.119,,openflights
MSP,BUF,1178.944,121.264,,openflights
MSP,CWA,280.565,55.529,,openflights
MSP,DIK,771.529,91.453,,openflights
MSP,DSM,373.993,62.365,,openflights
MSP,GTF,1423.376,139.149,,openflights
MSP,MOT,720.879,87.747,,openflights
MSP,MSY,1675.769,157.617,,openflights
MSP,RDU,1576.157,150.329,,openflights
MSP,SAT,1767.789,164.350,,openflights
MSP,SDF,971.017,106.050,,openflights
MSP,SFO,2551.388,221.687,,openflights
MSP,TUS,2087.275,187.727,,openflights
MSP,YWG,635.425,81.495,,openflights
MSQ,FCO,1779.080,165.177,,openflights
MSQ,LCA,2158.127,192.912,,openflights
MSQ,NCE,1890.665,173.341,,openflights
MSQ,RIX,424.160,66.036,,openflights
MST,GRO,1027.940,110.215,,openflights
MSY,MCI,1111.572,116.335,,openflights
MSY,PHL,1750.883,163.113,,openflights
MSY,SFO,3069.417,259.591,,openflights
MTR,EOH,290.621,56.265,,openflights
MTY,CUL,749.297,89.827,,openflights
MTY,LAS,1832.153,169.060,,openflights
MTY,OAX,1036.813,110.864,,openflights
MTY,TAM,449.096,67.861,,openflights
MUA,EGM,72.968,40.339,,openflights
MUB,CPT,1627.180,154.062,,openflights
MUC,AMS,664.166,83.598,,openflights
MUC,AOK,1912.263,174.922,,openflights
MUC,ATH,1517.678,146.050,,openflights
MUC,AUH,4580.001,370.122,,openflights
MUC,BUD,566.485,76.450,,openflights
MUC,CAG,1035.416,110.762,,openflights
MUC,CHQ,1749.750,163.030,,openflights
MUC,CTA,1239.391,125.687,,openflights
MUC,DEL,5899.451,466.667,,openflights
MUC,EBL,2940.025,250.124,,openflights
MUC,GVA,488.333,70.732,,openflights
MUC,GWT,766.921,91.116,,openflights
MUC,HAM,600.020,78.904,,openflights
MUC,KVA,1306.840,130.622,,openflights
MUC,LED,1741.315,162.413,,openflights
MUC,LEJ,342.897,60.090,,openflights
MUC,LPA,3254.339,273.122,,openflights
MUC,LUX,430.923,66.531,,openflights
MUC,MXP,381.358,62.904,,openflights
MUC,NCE,629.966,81.095,,openflights
MUC,NUE,137.413,45.055,,openflights
MUC,OLB,848.079,97.055,,openflights
MUC,ORK,1491.999,144.171,,openflights
MUC,OTP,1171.006,120.683,,openflights
MUC,PRG,264.563,54.358,,openflights
MUC,PVK,1271.335,128.025,,openflights
MUC,SBZ,973.462,106.229,,openflights
MUC,SJJ,712.546,87.137,,openflights
MUC,STR,192.497,49.085,,openflights
MUC,TFS,3317.680,277.757,,openflights
MUC,TRS,308.534,57.576,,openflights
MUC,YVR,8340.360,645.270,,openflights
MUC,ZRH,260.707,54.076,,openflights
MUX,DXB,1671.417,157.299,,openflights
MUX,KHI,723.091,87.909,,openflights
MUX,LHE,320.360,58.441,,openflights
MVD,ASU,1076.832,113.793,,openflights
MVD,MAD,9946.518,762.794,,openflights
MVD,MIA,7209.764,562.544,,openflights
MWX,CJU,164.892,47.065,,openflights
MWX,PEK,1031.741,110.493,,openflights
MXP,CAG,709.827,86.939,,openflights
MXP,CMN,1947.189,177.477,,openflights
MXP,DKR,4219.617,343.752,,openflights
MXP,DME,2307.980,203.877,,openflights
MXP,DXB,4707.407,379.444,,openflights
MXP,FCO,510.776,72.374,,openflights
MXP,HAJ,762.694,90.807,,openflights
MXP,JFK,6412.746,504.225,,openflights
MXP,KBP,1723.429,161.105,,openflights
MXP,LCA,2413.181,211.574,,openflights
MXP,LUZ,1202.732,123.005,,openflights
MXP,OLB,530.025,73.782,,openflights
MXP,PEK,8091.771,627.081,,openflights
MXP,PMO,903.777,101.130,,openflights
MXP,RUH,4084.723,333.882,,openflights
MXP,SIN,10309.111,789.325,,openflights
MXP,TXL,838.541,96.357,,openflights
MXP,VIE,656.375,83.027,,openflights
MXZ,CAN,307.203,57.478,,openflights
MYJ,NGO,393.905,63.822,,openflights
MYR,CRW,574.201,77.015,,openflights
MYR,HTS,614.823,79.987,,openflights
MYR,LBE,734.681,88.757,,openflights
MYR,YYZ,1113.329,116.463,,openflights
MYT,PBU,216.546,50.845,,openflights
MYY,LGL,163.705,46.978,,openflights
MYY,LKH,143.923,45.531,,openflights
MYY,LMN,125.624,44.192,,openflights
MYY,MUR,41.124,38.009,,openflights
MZR,IKA,1448.786,141.009,,openflights
MZV,BWN,100.545,42.357,,openflights
MZV,KCH,571.290,76.802,,openflights
NAN,RTA,587.677,78.001,,openflights
NAN,SVU,227.663,51.658,,openflights
NAN,TBU,867.563,98.480,,openflights
NAN,TVU,308.277,57.557,,openflights
NAP,EDI,2109.545,189.357,,openflights
NAP,FCO,199.184,49.574,,openflights
NAP,ORY,1278.879,128.577,,openflights
NAP,TLV,2082.427,187.373,,openflights
NAP,TRN,721.675,87.806,,openflights
NAP,VCE,537.105,74.300,,openflights
NAQ,THU,107.827,42.890,,openflights
NAS,DTW,1984.538,180.210,,openflights
NAS,JFK,1768.132,164.376,,openflights
NAS,YYZ,2081.773,187.325,,openflights
NAS,ZSA,316.729,58.175,,openflights
NAT,VCP,2294.267,202.873,,openflights
NAY,LYI,556.158,75.694,,openflights
NAY,NGB,1199.519,122.770,,openflights
NBC,LED,1372.886,135.455,,openflights
NBE,DRS,1695.116,159.033,,openflights
NBE,LUX,1544.800,148.034,,openflights
NBE,SXF,1829.085,168.835,,openflights
NBO,ASM,1859.900,171.090,,openflights
NBO,DOH,3352.672,280.317,,openflights
NBO,FBM,1542.589,147.872,,openflights
NBO,JUB,907.792,101.424,,openflights
NBO,LLW,1429.171,139.573,,openflights
NBO,LVI,2199.683,195.952,,openflights
NBO,ZNZ,601.767,79.032,,openflights
NBS,CGQ,265.132,54.400,,openflights
NBS,PEK,948.843,104.428,,openflights
NBX,AMQ,822.926,95.214,,openflights
NCE,AMS,978.864,106.624,,openflights
NCE,BGO,1854.571,170.700,,openflights
NCE,CFE,397.689,64.099,,openflights
NCE,CPH,1385.274,136.362,,openflights
NCE,DXB,4783.887,385.041,,openflights
NCE,IST,1781.097,165.324,,openflights
NCE,JFK,6406.841,503.793,,openflights
NCE,LUX,667.732,83.858,,openflights
NCE,ORY,674.802,84.376,,openflights
NCE,RAK,1891.336,173.390,,openflights
NCE,RTM,945.609,104.191,,openflights
NCE,TXL,1086.671,114.512,,openflights
NCL,BRU,618.066,80.224,,openflights
NCL,CWL,419.477,65.693,,openflights
NCL,LGW,443.921,67.482,,openflights
NCL,MJV,1920.647,175.535,,openflights
NCL,NCE,1417.709,138.735,,openflights
NCL,PMI,1753.171,163.281,,openflights
NDJ,DLA,1076.331,113.756,,openflights
NDR,BRU,1869.696,171.807,,openflights
NDR,BVA,1662.263,156.629,,openflights
NDR,CMN,456.664,68.414,,openflights
NDR,FRA,1919.010,175.415,,openflights
NDY,SOY,11.188,35.819,,openflights
NEV,ANU,85.040,41.222,,openflights
NEV,SJU,386.340,63.269,,openflights
NEV,SKB,18.019,36.318,,openflights
NGB,DMK,2776.910,238.189,,openflights
NGB,HKG,1124.937,117.312,,openflights
NGB,ICN,966.768,105.739,,openflights
NGB,TAO,723.157,87.914,,openflights
NGO,DLC,1429.910,139.628,,openflights
NGO,GMP,946.704,104.271,,openflights
NGO,GUM,2508.749,218.567,,openflights
NGO,ISG,1678.574,157.823,,openflights
NGO,KMI,597.576,78.725,,openflights
NGO,KOJ,659.415,83.250,,openflights
NIM,CMN,2422.365,212.246,,openflights
NJC,SVO,2301.295,203.387,,openflights
NKC,BKO,1072.715,113.491,,openflights
NKG,BAV,1261.450,127.301,,openflights
NKG,FRA,8635.042,666.832,,openflights
NKG,HAK,1557.683,148.977,,openflights
NKG,HKG,1157.296,119.680,,openflights
NKG,ICN,941.680,103.903,,openflights
NKG,KMG,1721.675,160.976,,openflights
NKG,KWL,1126.070,117.395,,openflights
NKG,PEK,949.460,104.473,,openflights
NKG,SWA,939.765,103.763,,openflights
NKG,XIY,988.136,107.303,,openflights
NKM,GAJ,466.113,69.106,,openflights
NKM,KIJ,358.657,61.243,,openflights
NLD,MEX,891.851,100.257,,openflights
NLK,SYD,1677.811,157.767,,openflights
NMA,LED,3508.777,291.740,,openflights
NMA,TAS,193.010,49.123,,openflights
NNG,CKG,805.273,93.922,,openflights
NNG,CTU,980.509,106.745,,openflights
NNG,FOC,1221.561,124.383,,openflights
NNG,HAK,380.146,62.816,,openflights
NNG,KHN,1040.201,111.112,,openflights
NNG,LJG,919.812,102.303,,openflights
NNG,MFM,559.584,75.945,,openflights
NNG,SIN,2406.522,211.087,,openflights
NNM,SCW,675.038,84.393,,openflights
NNY,SHA,844.869,96.820,,openflights
NOB,TMU,74.859,40.477,,openflights
NOC,BRS,498.050,71.443,,openflights
NOC,LPL,398.710,64.174,,openflights
NOC,MAN,435.704,66.881,,openflights
NOS,RUN,1137.159,118.207,,openflights
NOU,KIX,7078.145,552.913,,openflights
NOV,LAD,518.880,72.967,,openflights
NPL,AKL,228.835,51.744,,openflights
NQY,DUS,829.948,95.728,,openflights
NRN,EDI,789.156,92.743,,openflights
NRN,PMI,1365.512,134.915,,openflights
NRN,SDR,1175.167,120.988,,openflights
NRN,TFS,3230.965,271.412,,openflights
NRN,ZAD,1078.127,113.887,,openflights
NRT,CGQ,1549.003,148.342,,openflights
NRT,DUS,9331.017,717.757,,openflights
NRT,DXB,7979.177,618.842,,openflights
NRT,HAN,3719.845,307.184,,openflights
NRT,HIJ,694.986,85.853,,openflights
NRT,HNL,6135.903,483.969,,openflights
NRT,JFK,10830.459,827.473,,openflights
NRT,LAX,8753.815,675.523,,openflights
NRT,MEX,11253.731,858.444,,openflights
NRT,POM,5077.763,406.544,,openflights
NRT,SDJ,268.269,54.629,,openflights
NRT,TAK,605.223,79.285,,openflights
NRT,TPE,2181.020,194.587,,openflights
NRT,YGJ,646.788,82.326,,openflights
NSH,THR,109.163,42.988,,openflights
NSK,DME,2864.806,244.620,,openflights
NTE,AGP,1189.162,122.012,,openflights
NTE,CDG,371.783,62.204,,openflights
NTE,CMN,1613.436,153.056,,openflights
NTE,DUS,761.926,90.751,,openflights
NTE,HER,2577.511,223.598,,openflights
NTE,LIL,511.549,72.430,,openflights
NTE,MUC,1009.063,108.834,,openflights
NTE,NAP,1446.093,140.812,,openflights
NTE,PRG,1208.967,123.461,,openflights
NTE,SOU,422.623,65.924,,openflights
NTE,TFS,2490.672,217.244,,openflights
NTN,ONG,230.846,51.891,,openflights
NUE,AYT,2114.058,189.687,,openflights
NUE,SMI,1823.092,168.397,,openflights
NUE,SPU,773.313,91.584,,openflights
NUE,ZQW,268.271,54.630,,openflights
NUL,KYU,23.158,36.694,,openflights
NUS,LPM,62.357,39.563,,openflights
NUX,DME,2356.113,207.399,,openflights
NUX,TJM,1147.218,118.943,,openflights
NVT,GIG,708.206,86.820,,openflights
NWI,MLA,2137.315,191.389,,openflights
NYA,SVX,655.488,82.963,,openflights
NYO,ALC,2600.113,225.252,,openflights
NYO,BCN,2203.430,196.227,,openflights
NYO,BEG,1570.368,149.905,,openflights
NYO,SKP,1899.495,173.987,,openflights
NYO,TSF,1495.131,144.400,,openflights
NYO,WAW,779.152,92.011,,openflights
NYU,HEH,199.192,49.575,,openflights
NYU,RGN,491.502,70.964,,openflights
OAJ,DCA,450.234,67.944,,openflights
OAK,EUG,716.850,87.452,,openflights
OAK,HOU,2638.378,228.052,,openflights
OAK,KOA,3824.833,314.866,,openflights
OAK,LAX,542.759,74.714,,openflights
OAK,PVU,948.429,104.397,,openflights
OAK,SAN,718.359,87.563,,openflights
OAK,SLC,944.859,104.136,,openflights
OAK,SNA,597.235,78.700,,openflights
OAL,CGB,738.841,89.062,,openflights
OAX,MTY,1036.813,110.864,,openflights
OBO,HND,851.522,97.307,,openflights
ODS,IST,593.196,78.405,,openflights
ODS,LCA,1308.092,130.714,,openflights
ODS,TLV,1642.798,155.205,,openflights
ODS,VIE,1079.130,113.961,,openflights
OGG,DFW,5962.298,471.266,,openflights
OGG,HNL,161.948,46.850,,openflights
OGG,HNM,44.719,38.272,,openflights
OGG,PHX,4571.816,369.523,,openflights
OGS,ALB,253.184,53.526,,openflights
OGX,IAM,592.124,78.326,,openflights
OHE,HRB,856.306,97.657,,openflights
OIA,CKS,136.422,44.982,,openflights
OIT,HND,771.838,91.476,,openflights
OKA,ISG,396.126,63.985,,openflights
OKA,KMI,731.824,88.548,,openflights
OKA,KMQ,1405.276,137.825,,openflights
OKA,OKJ,1121.974,117.096,,openflights
OKC,ATL,1221.645,124.389,,openflights
OKC,IAD,1824.070,168.469,,openflights
OKC,LAX,1906.207,174.479,,openflights
OKC,SFB,1705.073,159.761,,openflights
OLA,OSL,404.959,64.631,,openflights
OLB,BLQ,429.458,66.424,,openflights
OLB,BOD,940.591,103.824,,openflights
OLB,FCO,248.276,53.167,,openflights
OLB,TXL,1327.624,132.143,,openflights
OMA,ATL,1321.047,131.662,,openflights
OMA,IAH,1259.575,127.164,,openflights
OMA,LAS,1764.899,164.139,,openflights
OME,WAA,175.115,47.813,,openflights
OMO,BGY,698.117,86.082,,openflights
OMR,OTP,423.690,66.002,,openflights
OMS,AER,2704.822,232.914,,openflights
OMS,DME,2223.629,197.705,,openflights
OMS,EVN,2692.228,231.992,,openflights
OMS,SVO,2239.747,198.884,,openflights
ONT,IAH,2142.262,191.751,,openflights
OOL,MEL,1329.633,132.290,,openflights
OOL,NTL,539.197,74.453,,openflights
OPO,BGY,1559.207,149.088,,openflights
OPO,EBU,1150.324,119.170,,openflights
OPO,FAO,474.788,69.741,,openflights
OPO,LHR,1298.080,129.981,,openflights
OPO,LIL,1375.803,135.669,,openflights
OPO,MAD,438.972,67.120,,openflights
OPO,YYZ,5642.232,447.846,,openflights
OPS,BSB,938.389,103.663,,openflights
ORB,MMX,421.912,65.872,,openflights
ORD,ALO,375.417,62.470,,openflights
ORD,AMS,6611.863,518.795,,openflights
ORD,BZN,1903.357,174.270,,openflights
ORD,CID,314.989,58.048,,openflights
ORD,CMH,474.797,69.741,,openflights
ORD,CPH,6853.716,536.491,,openflights
ORD,CUN,2330.644,205.535,,openflights
ORD,DAY,386.102,63.251,,openflights
ORD,DFW,1290.645,129.437,,openflights
ORD,DTW,376.389,62.541,,openflights
ORD,LEX,520.559,73.090,,openflights
ORD,MEM,791.985,92.950,,openflights
ORD,MSP,536.995,74.292,,openflights
ORD,MYR,1212.251,123.701,,openflights
ORD,NAS,2113.747,189.664,,openflights
ORD,OGG,6724.266,527.019,,openflights
ORD,PIA,208.960,50.290,,openflights
ORD,PNS,1280.927,128.726,,openflights
ORD,PSP,2653.027,229.124,,openflights
ORD,RDU,1039.215,111.040,,openflights
ORD,SAT,1677.424,157.738,,openflights
ORD,SJD,2909.171,247.866,,openflights
ORD,SNA,2771.925,237.824,,openflights
ORD,SYR,973.903,106.261,,openflights
ORD,WAW,7518.897,585.163,,openflights
ORD,YHZ,1988.525,180.502,,openflights
ORF,IAD,253.108,53.520,,openflights
ORF,LGA,476.464,69.863,,openflights
ORF,ORD,1151.678,119.269,,openflights
ORK,FAO,1649.192,155.673,,openflights
ORK,MAN,452.084,68.079,,openflights
ORK,NCE,1480.311,143.315,,openflights
ORN,ALC,295.642,56.632,,openflights
ORU,SRZ,413.529,65.258,,openflights
ORV,IAN,30.885,37.260,,openflights
ORY,BGO,1299.214,130.064,,openflights
ORY,BLJ,1477.628,143.119,,openflights
ORY,BLQ,823.575,95.262,,openflights
ORY,CLY,850.141,97.205,,openflights
ORY,DKR,4192.118,341.740,,openflights
ORY,LIG,330.689,59.197,,openflights
ORY,LPY,418.437,65.617,,openflights
ORY,MLA,1738.030,162.173,,openflights
ORY,OZZ,2126.841,190.623,,openflights
ORY,PTP,6752.388,529.077,,openflights
ORY,PUF,632.054,81.248,,openflights
ORY,TFN,2760.784,237.009,,openflights
ORY,TFS,2814.279,240.923,,openflights
ORY,VKO,2468.947,215.655,,openflights
OSD,BMA,464.755,69.006,,openflights
OSL,AAL,343.820,60.158,,openflights
OSL,BDU,1054.009,112.123,,openflights
OSL,BTS,1386.698,136.466,,openflights
OSL,CDG,1348.717,133.687,,openflights
OSL,EWR,5933.102,469.129,,openflights
OSL,FRO,364.427,61.665,,openflights
OSL,HAU,338.453,59.765,,openflights
OSL,HOV,351.539,60.722,,openflights
OSL,IST,2420.977,212.145,,openflights
OSL,LPA,4096.901,334.773,,openflights
OSL,MLA,2709.152,233.231,,openflights
OSL,SDN,327.378,58.955,,openflights
OSL,SOG,242.325,52.731,,openflights
OSL,SRP,319.841,58.403,,openflights
OSL,SVG,335.209,59.527,,openflights
OSS,FRU,306.295,57.412,,openflights
OSS,KZN,2392.262,210.044,,openflights
OTP,AMS,1783.204,165.478,,openflights
OTP,BEG,457.283,68.460,,openflights
OTP,BGY,1288.775,129.301,,openflights
OTP,BRI,849.797,97.180,,openflights
OTP,BRU,1753.740,163.322,,openflights
OTP,DXB,3394.537,283.381,,openflights
OTP,LCA,1254.963,126.827,,openflights
OTP,ZRH,1388.511,136.598,,openflights
OUA,ALG,2747.152,236.011,,openflights
OUA,BKO,699.275,86.166,,openflights
OUD,BRU,1864.666,171.439,,openflights
OUD,LYS,1352.464,133.961,,openflights
OUL,ALC,3407.603,284.337,,openflights
OVB,IST,4159.133,339.327,,openflights
OVB,KRR,3236.838,271.842,,openflights
OVB,OSS,1758.679,163.684,,openflights
OVB,URC,1282.366,128.832,,openflights
OVB,VVO,3729.542,307.893,,openflights
OVD,AGP,776.995,91.853,,openflights
OVD,TFS,1966.186,178.867,,openflights
OXB,CMN,2524.557,219.724,,openflights
OZC,CEB,237.210,52.357,,openflights
PAC,BOC,298.681,56.855,,openflights
PAD,FUE,3181.080,267.762,,openflights
PAD,LPA,3306.164,276.914,,openflights
PAP,JBQ,243.151,52.792,,openflights
PAV,SSA,390.121,63.545,,openflights
PBC,GDL,538.415,74.396,,openflights
PBC,MTY,757.414,90.421,,openflights
PBH,GAU,258.553,53.919,,openflights
PBI,LAX,3742.712,308.857,,openflights
PBI,MHH,300.087,56.958,,openflights
PBI,SJU,1711.046,160.198,,openflights
PBM,CUR,1687.573,158.481,,openflights
PCR,BOG,754.735,90.225,,openflights
PDL,BOS,3844.499,316.305,,openflights
PDL,FLW,509.094,72.251,,openflights
PDL,FRA,3031.714,256.833,,openflights
PDL,PIX,256.357,53.758,,openflights
PDS,MEX,1032.709,110.564,,openflights
PDV,STN,2147.716,192.150,,openflights
PDX,AMS,8028.814,622.474,,openflights
PDX,ATL,3489.161,290.304,,openflights
PDX,BLI,356.309,61.071,,openflights
PDX,DCA,3773.226,311.090,,openflights
PDX,MCI,2378.783,209.057,,openflights
PDX,OGG,4122.198,336.624,,openflights
PDX,OKC,2384.537,209.478,,openflights
PDX,ORD,2791.656,239.267,,openflights
PDX,SJC,916.387,102.053,,openflights
PDX,SMF,770.965,91.412,,openflights
PED,DME,1600.691,152.124,,openflights
PEG,OTP,1099.576,115.457,,openflights
PEG,TPS,576.494,77.182,,openflights
PEI,PTY,621.249,80.457,,openflights
PEK,BAV,560.938,76.044,,openflights
PEK,BRU,7944.929,616.336,,openflights
PEK,CIF,308.577,57.579,,openflights
PEK,CJJ,1021.067,109.712,,openflights
PEK,CTU,1556.064,148.858,,openflights
PEK,GYS,1295.758,129.812,,openflights
PEK,HAK,2314.832,204.378,,openflights
PEK,HFE,925.149,102.694,,openflights
PEK,HLH,809.497,94.231,,openflights
PEK,HRB,999.134,108.107,,openflights
PEK,IAD,11112.764,848.129,,openflights
PEK,IKT,1643.960,155.290,,openflights
PEK,JGS,1480.209,143.308,,openflights
PEK,JNG,532.738,73.981,,openflights
PEK,KJA,2504.688,218.270,,openflights
PEK,LHW,1197.462,122.619,,openflights
PEK,LZO,1613.146,153.035,,openflights
PEK,NAO,1397.021,137.221,,openflights
PEK,NBS,948.843,104.428,,openflights
PEK,OVB,2995.266,254.166,,openflights
PEK,RLK,753.164,90.110,,openflights
PEK,SYD,8964.504,690.939,,openflights
PEK,TGO,604.695,79.246,,openflights
PEK,TXN,1160.491,119.914,,openflights
PEK,UYN,631.940,81.240,,openflights
PEK,WXN,1267.478,127.742,,openflights
PEK,XMN,1733.528,161.844,,openflights
PEK,YTY,881.570,99.505,,openflights
PEK,ZHA,2179.170,194.451,,openflights
PEM,CUZ,310.935,57.751,,openflights
PEN,DMK,958.677,105.147,,openflights
PEN,HKG,2393.232,210.115,,openflights
PEN,KUA,366.405,61.810,,openflights
PEN,SUB,1978.251,179.750,,openflights
PEN,USM,473.245,69.628,,openflights
PER,ASP,1977.523,179.697,,openflights
PEW,AUH,1947.328,177.487,,openflights
PEW,DSK,238.849,52.477,,openflights
PEW,KUL,4675.749,377.128,,openflights
PEW,MCT,1728.924,161.507,,openflights
PFO,EDI,3595.984,298.121,,openflights
PFO,KRK,1994.938,180.971,,openflights
PFO,LTN,3228.394,271.224,,openflights
PGD,CVG,1371.369,135.344,,openflights
PGD,DSM,1943.188,177.184,,openflights
PGD,SGF,1569.554,149.845,,openflights
PGD,SPI,1602.944,152.289,,openflights
PGD,YNG,1599.100,152.007,,openflights
PGK,BTH,428.620,66.362,,openflights
PGK,PLM,179.587,48.141,,openflights
PGK,TJQ,190.891,48.968,,openflights
PHE,BME,465.422,69.055,,openflights
PHE,PER,1312.637,131.047,,openflights
PHL,ART,462.645,68.852,,openflights
PHL,ATL,1071.593,113.409,,openflights
PHL,AUS,2299.097,203.227,,openflights
PHL,BDL,314.670,58.025,,openflights
PHL,BGM,267.121,54.545,,openflights
PHL,IAH,2129.484,190.816,,openflights
PHL,MDW,1072.935,113.507,,openflights
PHL,MHT,465.262,69.044,,openflights
PHL,RDU,542.251,74.677,,openflights
PHL,RIC,319.043,58.345,,openflights
PHL,ROC,413.910,65.286,,openflights
PHL,SDQ,2443.526,213.795,,openflights
PHL,SFO,4047.749,331.177,,openflights
PHL,SWF,205.223,50.016,,openflights
PHL,SYR,367.325,61.877,,openflights
PHL,TPA,1482.737,143.493,,openflights
PHS,CNX,260.942,54.093,,openflights
PHX,EWR,3425.367,285.637,,openflights
PHX,FLG,192.070,49.054,,openflights
PHX,GEG,1643.859,155.282,,openflights
PHX,HMO,491.024,70.929,,openflights
PHX,IAH,1620.966,153.607,,openflights
PHX,JFK,3458.119,288.033,,openflights
PHX,LGB,570.005,76.708,,openflights
PHX,LIH,4787.161,385.280,,openflights
PHX,MCI,1676.928,157.702,,openflights
PHX,MRY,960.932,105.312,,openflights
PHX,MZT,1272.665,128.122,,openflights
PHX,PSP,418.439,65.617,,openflights
PHX,TUL,1501.789,144.887,,openflights
PIA,DFW,1082.532,114.210,,openflights
PIA,LAS,2268.574,200.993,,openflights
PIA,ORD,208.960,50.290,,openflights
PIA,PGD,1684.137,158.230,,openflights
PIB,ATL,519.425,73.007,,openflights
PIE,GSO,946.498,104.256,,openflights
PIE,HTS,1162.772,120.081,,openflights
PIE,TOL,1524.170,146.525,,openflights
PIK,CCF,1453.523,141.355,,openflights
PIK,FAO,2072.282,186.630,,openflights
PIK,RIX,1759.745,163.762,,openflights
PIK,TFS,3201.208,269.235,,openflights
PIR,ATY,254.640,53.632,,openflights
PIR,HON,163.501,46.963,,openflights
PIT,BOS,796.562,93.285,,openflights
PIT,HOU,1819.912,168.164,,openflights
PIT,MEM,1048.085,111.689,,openflights
PIT,PHX,2912.996,248.146,,openflights
PIT,RSW,1558.090,149.007,,openflights
PKB,CLE,232.412,52.006,,openflights
PKN,KTG,214.148,50.669,,openflights
PKN,SRG,495.832,71.280,,openflights
PKY,SUB,587.305,77.974,,openflights
PKZ,LPQ,654.213,82.869,,openflights
PLM,JOG,835.531,96.136,,openflights
PLM,KUL,710.131,86.961,,openflights
PLN,DTW,390.928,63.605,,openflights
PLS,CLT,1716.415,160.591,,openflights
PLS,EWR,2111.302,189.485,,openflights
PLU,CFB,392.807,63.742,,openflights
PLU,SJK,424.421,66.055,,openflights
PLW,BPN,337.551,59.699,,openflights
PLW,CGK,1580.353,150.636,,openflights
PLZ,CPT,646.800,82.327,,openflights
PMC,PUQ,1296.730,129.883,,openflights
PMI,ALC,318.230,58.285,,openflights
PMI,BRN,904.446,101.179,,openflights
PMI,BSL,973.088,106.202,,openflights
PMI,DRS,1545.885,148.114,,openflights
PMI,EIN,1338.659,132.951,,openflights
PMI,FAO,975.303,106.364,,openflights
PMI,FRA,1252.095,126.617,,openflights
PMI,GSE,2129.913,190.847,,openflights
PMI,INN,1102.191,115.648,,openflights
PMI,KUN,2333.457,205.741,,openflights
PMI,LBC,1695.283,159.045,,openflights
PMI,LCY,1345.273,133.435,,openflights
PMI,LHR,1348.239,133.652,,openflights
PMI,NYO,2363.003,207.903,,openflights
PMI,OSL,2359.273,207.630,,openflights
PMI,REU,221.849,51.233,,openflights
PMI,RYG,2276.193,201.551,,openflights
PMI,TRF,2246.829,199.402,,openflights
PMI,ZQW,1135.425,118.080,,openflights
PMI,ZRH,996.188,107.892,,openflights
PMO,CDG,1470.935,142.629,,openflights
PMO,FCO,409.481,64.962,,openflights
PMO,FRA,1366.324,134.975,,openflights
PMO,SVO,2675.662,230.780,,openflights
PMO,SVQ,1667.248,156.994,,openflights
PMO,TXL,1599.467,152.034,,openflights
PMV,GND,266.820,54.523,,openflights
PMY,AEP,1080.131,114.034,,openflights
PNH,DMK,529.494,73.743,,openflights
PNH,REP,235.568,52.237,,openflights
PNQ,CCU,1577.308,150.413,,openflights
PNR,LBV,647.712,82.394,,openflights
PNR,POG,573.802,76.986,,openflights
PNS,CLT,785.836,92.500,,openflights
PNS,DCA,1313.435,131.105,,openflights
PNS,DFW,969.870,105.966,,openflights
PNS,IAH,785.183,92.452,,openflights
POA,LDB,740.659,89.195,,openflights
POA,PFB,224.664,51.439,,openflights
POA,SDU,1120.024,116.953,,openflights
POM,CNS,842.599,96.654,,openflights
POM,MAG,496.778,71.350,,openflights
POM,MNL,3929.246,322.506,,openflights
POM,TIZ,617.798,80.205,,openflights
POM,WBM,559.316,75.926,,openflights
POP,DUS,7435.671,579.074,,openflights
POP,YYZ,2790.159,239.158,,openflights
POS,GEO,567.807,76.547,,openflights
POS,JFK,3557.359,295.295,,openflights
POZ,CPH,447.703,67.759,,openflights
POZ,STN,1131.003,117.756,,openflights
PPT,HUH,178.588,48.067,,openflights
PPT,LAX,6611.416,518.762,,openflights
PPT,RAR,1143.813,118.694,,openflights
PPT,RUR,572.765,76.910,,openflights
PPT,RVV,732.474,88.596,,openflights
PPW,WRY,2.823,35.207,,openflights
PQC,HAN,1244.048,126.028,,openflights
PQC,VCA,188.390,48.785,,openflights
PQI,BOS,534.993,74.146,,openflights
PRG,AMS,705.008,86.586,,openflights
PRG,BGY,597.838,78.744,,openflights
PRG,BRI,1015.158,109.280,,openflights
PRG,BRS,1200.478,122.840,,openflights
PRG,BSL,565.855,76.404,,openflights
PRG,BTS,303.648,57.218,,openflights
PRG,FCO,936.012,103.489,,openflights
PRG,GOJ,2063.889,186.016,,openflights
PRG,IST,1488.745,143.933,,openflights
PRG,LGW,1024.300,109.949,,openflights
PRG,MRS,1009.792,108.887,,openflights
PRG,NCE,893.471,100.376,,openflights
PRG,ROV,1892.432,173.471,,openflights
PRG,RTW,2220.608,197.483,,openflights
PRG,SOF,1080.183,114.038,,openflights
PRN,BSL,1195.967,122.510,,openflights
PRN,HAM,1474.360,142.880,,openflights
PSA,AMS,1045.711,111.515,,openflights
PSA,BVA,900.279,100.874,,openflights
PSA,CIY,824.846,95.355,,openflights
PSA,CPH,1336.780,132.813,,openflights
PSA,GRO,653.266,82.800,,openflights
PSA,IBZ,923.391,102.565,,openflights
PSA,LPA,2890.135,246.473,,openflights
PSA,SKG,1094.426,115.080,,openflights
PSA,SXF,994.324,107.755,,openflights
PSA,TPS,665.599,83.702,,openflights
PSA,TRF,1723.857,161.136,,openflights
PSC,LAS,1179.735,121.322,,openflights
PSC,SLC,837.332,96.268,,openflights
PSP,IAH,2039.221,184.211,,openflights
PSP,LAX,175.922,47.872,,openflights
PSP,PHX,418.439,65.617,,openflights
PSR,BVA,1214.207,123.844,,openflights
PTU,BET,196.640,49.388,,openflights
PTY,ASU,4490.284,363.557,,openflights
PTY,BAQ,543.063,74.736,,openflights
PTY,BOS,3791.432,312.422,,openflights
PTY,GIG,5295.015,422.440,,openflights
PTY,GYE,1249.813,126.450,,openflights
PTY,MAO,2530.751,220.177,,openflights
PTY,MCO,2161.921,193.189,,openflights
PTY,MEX,2411.069,211.420,,openflights
PTY,SAL,1161.031,119.954,,openflights
PTY,SAP,1167.683,120.440,,openflights
PTY,SDQ,1476.734,143.054,,openflights
PTY,UIO,1029.341,110.318,,openflights
PUF,ORY,632.054,81.248,,openflights
PUJ,ANU,713.356,87.197,,openflights
PUJ,CCS,898.002,100.707,,openflights
PUJ,DME,9296.605,715.239,,openflights
PUJ,DUS,7381.574,575.115,,openflights
PUJ,MDW,3167.673,266.781,,openflights
PUJ,MIA,1466.296,142.290,,openflights
PUJ,PHL,2459.121,214.936,,openflights
PUJ,STL,3089.040,261.027,,openflights
PUJ,TLS,6980.529,545.770,,openflights
PUJ,YQB,3150.533,265.527,,openflights
PUJ,YUL,3032.434,256.885,,openflights
PUQ,RGL,187.094,48.690,,openflights
PUS,CJU,291.179,56.306,,openflights
PUS,GUM,2889.408,246.420,,openflights
PUS,KIX,581.702,77.564,,openflights
PUS,NKG,1009.204,108.844,,openflights
PUY,BVA,1024.990,109.999,,openflights
PUY,RYG,1624.406,153.859,,openflights
PVD,DTW,987.130,107.229,,openflights
PVD,LAS,3794.445,312.642,,openflights
PVG,ACX,1781.569,165.359,,openflights
PVG,ADD,8830.820,681.158,,openflights
PVG,AKL,9368.519,720.501,,openflights
PVG,AMS,8910.452,686.984,,openflights
PVG,DEL,4291.476,349.010,,openflights
PVG,HIJ,1100.783,115.545,,openflights
PVG,HKT,3533.574,293.554,,openflights
PVG,IKA,6442.755,506.421,,openflights
PVG,JNZ,1109.275,116.166,,openflights
PVG,KUL,3796.698,312.807,,openflights
PVG,MEL,8017.369,621.637,,openflights
PVG,MFM,1289.867,129.381,,openflights
PVG,MXP,9144.088,704.080,,openflights
PVG,NDG,1798.873,166.625,,openflights
PVG,NGS,789.206,92.747,,openflights
PVG,SGN,2746.470,235.961,,openflights
PVG,TOY,1543.737,147.956,,openflights
PVG,XMN,817.874,94.844,,openflights
PVG,XNN,1916.763,175.251,,openflights
PVG,YNJ,1469.771,142.544,,openflights
PVG,YNY,992.514,107.623,,openflights
PVG,ZUH,1316.060,131.297,,openflights
PVH,BSB,1908.751,174.665,,openflights
PVH,CGB,1145.069,118.786,,openflights
PVK,JSH,627.679,80.928,,openflights
PVR,EWR,3680.147,304.279,,openflights
PVR,MEX,660.294,83.314,,openflights
PVR,SAN,1786.594,165.726,,openflights
PVR,SLC,2324.549,205.089,,openflights
PWQ,TSE,408.438,64.886,,openflights
PYY,CNX,87.062,41.370,,openflights
PZB,JNB,443.894,67.480,,openflights
PZU,KRT,654.951,82.923,,openflights
QBC,YAA,87.980,41.438,,openflights
QOW,LOS,448.239,67.798,,openflights
QRO,TIJ,2126.499,190.598,,openflights
RAI,DKR,645.602,82.239,,openflights
RAK,AGA,193.773,49.179,,openflights
RAK,CGN,2478.391,216.346,,openflights
RAK,EIN,2463.769,215.276,,openflights
RAK,LGW,2266.223,200.821,,openflights
RAK,LIS,803.970,93.827,,openflights
RAK,MUC,2498.995,217.853,,openflights
RAK,SXF,2893.562,246.724,,openflights
RAO,BSB,585.885,77.870,,openflights
RAO,SDU,514.821,72.670,,openflights
RAP,DEN,483.980,70.413,,openflights
RAP,DFW,1344.883,133.406,,openflights
RAR,AKL,3013.353,255.489,,openflights
RAR,MUK,282.164,55.646,,openflights
RAS,SYZ,908.282,101.460,,openflights
RBA,BVA,1860.797,171.156,,openflights
RBA,CDG,1831.677,169.025,,openflights
RBA,MAD,767.519,91.160,,openflights
RBA,ORY,1797.414,166.518,,openflights
RBR,CZS,591.829,78.305,,openflights
RDM,SEA,366.410,61.810,,openflights
RDM,SLC,844.021,96.758,,openflights
RDN,SZB,334.589,59.482,,openflights
RDU,ATL,572.248,76.872,,openflights
RDU,BWI,411.540,65.113,,openflights
RDU,DCA,365.094,61.714,,openflights
RDU,EWR,669.965,84.022,,openflights
RDU,TTN,600.070,78.908,,openflights
REC,JDO,489.489,70.816,,openflights
REC,MIA,6184.451,487.521,,openflights
REL,AEP,1129.283,117.630,,openflights
REN,DYU,1802.076,166.859,,openflights
REN,SVO,1265.832,127.622,,openflights
REP,DAD,555.118,75.618,,openflights
REU,EIN,1189.815,122.060,,openflights
REU,NCL,1558.697,149.051,,openflights
REU,PMI,221.849,51.233,,openflights
REU,STN,1196.068,122.517,,openflights
REX,CUN,1281.834,128.793,,openflights
RFD,AZA,2206.497,196.451,,openflights
RFP,HUH,47.453,38.472,,openflights
RGL,USH,365.952,61.777,,openflights
RGN,ICN,3741.677,308.781,,openflights
RGN,KUL,1688.482,158.547,,openflights
RGN,KYP,392.186,63.697,,openflights
RGN,THL,564.325,76.292,,openflights
RHO,AOK,138.350,45.123,,openflights
RHO,BGY,1847.470,170.181,,openflights
RHO,KUN,2086.040,187.637,,openflights
RHO,LED,2606.076,225.688,,openflights
RHO,LGG,2398.570,210.505,,openflights
RHO,MAN,3006.753,255.006,,openflights
RHO,VIE,1606.241,152.530,,openflights
RIC,CLT,412.474,65.181,,openflights
RIC,IAD,160.484,46.743,,openflights
RIC,LGA,469.753,69.372,,openflights
RIC,MSP,1558.923,149.068,,openflights
RIX,AES,1174.563,120.944,,openflights
RIX,BGO,1144.294,118.729,,openflights
RIX,BRE,1057.400,112.371,,openflights
RIX,GOT,706.344,86.684,,openflights
RIX,KBP,861.289,98.021,,openflights
RIX,SVG,1101.144,115.571,,openflights
RIX,TBS,2260.153,200.377,,openflights
RIY,SHJ,1347.894,133.626,,openflights
RKV,EGS,380.160,62.817,,openflights
RMF,VIE,2960.031,251.588,,openflights
RMQ,CAN,750.964,89.949,,openflights
RMQ,FOC,209.294,50.314,,openflights
RMQ,OKA,738.400,89.029,,openflights
RMT,PPT,656.511,83.037,,openflights
RNO,SJC,303.080,57.177,,openflights
ROB,LOS,1512.468,145.668,,openflights
ROC,MDW,839.634,96.437,,openflights
ROC,MSP,1257.086,126.982,,openflights
ROV,AYT,1395.287,137.094,,openflights
ROV,DME,891.042,100.198,,openflights
ROV,EGO,426.154,66.182,,openflights
ROV,KUF,983.788,106.984,,openflights
RPR,BOM,954.700,104.856,,openflights
RSW,DTW,1749.181,162.989,,openflights
RSW,DUS,7640.482,594.060,,openflights
RSW,EWR,1721.996,161.000,,openflights
RSW,JFK,1731.645,161.706,,openflights
RSW,LGA,1741.602,162.434,,openflights
RSW,PVD,1935.623,176.631,,openflights
RSW,STL,1577.608,150.435,,openflights
RTB,TGU,261.671,54.147,,openflights
RTM,BJV,2441.222,213.626,,openflights
RTM,HER,2472.233,215.895,,openflights
RTM,SAW,2251.008,199.708,,openflights
RUH,ABT,733.902,88.700,,openflights
RUH,AQI,379.873,62.796,,openflights
RUH,CMN,5295.174,422.452,,openflights
RUH,DEL,3037.068,257.224,,openflights
RUH,DXB,873.008,98.879,,openflights
RUH,HOF,282.877,55.698,,openflights
RUH,JED,851.833,97.329,,openflights
RUH,KUL,6377.180,501.623,,openflights
RUN,MRS,8800.743,678.957,,openflights
RUN,ORY,9357.482,719.694,,openflights
RUN,SMS,732.242,88.579,,openflights
RVV,PPT,732.474,88.596,,openflights
RYG,CFU,2290.804,202.620,,openflights
RYG,KGS,2770.939,237.752,,openflights
RYG,RHO,2842.075,242.957,,openflights
RZE,FRA,958.530,105.136,,openflights
RZE,STN,1531.328,147.048,,openflights
SAH,ADD,932.029,103.197,,openflights
SAH,AXK,298.228,56.822,,openflights
SAH,BAH,1372.161,135.402,,openflights
SAH,NBO,2032.345,183.708,,openflights
SAL,BOG,1902.178,174.184,,openflights
SAL,GYE,2007.953,181.923,,openflights
SAL,IAD,3056.518,258.648,,openflights
SAL,IAH,1949.670,177.659,,openflights
SAL,JFK,3369.831,281.573,,openflights
SAL,SJO,652.150,82.718,,openflights
SAN,CLT,3335.376,279.052,,openflights
SAN,IAH,2093.150,188.157,,openflights
SAN,MSY,2568.267,222.922,,openflights
SAN,SDF,2897.888,247.041,,openflights
SAN,SJC,671.385,84.126,,openflights
SAN,STL,2501.172,218.013,,openflights
SAN,TUS,590.442,78.203,,openflights
SAP,BZE,235.604,52.239,,openflights
SAP,LCE,119.106,43.715,,openflights
SAT,ATL,1404.698,137.783,,openflights
SAT,DFW,397.962,64.119,,openflights
SAT,DTW,1954.348,178.001,,openflights
SAT,ELP,797.229,93.334,,openflights
SAT,HOU,308.779,57.594,,openflights
SAT,HRL,376.154,62.523,,openflights
SAT,MCO,1672.232,157.358,,openflights
SAT,MDW,1668.413,157.079,,openflights
SAT,SEA,2854.229,243.846,,openflights
SAV,DTW,1137.351,118.221,,openflights
SAW,ALA,3891.965,319.778,,openflights
SAW,BGY,1668.301,157.071,,openflights
SAW,BSL,1879.548,172.528,,openflights
SAW,BUD,1079.969,114.022,,openflights
SAW,CDG,2275.433,201.495,,openflights
SAW,CPH,2037.838,184.110,,openflights
SAW,EDO,245.564,52.968,,openflights
SAW,ERC,875.957,99.094,,openflights
SAW,GYD,1745.192,162.697,,openflights
SAW,IKA,1998.541,181.235,,openflights
SAW,MED,2057.631,185.558,,openflights
SAW,MLA,1406.768,137.934,,openflights
SAW,MZH,522.399,73.224,,openflights
SAW,ORY,2280.492,201.865,,openflights
SAW,VIE,1287.016,129.172,,openflights
SBA,DEN,1471.392,142.663,,openflights
SBH,PTP,229.471,51.791,,openflights
SBP,LAX,250.055,53.297,,openflights
SBW,JHB,926.615,102.801,,openflights
SCC,BRW,327.402,58.956,,openflights
SCE,DTW,482.523,70.307,,openflights
SCL,ASU,1571.271,149.971,,openflights
SCL,CCP,429.112,66.398,,openflights
SCL,DFW,7866.284,610.582,,openflights
SCL,MVD,1366.543,134.991,,openflights
SCL,PMC,917.490,102.133,,openflights
SCO,TSE,1718.968,160.778,,openflights
SCQ,AGP,768.232,91.212,,openflights
SCQ,BSL,1349.843,133.769,,openflights
SCQ,MAD,484.695,70.465,,openflights
SCQ,SVQ,645.678,82.245,,openflights
SCW,SVX,785.123,92.448,,openflights
SCZ,HIR,644.617,82.167,,openflights
SDD,WDH,934.775,103.398,,openflights
SDF,CLE,489.607,70.825,,openflights
SDF,CLT,539.286,74.460,,openflights
SDF,DFW,1177.798,121.180,,openflights
SDF,LAS,2607.311,225.779,,openflights
SDF,LGA,1057.611,112.386,,openflights
SDF,MDW,436.763,66.958,,openflights
SDF,ORD,461.462,68.765,,openflights
SDG,THR,392.869,63.746,,openflights
SDJ,CTS,519.590,73.019,,openflights
SDK,KUD,176.541,47.918,,openflights
SDL,LLA,405.123,64.643,,openflights
SDQ,BOG,1602.146,152.230,,openflights
SDQ,BOS,2664.398,229.956,,openflights
SDQ,CUR,698.095,86.080,,openflights
SDQ,FRA,7616.829,592.329,,openflights
SDQ,PHL,2443.526,213.795,,openflights
SDQ,SJU,386.834,63.305,,openflights
SDR,AGP,753.024,90.099,,openflights
SDR,DUB,1125.735,117.371,,openflights
SDU,BPS,836.837,96.232,,openflights
SDU,GYN,942.647,103.974,,openflights
SEA,ALW,341.187,59.965,,openflights
SEA,AUS,2847.373,243.344,,openflights
SEA,BIL,1065.432,112.958,,openflights
SEA,CLT,3660.406,302.835,,openflights
SEA,DEN,1645.066,155.371,,openflights
SEA,DFW,2668.153,230.231,,openflights
SEA,EAT,158.229,46.578,,openflights
SEA,KOA,4326.713,351.589,,openflights
SEA,KTN,1092.770,114.959,,openflights
SEA,LIH,4345.033,352.929,,openflights
SEA,MCO,4104.687,335.343,,openflights
SEA,ONT,1540.367,147.710,,openflights
SEA,PEK,8679.141,670.059,,openflights
SEA,PHX,1781.823,165.377,,openflights
SEA,PVG,9187.826,707.280,,openflights
SEA,RDM,366.410,61.810,,openflights
SEA,RNO,907.317,101.389,,openflights
SEA,SJC,1121.987,117.097,,openflights
SEA,SLC,1106.715,115.979,,openflights
SEA,STS,994.922,107.799,,openflights
SEA,TUS,1957.488,178.231,,openflights
SEN,JER,333.226,59.382,,openflights
SFA,CDG,1724.123,161.155,,openflights
SFA,TIP,322.973,58.632,,openflights
SFB,BLV,1344.938,133.410,,openflights
SFB,CKB,1173.327,120.853,,openflights
SFB,CVG,1184.889,121.699,,openflights
SFB,LIT,1230.498,125.036,,openflights
SFB,OWB,1138.255,118.287,,openflights
SFB,TOL,1443.149,140.596,,openflights
SFB,TYS,823.765,95.275,,openflights
SFB,XNA,1480.153,143.304,,openflights
SFJ,GOH,316.832,58.183,,openflights
SFJ,JAV,248.485,53.182,,openflights
SFO,CPH,8807.138,679.425,,openflights
SFO,FLL,4150.825,338.719,,openflights
SFO,GDL,2643.880,228.455,,openflights
SFO,MSY,3069.417,259.591,,openflights
SFO,OGG,3760.338,310.147,,openflights
SFO,OKC,2221.560,197.553,,openflights
SFO,ORD,2963.963,251.875,,openflights
SFO,SAN,718.888,87.602,,openflights
SFO,SAT,2381.575,209.262,,openflights
SFO,SBA,421.875,65.869,,openflights
SFO,SNA,598.261,78.775,,openflights
SFO,YYJ,1229.176,124.940,,openflights
SFT,STN,1851.389,170.467,,openflights
SGC,KIV,3223.324,270.853,,openflights
SGC,SVO,2134.609,191.191,,openflights
SGN,ALA,4606.482,372.060,,openflights
SGN,CAH,243.641,52.827,,openflights
SGN,DLI,213.762,50.641,,openflights
SGN,HPH,1112.043,116.369,,openflights
SGN,KIX,3910.120,321.106,,openflights
SGN,TBB,382.952,63.021,,openflights
SGN,VCL,556.163,75.695,,openflights
SGO,CMA,291.781,56.350,,openflights
SGU,SLC,437.741,67.030,,openflights
SHA,AQG,414.642,65.340,,openflights
SHA,GMP,866.103,98.373,,openflights
SHA,HET,1370.731,135.297,,openflights
SHA,LJG,2109.217,189.333,,openflights
SHA,LYI,507.128,72.107,,openflights
SHA,TNA,734.750,88.762,,openflights
SHE,CIF,384.116,63.106,,openflights
SHE,CKG,2010.916,182.140,,openflights
SHE,CZX,1129.731,117.663,,openflights
SHE,HKG,2327.542,205.308,,openflights
SHE,LHW,1801.904,166.847,,openflights
SHE,TAO,655.097,82.934,,openflights
SHE,XUZ,990.067,107.444,,openflights
SHE,YNT,504.798,71.936,,openflights
SHJ,BOM,1914.056,175.053,,openflights
SHJ,CGP,3697.819,305.572,,openflights
SHJ,COK,2774.426,238.007,,openflights
SHJ,DEA,1560.270,149.166,,openflights
SHJ,DMM,585.959,77.875,,openflights
SHJ,GOI,2202.761,196.178,,openflights
SHJ,HBE,2600.799,225.302,,openflights
SHJ,KTM,2973.783,252.594,,openflights
SHJ,LRR,284.225,55.797,,openflights
SHJ,SAW,2973.213,252.552,,openflights
SID,LGW,4325.160,351.475,,openflights
SID,SNE,143.256,45.482,,openflights
SIN,AMS,10513.913,804.311,,openflights
SIN,BLR,3179.445,267.642,,openflights
SIN,CRK,2381.636,209.266,,openflights
SIN,DVO,2484.331,216.780,,openflights
SIN,FRA,10279.256,787.141,,openflights
SIN,ICN,4627.375,373.588,,openflights
SIN,JED,7359.986,573.536,,openflights
SIN,MYY,1157.838,119.720,,openflights
SIN,NGB,3665.375,303.198,,openflights
SIN,PEN,602.329,79.073,,openflights
SIN,SOC,1238.837,125.647,,openflights
SIN,VTE,1856.661,170.853,,openflights
SJC,LIH,3964.558,325.090,,openflights
SJC,RNO,303.080,57.177,,openflights
SJC,SNA,550.470,75.278,,openflights
SJD,SFO,2010.879,182.137,,openflights
SJD,TIJ,1263.228,127.431,,openflights
SJD,YYC,3131.239,264.115,,openflights
SJE,BOG,289.226,56.163,,openflights
SJJ,BEG,192.245,49.067,,openflights
SJJ,LJU,404.711,64.613,,openflights
SJO,BOC,226.576,51.579,,openflights
SJO,DAV,263.957,54.314,,openflights
SJO,DEN,3888.297,319.510,,openflights
SJO,MCO,2072.164,186.622,,openflights
SJO,ORD,3574.814,296.572,,openflights
SJU,CPX,74.925,40.482,,openflights
SJU,MIA,1682.019,158.075,,openflights
SJU,PHL,2542.800,221.059,,openflights
SJU,SDQ,386.834,63.305,,openflights
SJW,LJG,1866.712,171.589,,openflights
SJW,SHE,836.245,96.189,,openflights
SJW,SHP,472.954,69.606,,openflights
SJW,SYX,2279.776,201.813,,openflights
SJW,XMN,1561.420,149.250,,openflights
SKG,AMS,1904.808,174.376,,openflights
SKG,ATH,299.235,56.895,,openflights
SKG,BEG,525.126,73.424,,openflights
SKG,CDG,1859.686,171.075,,openflights
SKG,IST,493.010,71.074,,openflights
SKG,LCA,1126.800,117.449,,openflights
SKG,PSA,1094.426,115.080,,openflights
SKT,ISB,181.274,48.264,,openflights
SKT,RUH,2816.172,241.061,,openflights
SKZ,KHI,352.743,60.810,,openflights
SLC,ATL,2553.604,221.849,,openflights
SLC,BTM,576.003,77.147,,openflights
SLC,CDC,356.608,61.093,,openflights
SLC,FAT,805.195,93.917,,openflights
SLC,GJT,347.580,60.433,,openflights
SLC,HNL,4813.145,387.181,,openflights
SLC,IDA,303.237,57.188,,openflights
SLC,IND,2175.074,194.152,,openflights
SLC,JFK,3193.602,268.678,,openflights
SLC,MSY,2296.237,203.017,,openflights
SLC,PIH,241.377,52.662,,openflights
SLC,SAN,1008.347,108.781,,openflights
SLL,DOH,951.054,104.589,,openflights
SLQ,ANI,126.233,44.237,,openflights
SLW,MEX,705.982,86.657,,openflights
SLZ,CNF,1894.874,173.649,,openflights
SLZ,GRU,2330.929,205.556,,openflights
SMF,IAH,2585.938,224.215,,openflights
SMF,LAX,600.422,78.933,,openflights
SMF,SAN,772.626,91.534,,openflights
SMF,SFO,137.928,45.092,,openflights
SMF,SNA,650.376,82.588,,openflights
SMS,TMM,121.515,43.891,,openflights
SNA,DEN,1359.686,134.489,,openflights
SNA,SFO,598.261,78.775,,openflights
SNA,SLC,946.779,104.276,,openflights
SNN,ALC,1728.180,161.452,,openflights
SNN,FMM,1451.950,141.240,,openflights
SNN,WMI,1984.671,180.220,,openflights
SOF,AMS,1753.281,163.289,,openflights
SOF,CDG,1754.280,163.362,,openflights
SOF,EIN,1669.934,157.190,,openflights
SOF,STN,2011.750,182.201,,openflights
SOF,TLV,1559.166,149.085,,openflights
SOF,VLC,2026.713,183.296,,openflights
SON,NUS,66.774,39.886,,openflights
SOQ,BXB,300.647,56.999,,openflights
SOQ,FKQ,250.242,53.310,,openflights
SOU,LBA,324.853,58.770,,openflights
SOU,NTE,422.623,65.924,,openflights
SOU,PMI,1306.852,130.623,,openflights
SOY,NDY,11.188,35.819,,openflights
SPN,GUM,207.803,50.205,,openflights
SPU,FCO,384.005,63.098,,openflights
SPU,GOT,1595.202,151.722,,openflights
SPU,LHR,1531.349,147.050,,openflights
SPU,LYS,919.411,102.274,,openflights
SPU,WAW,1020.021,109.636,,openflights
SRG,BPN,961.583,105.360,,openflights
SRG,SUB,269.923,54.750,,openflights
SRQ,LGA,1687.018,158.440,,openflights
SSA,BPS,400.902,64.334,,openflights
SSA,CWB,1805.599,167.117,,openflights
SSA,JPA,739.570,89.115,,openflights
SSA,VIX,843.550,96.723,,openflights
SSG,DLA,115.550,43.455,,openflights
SSH,CAI,375.880,62.503,,openflights
SSH,IST,1565.271,149.532,,openflights
SSH,KWI,1331.660,132.439,,openflights
SSY,LAD,308.833,57.598,,openflights
STI,BOS,2553.113,221.813,,openflights
STI,MIA,1221.136,124.351,,openflights
STI,PTY,1487.556,143.846,,openflights
STI,SJU,495.927,71.287,,openflights
STL,ATL,779.005,92.000,,openflights
STL,CLE,782.602,92.264,,openflights
STL,DAL,878.336,99.268,,openflights
STL,FLL,1702.254,159.555,,openflights
STL,MDW,404.164,64.573,,openflights
STL,PVR,2462.889,215.211,,openflights
STL,SFO,2785.877,238.845,,openflights
STM,ATM,295.910,56.652,,openflights
STN,AAR,835.001,96.098,,openflights
STN,ACE,2796.002,239.586,,openflights
STN,ADB,2574.001,223.342,,openflights
STN,AGP,1731.824,161.719,,openflights
STN,AMS,312.881,57.894,,openflights
STN,BCN,1185.614,121.752,,openflights
STN,BUD,1451.271,141.191,,openflights
STN,BVE,766.693,91.099,,openflights
STN,CHQ,2623.278,226.947,,openflights
STN,FAO,1774.346,164.830,,openflights
STN,HHN,537.439,74.325,,openflights
STN,IBZ,1449.560,141.065,,openflights
STN,MAD,1301.854,130.258,,openflights
STN,MJV,1571.089,149.958,,openflights
STN,RYG,1061.813,112.694,,openflights
STN,SKG,2143.559,191.846,,openflights
STN,TGD,1777.795,165.083,,openflights
STN,TRF,1025.846,110.062,,openflights
STN,WMI,1389.229,136.651,,openflights
STN,XRY,1754.810,163.401,,openflights
STR,ATH,1682.158,158.085,,openflights
STR,BRE,485.502,70.525,,openflights
STR,ESB,2102.715,188.857,,openflights
STR,FCO,801.501,93.646,,openflights
STR,FRA,156.653,46.462,,openflights
STR,FUE,2991.252,253.872,,openflights
STR,GWT,694.634,85.827,,openflights
STR,SKG,1414.007,138.464,,openflights
STR,SVO,2061.428,185.836,,openflights
STS,PDX,787.426,92.617,,openflights
STT,ATL,2574.812,223.401,,openflights
STT,FLL,1781.623,165.363,,openflights
STT,VIJ,58.864,39.307,,openflights
STX,MIA,1833.332,169.146,,openflights
SUB,UPG,791.139,92.888,,openflights
SUF,VIE,1023.876,109.918,,openflights
SUJ,OTP,426.609,66.215,,openflights
SUV,KDV,120.536,43.820,,openflights
SVB,TNR,578.743,77.347,,openflights
SVD,BGI,179.723,48.150,,openflights
SVG,AGP,2575.642,223.462,,openflights
SVG,BCN,1970.502,179.183,,openflights
SVG,KRS,160.507,46.744,,openflights
SVG,KTW,1268.162,127.792,,openflights
SVG,TOS,1355.073,134.152,,openflights
SVG,WAW,1215.061,123.907,,openflights
SVO,AER,1404.158,137.743,,openflights
SVO,BKK,7104.610,554.850,,openflights
SVO,BOJ,1650.555,155.772,,openflights
SVO,BRU,2229.620,198.143,,openflights
SVO,CDG,2453.630,214.534,,openflights
SVO,HKG,7137.142,557.230,,openflights
SVO,HRK,676.668,84.512,,openflights
SVO,LHR,2508.500,218.549,,openflights
SVO,MLE,6587.288,516.997,,openflights
SVO,ODS,1159.328,119.829,,openflights
SVO,PRG,1670.048,157.199,,openflights
SVO,REN,1265.832,127.622,,openflights
SVO,SIP,1238.012,125.586,,openflights
SVO,YKS,4871.584,391.457,,openflights
SVP,LAD,566.013,76.416,,openflights
SVQ,EIN,1793.895,166.261,,openflights
SVQ,GVA,1393.751,136.982,,openflights
SVQ,LCG,687.213,85.284,,openflights
SVQ,LEI,318.755,58.324,,openflights
SVQ,OVD,683.464,85.010,,openflights
SVQ,PMI,787.514,92.623,,openflights
SVQ,TFS,1441.665,140.488,,openflights
SVU,NAN,227.663,51.658,,openflights
SVX,AER,2080.641,187.242,,openflights
SVX,BKK,5857.569,463.603,,openflights
SVX,EVN,2194.243,195.554,,openflights
SVX,FCO,3793.373,312.564,,openflights
SVX,KGP,980.861,106.770,,openflights
SVX,NOJ,1073.246,113.530,,openflights
SVX,NSK,1904.787,174.375,,openflights
SVX,OVB,1370.297,135.266,,openflights
SVX,UFA,393.121,63.765,,openflights
SVX,ULV,836.941,96.240,,openflights
SVX,VKO,1455.789,141.521,,openflights
SWA,CGO,1246.556,126.211,,openflights
SWA,NGB,853.837,97.476,,openflights
SWA,NKG,939.765,103.763,,openflights
SXB,ADB,1936.529,176.697,,openflights
SXB,CMN,2107.996,189.244,,openflights
SXB,PRG,510.899,72.383,,openflights
SXB,STN,643.910,82.115,,openflights
SXF,BEY,2705.464,232.961,,openflights
SXF,BGY,795.672,93.220,,openflights
SXF,CPH,364.457,61.668,,openflights
SXF,ORY,884.768,99.739,,openflights
SXM,BGI,674.478,84.352,,openflights
SXM,MIA,1968.283,179.021,,openflights
SXM,SDQ,694.114,85.789,,openflights
SXM,STT,199.699,49.612,,openflights
SYD,BHQ,930.377,103.076,,openflights
SYD,CBR,236.177,52.281,,openflights
SYD,CKG,8484.963,655.851,,openflights
SYD,DFW,13808.178,1045.355,,openflights
SYD,DRW,3154.616,265.826,,openflights
SYD,HBA,1038.611,110.996,,openflights
SYD,HKT,7266.839,566.720,,openflights
SYD,MQL,837.500,96.280,,openflights
SYD,MRZ,510.285,72.338,,openflights
SYD,MYA,236.570,52.310,,openflights
SYD,SFO,11949.743,909.371,,openflights
SYD,SUV,3241.243,272.164,,openflights
SYD,TPE,7285.424,568.080,,openflights
SYD,ZQN,1938.921,176.872,,openflights
SYQ,LIR,169.182,47.379,,openflights
SYR,IAD,476.925,69.897,,openflights
SYR,JFK,335.603,59.556,,openflights
SYR,LGA,318.538,58.308,,openflights
SYR,MCO,1697.754,159.226,,openflights
SYR,ORD,973.903,106.261,,openflights
SYX,KHN,1347.021,133.563,,openflights
SYX,LZH,656.565,83.041,,openflights
SYX,NNG,495.852,71.282,,openflights
SYX,PVG,1895.678,173.708,,openflights
SYX,TSN,2438.483,213.426,,openflights
SYX,TYN,2184.589,194.848,,openflights
SYX,XIY,1796.343,166.440,,openflights
SYX,YTY,1891.032,173.368,,openflights
SYZ,IFN,363.778,61.618,,openflights
SYZ,LFM,247.917,53.140,,openflights
SYZ,MCT,870.244,98.676,,openflights
SYZ,TBZ,1120.807,117.010,,openflights
SZA,LAD,316.651,58.170,,openflights
SZB,KTE,260.528,54.063,,openflights
SZB,LGK,408.929,64.922,,openflights
SZB,SIN,336.136,59.595,,openflights
SZB,USM,732.220,88.577,,openflights
SZG,LPA,3296.099,276.178,,openflights
SZX,BHY,481.175,70.208,,openflights
SZX,CGO,1321.043,131.662,,openflights
SZX,HYN,1008.111,108.764,,openflights
SZX,TEN,738.059,89.004,,openflights
SZX,TNA,1614.428,153.129,,openflights
SZX,WNZ,918.850,102.233,,openflights
SZX,YCU,1413.343,138.415,,openflights
SZX,ZYI,878.950,99.313,,openflights
TAB,JFK,3516.338,292.293,,openflights
TAI,CAI,2246.601,199.385,,openflights
TAO,CGO,623.060,80.590,,openflights
TAO,FOC,1150.737,119.200,,openflights
TAO,HRB,1150.790,119.204,,openflights
TAO,PEK,537.990,74.365,,openflights
TAO,PVG,584.774,77.788,,openflights
TAO,SHE,655.097,82.934,,openflights
TAS,BHK,437.736,67.029,,openflights
TAS,FCO,4658.033,375.832,,openflights
TAS,IKT,2904.066,247.493,,openflights
TAS,KUF,1969.744,179.128,,openflights
TAS,NCU,810.812,94.328,,openflights
TAS,PEK,3941.672,323.415,,openflights
TAS,SHJ,2178.820,194.426,,openflights
TAS,SVX,1826.301,168.632,,openflights
TBI,NAS,218.815,51.011,,openflights
TBN,STL,190.917,48.970,,openflights
TBS,ATH,1837.181,169.428,,openflights
TBS,MSQ,1846.391,170.102,,openflights
TBS,URC,3440.196,286.722,,openflights
TBU,SUV,748.522,89.770,,openflights
TDD,CIJ,593.198,78.405,,openflights
TER,GRW,89.149,41.523,,openflights
TFN,BCN,2194.503,195.573,,openflights
TFN,CMN,995.319,107.828,,openflights
TFN,LPA,111.832,43.183,,openflights
TFN,SCQ,1753.268,163.288,,openflights
TFN,SPC,139.036,45.173,,openflights
TFS,BGY,3025.983,256.413,,openflights
TFS,BHX,2978.223,252.919,,openflights
TFS,BOD,2335.067,205.859,,openflights
TFS,DUB,2945.311,250.511,,openflights
TFS,FCO,3018.144,255.840,,openflights
TFS,GLA,3242.146,272.230,,openflights
TFS,LBA,3117.777,263.130,,openflights
TFS,LTN,2972.748,252.518,,openflights
TFS,MUC,3317.680,277.757,,openflights
TFS,PRG,3573.158,296.451,,openflights
TFS,SDR,2056.278,185.459,,openflights
TGD,DME,1979.108,179.813,,openflights
TGD,ZRH,1014.737,109.249,,openflights
TGM,BVA,1686.759,158.421,,openflights
TGM,LTN,1888.363,173.173,,openflights
TGU,IAH,1956.906,178.188,,openflights
TGU,MIA,1491.167,144.110,,openflights
THE,BSB,1324.491,131.914,,openflights
THR,ADU,389.509,63.501,,openflights
THR,AWZ,538.557,74.407,,openflights
THR,BXR,993.579,107.701,,openflights
THR,DEF,450.641,67.974,,openflights
THR,KSH,406.775,64.764,,openflights
THR,SDG,392.869,63.746,,openflights
THS,BKK,407.838,64.842,,openflights
TIA,VCE,748.211,89.747,,openflights
TID,ALG,217.634,50.924,,openflights
TIF,DOH,1204.838,123.159,,openflights
TIJ,CUL,1266.173,127.647,,openflights
TIJ,DGO,1533.802,147.229,,openflights
TIJ,MLM,2121.632,190.241,,openflights
TIM,DPS,2443.675,213.805,,openflights
TIP,ALG,1012.836,109.110,,openflights
TIP,CAI,1752.564,163.236,,openflights
TIP,HBE,1573.382,150.126,,openflights
TIP,SRX,370.032,62.076,,openflights
TJA,BYC,117.386,43.589,,openflights
TJA,LPB,670.005,84.025,,openflights
TJM,DME,1691.489,158.768,,openflights
TJM,EVN,2419.284,212.021,,openflights
TJM,TAS,1793.924,166.263,,openflights
TJQ,PGK,190.891,48.968,,openflights
TKU,ARN,259.234,53.968,,openflights
TLA,KTS,11.705,35.856,,openflights
TLE,FTU,375.472,62.474,,openflights
TLH,TPA,321.835,58.549,,openflights
TLL,HEL,100.773,42.374,,openflights
TLL,IST,2035.078,183.908,,openflights
TLL,TYF,666.851,83.794,,openflights
TLL,URE,187.603,48.727,,openflights
TLL,VNO,532.126,73.936,,openflights
TLM,LYS,1311.904,130.993,,openflights
TLN,STN,1072.473,113.474,,openflights
TLS,BSL,650.755,82.616,,openflights
TLS,CMN,1379.827,135.963,,openflights
TLS,DUB,1223.780,124.545,,openflights
TLS,FRA,897.827,100.695,,openflights
TLS,GVA,472.809,69.596,,openflights
TLV,BCN,3081.681,260.489,,openflights
TLV,BEG,1902.168,174.183,,openflights
TLV,CAI,392.487,63.719,,openflights
TLV,CGN,3087.985,260.950,,openflights
TLV,DME,2612.375,226.149,,openflights
TLV,DOK,1802.135,166.864,,openflights
TLV,JFK,9117.043,702.101,,openflights
TLV,KRR,1494.717,144.370,,openflights
TLV,SAW,1106.350,115.952,,openflights
TLV,WAW,2508.285,218.533,,openflights
TLV,ZRH,2809.352,240.562,,openflights
TMP,BUD,1579.308,150.559,,openflights
TMR,GHA,1076.823,113.792,,openflights
TMR,INZ,575.584,77.116,,openflights
TMS,RAI,3691.801,305.132,,openflights
TNA,CSX,1033.797,110.644,,openflights
TNA,SHE,757.241,90.408,,openflights
TNA,WUH,730.146,88.425,,openflights
TNA,WUS,1020.682,109.684,,openflights
TNG,BCN,930.675,103.098,,openflights
TNJ,CGK,818.430,94.885,,openflights
TNR,JNB,2135.093,191.226,,openflights
TNR,MOQ,370.261,62.092,,openflights
TNR,RUN,871.463,98.766,,openflights
TOE,TUN,376.277,62.532,,openflights
TOU,GEA,205.972,50.071,,openflights
TOY,HND,262.822,54.231,,openflights
TPA,ACY,1472.098,142.714,,openflights
TPA,ALB,1821.013,168.245,,openflights
TPA,EYW,387.962,63.387,,openflights
TPA,FNT,1670.349,157.221,,openflights
TPA,JFK,1619.524,153.502,,openflights
TPA,LGW,7111.064,555.322,,openflights
TPA,MSY,783.963,92.363,,openflights
TPA,SJU,1991.314,180.706,,openflights
TPE,AMS,9442.514,725.916,,openflights
TPE,HGH,578.228,77.309,,openflights
TPE,HIJ,1532.555,147.138,,openflights
TPE,NKG,776.398,91.810,,openflights
TPE,PEN,3135.176,264.403,,openflights
TPE,PUS,1344.528,133.380,,openflights
TPE,REP,2238.034,198.759,,openflights
TPE,ROR,2424.260,212.385,,openflights
TPE,SYX,1433.855,139.916,,openflights
TPE,TXN,595.202,78.551,,openflights
TPE,YYZ,12078.774,918.813,,openflights
TPP,PCL,287.291,56.021,,openflights
TPQ,TIJ,1721.693,160.978,,openflights
TPS,BGY,893.314,100.364,,openflights
TPS,BVA,1527.668,146.781,,openflights
TPS,KUN,2087.672,187.757,,openflights
TRD,AMS,1290.679,129.440,,openflights
TRD,BGO,461.452,68.765,,openflights
TRD,BNN,231.215,51.918,,openflights
TRD,GDN,1096.844,115.257,,openflights
TRD,KSU,159.626,46.680,,openflights
TRD,RIX,1020.114,109.642,,openflights
TRD,TOS,775.817,91.767,,openflights
TRD,TRF,476.244,69.847,,openflights
TRE,GLA,166.091,47.153,,openflights
TRF,ALC,2448.866,214.185,,openflights
TRF,ARN,436.158,66.914,,openflights
TRF,SVG,266.571,54.505,,openflights
TRF,VNO,1039.999,111.097,,openflights
TRF,WRO,991.533,107.551,,openflights
TRG,AKL,144.407,45.566,,openflights
TRI,ATL,365.284,61.728,,openflights
TRN,AMS,817.999,94.854,,openflights
TRN,CTA,1058.712,112.467,,openflights
TRN,PMO,901.874,100.991,,openflights
TRN,STN,921.139,102.400,,openflights
TRN,SUF,995.580,107.847,,openflights
TRS,STN,1176.816,121.108,,openflights
TRU,LIM,489.543,70.820,,openflights
TRV,MLE,606.597,79.385,,openflights
TRW,MAJ,665.235,83.676,,openflights
TRZ,CMB,418.938,65.654,,openflights
TRZ,SIN,2982.076,253.201,,openflights
TSA,GMP,1474.473,142.888,,openflights
TSA,HGH,584.236,77.749,,openflights
TSE,CIT,974.494,106.304,,openflights
TSE,DZN,456.906,68.432,,openflights
TSE,FRU,913.929,101.873,,openflights
TSE,KZO,827.144,95.523,,openflights
TSE,SCO,1718.968,160.778,,openflights
TSF,HHN,603.271,79.142,,openflights
TSF,MLA,1105.421,115.884,,openflights
TSF,NYO,1495.131,144.400,,openflights
TSF,RYG,1529.640,146.925,,openflights
TSN,CJU,1029.207,110.308,,openflights
TSN,CSX,1274.084,128.226,,openflights
TSN,FUG,709.046,86.881,,openflights
TSN,KHH,1861.868,171.234,,openflights
TSN,NGO,1788.191,165.843,,openflights
TSN,XMN,1622.929,153.751,,openflights
TSR,BVA,1491.864,144.161,,openflights
TSR,DTM,1188.352,121.953,,openflights
TSR,LTN,1717.358,160.660,,openflights
TSV,CNS,283.995,55.780,,openflights
TSV,SYD,1691.164,158.744,,openflights
TTN,DTW,745.356,89.538,,openflights
TTN,IND,979.277,106.654,,openflights
TTN,MCO,1444.930,140.727,,openflights
TUB,PPT,646.289,82.289,,openflights
TUF,STN,496.393,71.321,,openflights
TUK,SHJ,756.471,90.352,,openflights
TUK,UET,609.614,79.606,,openflights
TUL,PHX,1501.789,144.887,,openflights
TUN,ALG,624.660,80.707,,openflights
TUN,DJE,334.629,59.485,,openflights
TUN,IST,1669.539,157.161,,openflights
TUN,LYS,1075.813,113.718,,openflights
TUN,ORN,981.927,106.848,,openflights
TUN,SFA,240.840,52.622,,openflights
TUN,VIE,1354.542,134.113,,openflights
TUN,ZRH,1188.187,121.941,,openflights
TUR,BEL,301.186,57.038,,openflights
TVU,NAN,308.277,57.557,,openflights
TXL,AMS,578.187,77.306,,openflights
TXL,CTA,1683.933,158.215,,openflights
TXL,FDH,606.393,79.370,,openflights
TXL,KBP,1241.331,125.829,,openflights
TXL,LUX,592.314,78.340,,openflights
TXL,MAH,1572.022,150.026,,openflights
TXL,MXP,838.541,96.357,,openflights
TXL,NCE,1086.671,114.512,,openflights
TXL,NTE,1222.269,124.434,,openflights
TXL,OTP,1291.042,129.466,,openflights
TXL,PRG,281.632,55.607,,openflights
TXL,RHO,2136.688,191.343,,openflights
TXL,SJJ,1040.129,111.107,,openflights
TXL,UME,1312.712,131.052,,openflights
TXN,HAK,1342.947,133.264,,openflights
TXN,TPE,595.202,78.551,,openflights
TXN,TSN,1047.555,111.650,,openflights
TYF,TLL,666.851,83.794,,openflights
TYN,KWL,1414.424,138.494,,openflights
TYN,TXN,1031.369,110.466,,openflights
TYS,CLT,283.995,55.780,,openflights
TYS,LGA,1040.660,111.146,,openflights
TZL,GSE,1554.133,148.717,,openflights
TZX,ADB,1121.466,117.058,,openflights
TZX,AER,273.307,54.998,,openflights
TZX,ESB,581.860,77.575,,openflights
UAH,NHV,76.003,40.561,,openflights
UAK,JJU,59.249,39.335,,openflights
UAK,SFJ,698.952,86.143,,openflights
UBJ,HND,797.143,93.328,,openflights
UDI,BSB,336.744,59.640,,openflights
UEL,TET,394.709,63.881,,openflights
UEO,OKA,94.775,41.935,,openflights
UET,KHI,594.731,78.517,,openflights
UET,LHE,726.137,88.132,,openflights
UFA,SVO,1176.483,121.084,,openflights
UFA,TAS,1778.216,165.113,,openflights
UGC,TAS,720.986,87.755,,openflights
UGC,VOG,1502.561,144.943,,openflights
UIO,BOG,712.226,87.114,,openflights
UIO,CLO,463.642,68.925,,openflights
UIO,MAD,8737.332,674.317,,openflights
UKB,NGS,526.487,73.523,,openflights
UKK,ALA,851.203,97.283,,openflights
UPG,KDI,335.628,59.558,,openflights
UPG,LOP,547.455,75.058,,openflights
UPG,SOQ,1382.572,136.164,,openflights
URA,SCO,811.392,94.370,,openflights
URC,CKG,2313.153,204.255,,openflights
URC,HGH,3266.027,273.978,,openflights
URC,SHA,3272.303,274.437,,openflights
URC,SJW,2353.550,207.211,,openflights
URC,SVO,3728.645,307.828,,openflights
URC,TAS,1515.084,145.860,,openflights
URC,WUH,2758.488,236.841,,openflights
URC,YIN,491.915,70.994,,openflights
URS,VKO,431.791,66.594,,openflights
USM,SIN,1009.947,108.899,,openflights
USN,GMP,316.250,58.140,,openflights
USU,CEB,468.691,69.294,,openflights
UTT,JNB,602.686,79.099,,openflights
UUD,KHV,1997.151,181.133,,openflights
UUD,NZH,739.371,89.100,,openflights
UUD,OVB,1671.676,157.318,,openflights
UUD,PEK,1480.834,143.354,,openflights
UUS,NRT,1252.007,126.610,,openflights
UUS,SVO,6641.572,520.969,,openflights
UVF,ANU,389.013,63.464,,openflights
UYN,KMG,1601.954,152.216,,openflights
UYN,NAY,607.562,79.456,,openflights
UYN,XIY,441.487,67.304,,openflights
VAA,HEL,347.600,60.434,,openflights
VCA,PQC,188.390,48.785,,openflights
VCA,VCS,181.247,48.262,,openflights
VCE,AMS,936.909,103.554,,openflights
VCE,CPH,1124.672,117.293,,openflights
VCE,DXB,4430.408,359.176,,openflights
VCE,REG,870.517,98.696,,openflights
VCE,RIX,1501.131,144.839,,openflights
VCE,SXF,769.170,91.281,,openflights
VCE,TLS,894.321,100.438,,openflights
VCE,TXL,787.356,92.611,,openflights
VCE,VIE,432.256,66.629,,openflights
VCP,CFB,518.137,72.912,,openflights
VCP,FLN,537.698,74.344,,openflights
VCP,IGU,798.576,93.432,,openflights
VCP,IZA,440.200,67.210,,openflights
VCP,VIX,770.894,91.407,,openflights
VDC,CNF,623.903,80.651,,openflights
VDM,REL,320.776,58.471,,openflights
VDS,TOS,419.601,65.702,,openflights
VEE,FYU,68.955,40.045,,openflights
VFA,WDH,999.333,108.122,,openflights
VHC,LAD,795.576,93.213,,openflights
VIE,BKK,8451.040,653.369,,openflights
VIE,CDG,1035.091,110.738,,openflights
VIE,DNK,1369.442,135.203,,openflights
VIE,DXB,4222.897,343.992,,openflights
VIE,GVA,816.920,94.775,,openflights
VIE,IKA,3161.122,266.302,,openflights
VIE,KIV,936.494,103.524,,openflights
VIE,KLX,1305.662,130.536,,openflights
VIE,LJU,263.610,54.289,,openflights
VIE,MAD,1805.958,167.143,,openflights
VIE,NRT,9154.036,704.808,,openflights
VIE,OLB,976.726,106.468,,openflights
VIE,RHO,1606.241,152.530,,openflights
VIE,RIX,1099.075,115.420,,openflights
VIE,TBS,2332.569,205.676,,openflights
VIE,TGD,672.963,84.241,,openflights
VIE,ZRH,603.216,79.138,,openflights
VIG,CCS,558.315,75.852,,openflights
VII,BMV,723.948,87.972,,openflights
VIX,VCP,770.894,91.407,,openflights
VKO,AER,1363.761,134.787,,openflights
VKO,NER,5032.712,403.247,,openflights
VKO,NUX,2370.231,208.432,,openflights
VKO,SVX,1455.789,141.521,,openflights
VKO,URS,431.791,66.594,,openflights
VLC,BRS,1333.790,132.594,,openflights
VLC,DME,3324.245,278.237,,openflights
VLC,IBZ,173.935,47.727,,openflights
VLC,IST,2472.365,215.905,,openflights
VLC,SCQ,763.842,90.891,,openflights
VLC,STN,1379.444,135.935,,openflights
VLN,PTY,1261.506,127.305,,openflights
VNO,MUC,1163.452,120.131,,openflights
VNO,RIX,267.514,54.574,,openflights
VNO,TXL,823.499,95.256,,openflights
VNX,INH,206.830,50.134,,openflights
VOG,DME,857.304,97.730,,openflights
VOL,VIE,1107.259,116.019,,openflights
VOZ,VKO,439.495,67.158,,openflights
VPS,ATL,402.489,64.450,,openflights
VQS,STX,80.490,40.890,,openflights
VRN,CGN,668.554,83.919,,openflights
VRN,HAM,917.941,102.166,,openflights
VRN,MAN,1296.759,129.885,,openflights
VSA,MID,465.368,69.051,,openflights
VST,STN,1330.799,132.376,,openflights
VTE,ZVK,282.415,55.665,,openflights
VUS,CEE,487.516,70.672,,openflights
VVI,GRU,1848.916,170.287,,openflights
VVI,SRE,273.138,54.986,,openflights
VXC,TET,360.089,61.348,,openflights
VXO,BMA,329.014,59.074,,openflights
WAA,KTS,81.860,40.990,,openflights
WAW,BCN,1869.689,171.806,,openflights
WAW,BRU,1146.202,118.868,,openflights
WAW,DSA,1478.019,143.148,,openflights
WAW,EVN,2228.870,198.088,,openflights
WAW,GDN,296.857,56.721,,openflights
WAW,GSE,850.711,97.247,,openflights
WAW,LWO,334.958,59.509,,openflights
WAW,TBS,2148.131,192.180,,openflights
WBQ,FAI,173.261,47.678,,openflights
WIL,LKG,672.802,84.229,,openflights
WIL,UAS,220.953,51.167,,openflights
WJR,HGA,971.948,106.118,,openflights
WKJ,CTS,292.461,56.400,,openflights
WLG,HLZ,387.428,63.348,,openflights
WLG,MEL,2589.464,224.473,,openflights
WLG,TUO,307.624,57.509,,openflights
WLH,SON,51.526,38.770,,openflights
WMI,BLQ,1116.478,116.693,,openflights
WMI,BRS,1600.263,152.092,,openflights
WMI,MRS,1519.163,146.158,,openflights
WMI,NYO,742.499,89.329,,openflights
WMI,PSA,1235.023,125.368,,openflights
WNN,SUR,54.299,38.973,,openflights
WNZ,HAK,1378.173,135.842,,openflights
WNZ,HRB,2026.006,183.244,,openflights
WNZ,KHN,495.826,71.280,,openflights
WNZ,SHA,368.339,61.952,,openflights
WNZ,SJW,1286.794,129.156,,openflights
WNZ,SZX,918.850,102.233,,openflights
WNZ,TAO,929.998,103.049,,openflights
WRL,CYS,404.562,64.602,,openflights
WRO,CHQ,1826.225,168.626,,openflights
WRO,GRO,1483.824,143.572,,openflights
WRO,LPL,1362.565,134.700,,openflights
WRO,WMI,299.298,56.900,,openflights
WRY,KOI,43.719,38.199,,openflights
WUH,ENH,455.154,68.304,,openflights
WUH,KHH,1097.241,115.286,,openflights
WUH,KHN,268.625,54.655,,openflights
WUH,LHW,1167.890,120.455,,openflights
WUH,LJG,1434.533,139.966,,openflights
WUH,SHE,1464.120,142.131,,openflights
WUH,SZX,906.483,101.328,,openflights
WUH,TYN,787.718,92.638,,openflights
WUH,WUX,597.238,78.700,,openflights
WUH,XIY,653.301,82.803,,openflights
WUH,YNT,987.612,107.264,,openflights
WUH,YTY,557.778,75.813,,openflights
WUH,ZYI,784.405,92.395,,openflights
WUS,TAO,978.138,106.571,,openflights
WUX,CAN,1142.387,118.589,,openflights
WUX,CSX,786.199,92.527,,openflights
WUX,CTU,1572.162,150.036,,openflights
WUX,MFM,1240.198,125.746,,openflights
WUZ,NNG,328.593,59.043,,openflights
WXN,PVG,1274.681,128.269,,openflights
XCR,RAK,2167.423,193.592,,openflights
XIL,HET,481.245,70.213,,openflights
XIY,CAN,1306.010,130.562,,openflights
XIY,CGQ,1798.369,166.588,,openflights
XIY,ENY,254.074,53.591,,openflights
XIY,GXH,560.170,75.988,,openflights
XIY,HFE,849.033,97.124,,openflights
XIY,HRB,1932.488,176.402,,openflights
XIY,ICN,1625.461,153.936,,openflights
XIY,JGN,1100.256,115.507,,openflights
XIY,LZO,698.537,86.112,,openflights
XIY,PUS,1841.479,169.742,,openflights
XIY,SJW,681.700,84.880,,openflights
XIY,TNA,809.992,94.268,,openflights
XIY,TXN,1036.748,110.860,,openflights
XIY,YNZ,1061.909,112.701,,openflights
XIY,YZY,867.789,98.497,,openflights
XKH,VTE,174.193,47.746,,openflights
XKS,YTL,88.807,41.498,,openflights
XMH,RGI,180.538,48.210,,openflights
XMN,CKG,1273.043,128.149,,openflights
XMN,HKG,496.476,71.328,,openflights
XMN,TXN,577.163,77.231,,openflights
XNA,IAH,706.830,86.719,,openflights
XRY,MAD,467.780,69.228,,openflights
XRY,SXF,2315.034,204.393,,openflights
XUZ,SZX,1321.308,131.681,,openflights
YAC,YXL,179.480,48.133,,openflights
YAG,YQK,142.826,45.451,,openflights
YAM,YTZ,511.942,72.459,,openflights
YAY,YYT,483.511,70.379,,openflights
YBL,YVR,172.418,47.616,,openflights
YBX,YYR,303.047,57.174,,openflights
YCG,YYC,326.929,58.922,,openflights
YCO,YHI,343.830,60.158,,openflights
YCS,YRT,91.677,41.708,,openflights
YCU,PVG,1095.359,115.148,,openflights
YCU,TYN,325.498,58.817,,openflights
YCU,URC,2234.182,198.477,,openflights
YEG,DEN,1640.005,155.000,,openflights
YEG,IAH,2984.455,253.375,,openflights
YEG,LAS,1919.749,175.469,,openflights
YEG,PSP,2178.414,194.396,,openflights
YEG,YQQ,877.539,99.210,,openflights
YEG,YXJ,562.507,76.159,,openflights
YEK,YRT,216.559,50.846,,openflights
YER,YAX,270.142,54.767,,openflights
YER,YTL,282.891,55.699,,openflights
YFB,YTE,391.919,63.677,,openflights
YGJ,UKB,204.618,49.972,,openflights
YGV,YPN,69.216,40.065,,openflights
YGX,YWG,736.386,88.882,,openflights
YHP,YRL,120.661,43.829,,openflights
YHY,YEG,847.694,97.026,,openflights
YHZ,DCA,1303.041,130.344,,openflights
YHZ,FSP,605.448,79.301,,openflights
YHZ,PHL,1111.518,116.331,,openflights
YHZ,PUJ,2960.363,251.612,,openflights
YHZ,YCL,407.788,64.838,,openflights
YHZ,YOW,954.804,104.864,,openflights
YHZ,YQX,814.443,94.593,,openflights
YHZ,YSJ,193.099,49.129,,openflights
YIF,YBX,105.543,42.723,,openflights
YIH,XMN,935.794,103.473,,openflights
YIK,AKV,178.159,48.036,,openflights
YIK,YZG,119.677,43.757,,openflights
YIW,PEK,1234.311,125.315,,openflights
YIW,URC,3295.425,276.129,,openflights
YKG,YVP,232.766,52.032,,openflights
YKQ,YMT,353.251,60.848,,openflights
YKQ,YNS,182.818,48.377,,openflights
YKS,CYX,1611.856,152.941,,openflights
YKS,HRB,1845.203,170.015,,openflights
YKS,IKS,1068.604,113.191,,openflights
YKS,KHV,1545.544,148.089,,openflights
YKU,YKQ,259.560,53.992,,openflights
YKU,YNC,88.583,41.482,,openflights
YKU,YVO,644.523,82.160,,openflights
YLL,YYC,363.096,61.568,,openflights
YLW,SEA,352.050,60.760,,openflights
YLW,YYJ,327.570,58.969,,openflights
YMM,YPY,235.138,52.205,,openflights
YMM,YQF,526.262,73.507,,openflights
YMN,YHO,77.884,40.699,,openflights
YMN,YRG,110.245,43.067,,openflights
YNB,JED,296.033,56.661,,openflights
YNJ,PVG,1469.771,142.544,,openflights
YNJ,TAO,1069.580,113.262,,openflights
YNS,YKQ,182.818,48.377,,openflights
YNT,HGH,802.192,93.697,,openflights
YNT,HKG,1824.145,168.474,,openflights
YNT,HRB,999.878,108.162,,openflights
YNT,ICN,448.449,67.813,,openflights
YNT,SHE,504.798,71.936,,openflights
YNT,SJW,594.101,78.471,,openflights
YNY,PVG,992.514,107.623,,openflights
YNZ,HRB,1450.988,141.170,,openflights
YOP,YEG,680.604,84.800,,openflights
YOW,DTW,706.902,86.725,,openflights
YOW,IAD,724.287,87.997,,openflights
YOW,YHZ,954.804,104.864,,openflights
YOW,YVR,3551.976,294.901,,openflights
YPJ,YKG,84.269,41.166,,openflights
YPL,YQT,347.755,60.446,,openflights
YPN,YZV,147.621,45.802,,openflights
YQB,PUJ,3150.533,265.527,,openflights
YQB,YVB,468.288,69.265,,openflights
YQD,YFO,87.428,41.397,,openflights
YQF,YLW,455.993,68.365,,openflights
YQG,YTZ,326.328,58.878,,openflights
YQK,YHD,116.265,43.507,,openflights
YQL,YYC,186.275,48.630,,openflights
YQM,EWR,974.033,106.271,,openflights
YQM,YHM,1248.254,126.336,,openflights
YQR,LAS,1803.626,166.973,,openflights
YQT,YAG,304.757,57.299,,openflights
YRL,YPM,84.634,41.193,,openflights
YRL,YVZ,177.636,47.998,,openflights
YRL,ZSJ,224.197,51.405,,openflights
YSB,YAM,284.120,55.789,,openflights
YSB,YTS,220.536,51.137,,openflights
YSB,YYZ,340.332,59.902,,openflights
YTL,YER,282.891,55.699,,openflights
YTQ,YPJ,72.846,40.330,,openflights
YTS,YSB,220.536,51.137,,openflights
YTY,CAN,1198.257,122.677,,openflights
YTY,CGO,586.538,77.917,,openflights
YTY,SZX,1247.054,126.248,,openflights
YTY,WUH,557.778,75.813,,openflights
YTZ,YAM,511.942,72.459,,openflights
YUL,AMS,5503.135,437.668,,openflights
YUL,IAH,2548.785,221.496,,openflights
YUL,NCE,6128.786,483.448,,openflights
YUL,TLS,5727.748,454.104,,openflights
YUL,VRA,2590.070,224.517,,openflights
YUL,YMT,481.901,70.261,,openflights
YUL,YVO,420.924,65.799,,openflights
YUL,YZV,767.717,91.174,,openflights
YUM,LAX,381.150,62.889,,openflights
YUM,PHX,256.771,53.788,,openflights
YUY,YUL,492.466,71.034,,openflights
YVO,YUY,79.961,40.851,,openflights
YVP,XGR,157.437,46.520,,openflights
YVP,YPH,565.157,76.353,,openflights
YVP,YPX,550.447,75.277,,openflights
YVQ,ZFN,70.711,40.174,,openflights
YVR,AMS,7707.258,598.946,,openflights
YVR,HNL,4353.583,353.555,,openflights
YVR,IAH,3169.365,266.905,,openflights
YVR,PEK,8492.310,656.389,,openflights
YVR,PHX,1980.399,179.907,,openflights
YVR,PVG,9016.081,694.713,,openflights
YVR,SEA,204.522,49.965,,openflights
YVR,YOW,3551.976,294.901,,openflights
YVR,YPW,118.723,43.687,,openflights
YVR,YXC,537.386,74.321,,openflights
YVR,YYD,683.053,84.980,,openflights
YWG,LAS,2107.538,189.210,,openflights
YWG,YQK,206.694,50.124,,openflights
YWG,YQR,531.836,73.915,,openflights
YWG,YVR,1863.885,171.382,,openflights
YWK,YYR,431.775,66.593,,openflights
YWK,YYY,488.815,70.767,,openflights
YWL,YVR,341.772,60.008,,openflights
YXC,YVR,537.386,74.321,,openflights
YXC,YYC,208.688,50.270,,openflights
YXJ,YYC,720.811,87.742,,openflights
YXL,XKS,440.491,67.231,,openflights
YXS,YKA,385.569,63.212,,openflights
YXS,YXJ,288.851,56.135,,openflights
YXS,YXT,389.006,63.464,,openflights
YXS,YYC,661.784,83.423,,openflights
YXS,YYD,309.754,57.665,,openflights
YXS,YYE,550.104,75.252,,openflights
YXU,YYZ,142.326,45.414,,openflights
YXX,YYC,638.554,81.723,,openflights
YYC,DFW,2451.197,214.356,,openflights
YYC,MCO,3711.125,306.546,,openflights
YYC,PHX,1972.619,179.338,,openflights
YYC,SJD,3131.239,264.115,,openflights
YYC,VRA,4190.629,341.631,,openflights
YYC,YHM,2696.488,232.304,,openflights
YYC,YLL,363.096,61.568,,openflights
YYC,YLW,399.858,64.258,,openflights
YYC,YQR,661.666,83.415,,openflights
YYC,YVR,686.371,85.222,,openflights
YYC,YWG,1191.427,122.178,,openflights
YYC,YYJ,726.989,88.194,,openflights
YYH,YHK,135.629,44.924,,openflights
YYH,YZF,1218.238,124.139,,openflights
YYJ,SFO,1229.176,124.940,,openflights
YYJ,YYZ,3370.262,281.605,,openflights
YYR,YSO,181.804,48.303,,openflights
YYT,YQX,198.866,49.551,,openflights
YYT,YYR,833.789,96.009,,openflights
YYY,YZV,227.980,51.681,,openflights
YYZ,AZS,2866.658,244.755,,openflights
YYZ,BCN,6417.690,504.587,,openflights
YYZ,BNA,1031.948,110.508,,openflights
YYZ,CMH,490.176,70.867,,openflights
YYZ,CVG,664.246,83.603,,openflights
YYZ,GCM,2716.203,233.747,,openflights
YYZ,LGA,573.155,76.938,,openflights
YYZ,LIR,3722.688,307.392,,openflights
YYZ,MKE,673.409,84.274,,openflights
YYZ,MSP,1088.938,114.678,,openflights
YYZ,OPO,5642.232,447.846,,openflights
YYZ,ORD,700.353,86.245,,openflights
YYZ,PUJ,2984.307,253.364,,openflights
YYZ,PVG,11414.356,870.197,,openflights
YYZ,SAN,3465.037,288.539,,openflights
YYZ,SCL,8616.714,665.491,,openflights
YYZ,STL,1051.028,111.904,,openflights
YYZ,YDF,1803.654,166.975,,openflights
YYZ,YQR,2027.778,183.374,,openflights
YYZ,YVR,3345.512,279.794,,openflights
YYZ,YXE,2209.901,196.700,,openflights
YYZ,YYG,1327.927,132.165,,openflights
YZF,YYC,1262.193,127.356,,openflights
YZV,YPN,147.621,45.802,,openflights
YZV,YUL,767.717,91.174,,openflights
YZZ,YVR,405.878,64.698,,openflights
ZAD,BLL,1365.996,134.951,,openflights
ZAD,BVA,1167.554,120.431,,openflights
ZAD,FDH,600.468,78.937,,openflights
ZAD,GSE,1538.517,147.574,,openflights
ZAD,WAW,987.533,107.259,,openflights
ZAG,BUD,307.684,57.513,,openflights
ZAG,IST,1135.342,118.074,,openflights
ZAG,RJK,130.651,44.560,,openflights
ZAG,SKP,612.112,79.789,,openflights
ZAG,TXL,784.359,92.392,,openflights
ZGS,YHR,77.532,40.673,,openflights
ZGU,MTV,62.855,39.599,,openflights
ZIG,DKR,275.733,55.176,,openflights
ZKE,YFA,9.111,35.667,,openflights
ZKG,ZGS,42.315,38.096,,openflights
ZQN,SYD,1938.921,176.872,,openflights
ZQW,LPA,3060.988,258.975,,openflights
ZQW,TFS,3115.369,262.954,,openflights
ZRH,ALC,1260.382,127.223,,openflights
ZRH,CMN,2070.938,186.532,,openflights
ZRH,DXB,4767.913,383.872,,openflights
ZRH,FCO,694.027,85.782,,openflights
ZRH,FMO,522.951,73.265,,openflights
ZRH,FNC,2688.086,231.689,,openflights
ZRH,HAJ,561.465,76.083,,openflights
ZRH,HER,1926.644,175.974,,openflights
ZRH,JER,816.758,94.763,,openflights
ZRH,KBP,1657.699,156.295,,openflights
ZRH,LCY,759.702,90.588,,openflights
ZRH,TGD,1014.737,109.249,,openflights
ZRH,TRN,261.031,54.100,,openflights
ZRH,VCE,363.571,61.603,,openflights
ZRH,VLC,1146.185,118.867,,openflights
ZRH,ZAG,605.232,79.285,,openflights
ZRJ,YAC,139.652,45.218,,openflights
ZSE,MRU,254.699,53.637,,openflights
ZTB,ZLT,33.560,37.456,,openflights
ZTH,CRL,1919.680,175.464,,openflights
ZUH,CTU,1337.486,132.865,,openflights
ZUH,HFE,1153.990,119.438,,openflights
ZUH,SYX,583.708,77.710,,openflights
ZUH,XMN,561.380,76.077,,openflights
ZYI,WUH,784.405,92.395,,openflights
ZYI,XIY,780.535,92.112,,openflights
